{
  "model": {
    "model_name": "wideresnet_4B",
    "num_layers": 18,
    "parameters": {
      "total_parameters_bytes": 15928051600,
      "parameters_per_layer_bytes": [
        381440,
        50846720,
        49187840,
        49187840,
        236042240,
        196679680,
        196679680,
        196679680,
        943943680,
        786575360,
        786575360,
        786575360,
        786575360,
        786575360,
        3775324160,
        3146014720,
        3146014720,
        8192400
      ],
      "activation_parameters_bytes": [
        293601280,
        692060160,
        524288000,
        524288000,
        440401920,
        262144000,
        262144000,
        262144000,
        220200960,
        131072000,
        131072000,
        131072000,
        131072000,
        131072000,
        110100480,
        65536000,
        65536000,
        21073920
      ]
    }
  },
  "execution_time": {
    "total_time_ms": 643.7762413066604,
    "forward_backward_time_ms": 415.34272143735325,
    "batch_generator_time_ms": 9.723013263609667,
    "layernorm_grads_all_reduce_time_ms": null,
    "embedding_grads_all_reduce_time_ms": null,
    "optimizer_time_ms": 218.71050660569745,
    "layer_compute_total_ms": [
      0.6015889315007402,
      7.762060070883389,
      7.1879421597453605,
      7.190825736402023,
      11.572937749036651,
      7.5207861492522285,
      7.51332406920178,
      7.609010387724784,
      47.12728384144134,
      34.12382792627332,
      34.11414263063263,
      33.97729380563665,
      33.65255024521109,
      33.666307767427995,
      108.09932359665875,
      16.667513316222482,
      16.69203472382189,
      0.2639683302801638
    ]
  },
  "execution_memory": {
    "total_memory_mb": 83164.0,
    "layer_memory_total_mb": [
      21.455089569091797,
      273.9648895263672,
      267.6367530822754,
      267.6367530822754,
      940.4297332763672,
      790.2734718322754,
      790.2734718322754,
      790.2734718322754,
      3620.859420776367,
      3020.5469093322754,
      3020.5469093322754,
      3020.5469093322754,
      3020.5469093322754,
      3020.5469093322754,
      14411.718795776367,
      12011.093784332275,
      12011.093784332275,
      31.30036163330078
    ]
  }
}