{
  "model": {
    "model_name": "wide_resnet_4B",
    "num_layers": 18,
    "parameters": {
      "total_parameters_bytes": 15930478480,
      "parameters_per_layer_bytes": [
        386560,
        50903040,
        49223680,
        49223680,
        236154880,
        196751360,
        196751360,
        196751360,
        944168960,
        786718720,
        786718720,
        786718720,
        786718720,
        786718720,
        3775774720,
        3146301440,
        3146301440,
        8192400
      ],
      "activation_parameters_bytes": [
        2949120,
        7208960,
        5242880,
        5242880,
        4587520,
        2621440,
        2621440,
        2621440,
        2293760,
        1310720,
        1310720,
        1310720,
        1310720,
        1310720,
        1146880,
        655360,
        655360,
        164640
      ]
    }
  },
  "execution_time": {
    "total_time_ms": 102.80676365105175,
    "forward_backward_time_ms": 31.752169920036273,
    "batch_generator_time_ms": 0.1382757310931675,
    "layernorm_grads_all_reduce_time_ms": null,
    "embedding_grads_all_reduce_time_ms": null,
    "optimizer_time_ms": 70.91631799992233,
    "layer_compute_total_ms": [
      0.10102656131501142,
      0.43086778471231313,
      0.33502087619451476,
      0.33933725352552563,
      0.6674985895291365,
      0.587808931290933,
      0.5716750127806951,
      0.5735882178679539,
      1.730214020193372,
      1.6672649064686835,
      1.676317632979128,
      1.6685131561292734,
      1.6652000448806055,
      1.7066489331429884,
      8.555479841911987,
      4.677879765425381,
      4.674974960140457,
      0.12285343154831237
    ]
  },
  "execution_memory": {
    "total_memory_mb": 79126.0,
    "layer_memory_total_mb": [
      3.043956756591797,
      197.0947723388672,
      189.9267921447754,
      189.9267921447754,
      902.6269989013672,
      751.5722999572754,
      751.5722999572754,
      751.5722999572754,
      3602.441452026367,
      3001.5039405822754,
      3001.5039405822754,
      3001.5039405822754,
      3001.5039405822754,
      3001.5039405822754,
      14402.69538116455,
      12001.718807220459,
      12001.640682220459,
      31.32965850830078
    ]
  }
}