{
  "model": {
    "model_name": "wideresnet_4B",
    "num_layers": 18,
    "parameters": {
      "total_parameters_bytes": 15928051600,
      "parameters_per_layer_bytes": [
        381440,
        50846720,
        49187840,
        49187840,
        236042240,
        196679680,
        196679680,
        196679680,
        943943680,
        786575360,
        786575360,
        786575360,
        786575360,
        786575360,
        3775324160,
        3146014720,
        3146014720,
        8192400
      ],
      "activation_parameters_bytes": [
        4587520,
        10813440,
        8192000,
        8192000,
        6881280,
        4096000,
        4096000,
        4096000,
        3440640,
        2048000,
        2048000,
        2048000,
        2048000,
        2048000,
        1720320,
        1024000,
        1024000,
        329280
      ]
    }
  },
  "execution_time": {
    "total_time_ms": 158.63739537557208,
    "forward_backward_time_ms": 42.696076327466756,
    "batch_generator_time_ms": 0.15209397149474146,
    "layernorm_grads_all_reduce_time_ms": null,
    "embedding_grads_all_reduce_time_ms": null,
    "optimizer_time_ms": 115.7892250766106,
    "layer_compute_total_ms": [
      0.06394071392235307,
      0.3299345504747289,
      0.2733083462457376,
      0.2735999933626978,
      0.6744747885668245,
      0.6520529582149247,
      0.6500230942808817,
      0.6508280403236918,
      1.8710912435698244,
      2.167206394361849,
      2.1508158263886865,
      2.1442129356607076,
      2.1394065911732034,
      2.1317421049394896,
      8.812210966029706,
      8.862502594878324,
      8.719140538065371,
      0.12958464700775368
    ]
  },
  "execution_memory": {
    "total_memory_mb": 79094.0,
    "layer_memory_total_mb": [
      1.7675895690917969,
      195.2148895263672,
      188.8867530822754,
      188.8867530822754,
      901.0547332763672,
      750.8984718322754,
      750.8984718322754,
      750.8984718322754,
      3601.171920776367,
      3000.8594093322754,
      3000.8594093322754,
      3000.8594093322754,
      3000.8594093322754,
      3000.8594093322754,
      14401.875045776367,
      12001.250034332275,
      12001.250034332275,
      31.252296447753906
    ]
  }
}