{
  "model": {
    "model_name": "wideresnet_4B",
    "num_layers": 18,
    "parameters": {
      "total_parameters_bytes": 15928051600,
      "parameters_per_layer_bytes": [
        381440,
        50846720,
        49187840,
        49187840,
        236042240,
        196679680,
        196679680,
        196679680,
        943943680,
        786575360,
        786575360,
        786575360,
        786575360,
        786575360,
        3775324160,
        3146014720,
        3146014720,
        8192400
      ],
      "activation_parameters_bytes": [
        73400320,
        173015040,
        131072000,
        131072000,
        110100480,
        65536000,
        65536000,
        65536000,
        55050240,
        32768000,
        32768000,
        32768000,
        32768000,
        32768000,
        27525120,
        16384000,
        16384000,
        5268480
      ]
    }
  },
  "execution_time": {
    "total_time_ms": 388.6201433012939,
    "forward_backward_time_ms": 167.668778458854,
    "batch_generator_time_ms": 2.530360528257239,
    "layernorm_grads_all_reduce_time_ms": null,
    "embedding_grads_all_reduce_time_ms": null,
    "optimizer_time_ms": 218.4210043141827,
    "layer_compute_total_ms": [
      0.1767346334072244,
      2.262242929276457,
      2.073929965171487,
      2.071992906043347,
      5.397219043922155,
      3.4449936232902796,
      3.491681150685562,
      3.424104201556134,
      15.895265073125504,
      11.96961664162995,
      12.00245859866614,
      12.022247418622934,
      12.00424157354545,
      12.017867023549071,
      41.09473141552482,
      14.075684178700122,
      13.970026408074306,
      0.2737416740630518
    ]
  },
  "execution_memory": {
    "total_memory_mb": 77410.0,
    "layer_memory_total_mb": [
      6.455089569091797,
      213.9648895263672,
      207.6367530822754,
      207.6367530822754,
      910.4297332763672,
      760.2734718322754,
      760.2734718322754,
      760.2734718322754,
      3605.859420776367,
      3005.5469093322754,
      3005.5469093322754,
      3005.5469093322754,
      3005.5469093322754,
      3005.5469093322754,
      14404.218795776367,
      12003.593784332275,
      12003.593784332275,
      31.26374053955078
    ]
  }
}