{
  "model": {
    "model_name": "wideresnet_4B",
    "num_layers": 18,
    "parameters": {
      "total_parameters_bytes": 15928051600,
      "parameters_per_layer_bytes": [
        381440,
        50846720,
        49187840,
        49187840,
        236042240,
        196679680,
        196679680,
        196679680,
        943943680,
        786575360,
        786575360,
        786575360,
        786575360,
        786575360,
        3775324160,
        3146014720,
        3146014720,
        8192400
      ],
      "activation_parameters_bytes": [
        18350080,
        43253760,
        32768000,
        32768000,
        27525120,
        16384000,
        16384000,
        16384000,
        13762560,
        8192000,
        8192000,
        8192000,
        8192000,
        8192000,
        6881280,
        4096000,
        4096000,
        1317120
      ]
    }
  },
  "execution_time": {
    "total_time_ms": 175.38886499008862,
    "forward_backward_time_ms": 59.15768953832119,
    "batch_generator_time_ms": 0.423483279710881,
    "layernorm_grads_all_reduce_time_ms": null,
    "embedding_grads_all_reduce_time_ms": null,
    "optimizer_time_ms": 115.80769217205653,
    "layer_compute_total_ms": [
      0.06679885566856297,
      0.46838526983807255,
      0.42658640503533746,
      0.4253381553747478,
      1.1708231839790404,
      0.7650253854406256,
      0.7659353244455415,
      0.7627972014670498,
      4.181613031205914,
      3.6538250765853886,
      3.9159925029632467,
      3.630061669495472,
      3.5934074598359147,
      3.5735987876519784,
      11.16154515199086,
      10.245726541197135,
      10.190920214977975,
      0.1593093211683367
    ]
  },
  "execution_memory": {
    "total_memory_mb": 79109.2,
    "layer_memory_total_mb": [
      2.705089569091797,
      198.9648895263672,
      192.6367530822754,
      192.6367530822754,
      902.9297332763672,
      752.7734718322754,
      752.7734718322754,
      752.7734718322754,
      3602.109420776367,
      3001.7969093322754,
      3001.7969093322754,
      3001.7969093322754,
      3001.7969093322754,
      3001.7969093322754,
      14402.343795776367,
      12001.718784332275,
      12001.718784332275,
      31.25458526611328
    ]
  }
}