{
  "model": {
    "model_name": "wideresnet_4B",
    "num_layers": 18,
    "parameters": {
      "total_parameters_bytes": 15928051600,
      "parameters_per_layer_bytes": [
        381440,
        50846720,
        49187840,
        49187840,
        236042240,
        196679680,
        196679680,
        196679680,
        943943680,
        786575360,
        786575360,
        786575360,
        786575360,
        786575360,
        3775324160,
        3146014720,
        3146014720,
        8192400
      ],
      "activation_parameters_bytes": [
        18350080,
        43253760,
        32768000,
        32768000,
        27525120,
        16384000,
        16384000,
        16384000,
        13762560,
        8192000,
        8192000,
        8192000,
        8192000,
        8192000,
        6881280,
        4096000,
        4096000,
        1317120
      ]
    }
  },
  "execution_time": {
    "total_time_ms": 716.8931484222412,
    "forward_backward_time_ms": 241.80407524108887,
    "batch_generator_time_ms": 1.730966567993164,
    "layernorm_grads_all_reduce_time_ms": null,
    "embedding_grads_all_reduce_time_ms": null,
    "optimizer_time_ms": 473.3581066131592,
    "layer_compute_total_ms": [
      0.2730369567871094,
      1.9145011901855469,
      1.7436504364013672,
      1.7385482788085938,
      4.785680770874023,
      3.127002716064453,
      3.1307220458984375,
      3.1178951263427734,
      17.092132568359375,
      14.934825897216797,
      16.00642204284668,
      14.83769416809082,
      14.687871932983398,
      14.606904983520508,
      45.62225341796875,
      41.87889099121094,
      41.65487289428711,
      0.6511688232421875
    ]
  },
  "execution_memory": {
    "total_memory_mb": 79109.2,
    "layer_memory_total_mb": [
      2.705089569091797,
      198.9648895263672,
      192.6367530822754,
      192.6367530822754,
      902.9297332763672,
      752.7734718322754,
      752.7734718322754,
      752.7734718322754,
      3602.109420776367,
      3001.7969093322754,
      3001.7969093322754,
      3001.7969093322754,
      3001.7969093322754,
      3001.7969093322754,
      14402.343795776367,
      12001.718784332275,
      12001.718784332275,
      31.25458526611328
    ]
  }
}