{
  "model": {
    "model_name": "wideresnet_4B",
    "num_layers": 18,
    "parameters": {
      "total_parameters_bytes": 15928051600,
      "parameters_per_layer_bytes": [
        381440,
        50846720,
        49187840,
        49187840,
        236042240,
        196679680,
        196679680,
        196679680,
        943943680,
        786575360,
        786575360,
        786575360,
        786575360,
        786575360,
        3775324160,
        3146014720,
        3146014720,
        8192400
      ],
      "activation_parameters_bytes": [
        2348810240,
        5536481280,
        4194304000,
        4194304000,
        3523215360,
        2097152000,
        2097152000,
        2097152000,
        1761607680,
        1048576000,
        1048576000,
        1048576000,
        1048576000,
        1048576000,
        880803840,
        524288000,
        524288000,
        168591360
      ]
    }
  },
  "execution_time": {
    "total_time_ms": 1415.2983403689968,
    "forward_backward_time_ms": 1121.199451567256,
    "batch_generator_time_ms": 75.25331634592693,
    "layernorm_grads_all_reduce_time_ms": null,
    "embedding_grads_all_reduce_time_ms": null,
    "optimizer_time_ms": 218.8455724558141,
    "layer_compute_total_ms": [
      4.252989412115661,
      56.58292791527882,
      54.07318165831139,
      54.08819386655448,
      75.6066535405281,
      60.366840849886955,
      59.956074254543545,
      60.24898841156808,
      93.59929139668269,
      62.82459467889226,
      63.67091342160505,
      63.81870222826791,
      63.8847163228735,
      64.31480948542722,
      120.18729895342516,
      81.97376689472415,
      80.9651093898519,
      0.784398886718949
    ]
  },
  "execution_memory": {
    "total_memory_mb": 99908.0,
    "layer_memory_total_mb": [
      161.4550895690918,
      833.9648895263672,
      827.6367530822754,
      827.6367530822754,
      1220.4297332763672,
      1070.2734718322754,
      1070.2734718322754,
      1070.2734718322754,
      3760.859420776367,
      3160.5469093322754,
      3160.5469093322754,
      3160.5469093322754,
      3160.5469093322754,
      3160.5469093322754,
      14481.718795776367,
      12081.093784332275,
      12081.093784332275,
      31.64215850830078
    ]
  }
}