{
  "model": {
    "model_name": "wideresnet_4B",
    "num_layers": 18,
    "parameters": {
      "total_parameters_bytes": 15928051600,
      "parameters_per_layer_bytes": [
        381440,
        50846720,
        49187840,
        49187840,
        236042240,
        196679680,
        196679680,
        196679680,
        943943680,
        786575360,
        786575360,
        786575360,
        786575360,
        786575360,
        3775324160,
        3146014720,
        3146014720,
        8192400
      ],
      "activation_parameters_bytes": [
        1174405120,
        2768240640,
        2097152000,
        2097152000,
        1761607680,
        1048576000,
        1048576000,
        1048576000,
        880803840,
        524288000,
        524288000,
        524288000,
        524288000,
        524288000,
        440401920,
        262144000,
        262144000,
        84295680
      ]
    }
  },
  "execution_time": {
    "total_time_ms": 451.8815486164714,
    "forward_backward_time_ms": 316.59156654906855,
    "batch_generator_time_ms": 19.215234463288155,
    "layernorm_grads_all_reduce_time_ms": null,
    "embedding_grads_all_reduce_time_ms": null,
    "optimizer_time_ms": 116.07474760411465,
    "layer_compute_total_ms": [
      1.1547242631228376,
      15.374411088250227,
      14.375974682164019,
      14.659898983467107,
      21.321877417342048,
      15.534152047151665,
      15.514588358545973,
      15.441956560538207,
      26.105228446144913,
      18.663292294440982,
      18.637277371608132,
      18.651101444952047,
      18.643728605835292,
      17.890882403998926,
      43.19265804057254,
      20.616966335649256,
      20.593121267366595,
      0.21972693791781062
    ]
  },
  "execution_memory": {
    "total_memory_mb": 92882.0,
    "layer_memory_total_mb": [
      81.4550895690918,
      513.9648895263672,
      507.6367530822754,
      507.6367530822754,
      1060.4297332763672,
      910.2734718322754,
      910.2734718322754,
      910.2734718322754,
      3680.859420776367,
      3080.5469093322754,
      3080.5469093322754,
      3080.5469093322754,
      3080.5469093322754,
      3080.5469093322754,
      14441.718795776367,
      12041.093784332275,
      12041.093784332275,
      31.44684600830078
    ]
  }
}