{
  "model": {
    "model_name": "wide_resnet_4B",
    "num_layers": 18,
    "parameters": {
      "total_parameters_bytes": 15930478480,
      "parameters_per_layer_bytes": [
        386560,
        50903040,
        49223680,
        49223680,
        236154880,
        196751360,
        196751360,
        196751360,
        944168960,
        786718720,
        786718720,
        786718720,
        786718720,
        786718720,
        3775774720,
        3146301440,
        3146301440,
        8192400
      ],
      "activation_parameters_bytes": [
        2949120,
        7208960,
        5242880,
        5242880,
        4587520,
        2621440,
        2621440,
        2621440,
        2293760,
        1310720,
        1310720,
        1310720,
        1310720,
        1310720,
        1146880,
        655360,
        655360,
        164640
      ]
    }
  },
  "execution_time": {
    "total_time_ms": 193.98324244985332,
    "forward_backward_time_ms": 59.912292315840475,
    "batch_generator_time_ms": 0.26090865733912455,
    "layernorm_grads_all_reduce_time_ms": null,
    "embedding_grads_all_reduce_time_ms": null,
    "optimizer_time_ms": 133.81004147667375,
    "layer_compute_total_ms": [
      0.19062422783740982,
      0.8129925208945605,
      0.6321416368400387,
      0.6402860899924453,
      1.2594846499308214,
      1.109120435108957,
      1.0786777899473938,
      1.0822877637771091,
      3.264693040124434,
      3.145916096312579,
      3.162997435897086,
      3.148271384116113,
      3.142019966020752,
      3.220228728319403,
      16.143098581349683,
      8.826562109938486,
      8.82108111308727,
      0.23180874634593102
    ]
  },
  "execution_memory": {
    "total_memory_mb": 79126.0,
    "layer_memory_total_mb": [
      3.043956756591797,
      197.0947723388672,
      189.9267921447754,
      189.9267921447754,
      902.6269989013672,
      751.5722999572754,
      751.5722999572754,
      751.5722999572754,
      3602.441452026367,
      3001.5039405822754,
      3001.5039405822754,
      3001.5039405822754,
      3001.5039405822754,
      3001.5039405822754,
      14402.69538116455,
      12001.718807220459,
      12001.640682220459,
      31.32965850830078
    ]
  }
}