{
  "model": {
    "model_name": "wideresnet_4B",
    "num_layers": 18,
    "parameters": {
      "total_parameters_bytes": 15928051600,
      "parameters_per_layer_bytes": [
        381440,
        50846720,
        49187840,
        49187840,
        236042240,
        196679680,
        196679680,
        196679680,
        943943680,
        786575360,
        786575360,
        786575360,
        786575360,
        786575360,
        3775324160,
        3146014720,
        3146014720,
        8192400
      ],
      "activation_parameters_bytes": [
        4587520,
        10813440,
        8192000,
        8192000,
        6881280,
        4096000,
        4096000,
        4096000,
        3440640,
        2048000,
        2048000,
        2048000,
        2048000,
        2048000,
        1720320,
        1024000,
        1024000,
        329280
      ]
    }
  },
  "execution_time": {
    "total_time_ms": 648.422360420227,
    "forward_backward_time_ms": 174.5180606842041,
    "batch_generator_time_ms": 0.6216764450073242,
    "layernorm_grads_all_reduce_time_ms": null,
    "embedding_grads_all_reduce_time_ms": null,
    "optimizer_time_ms": 473.2826232910156,
    "layer_compute_total_ms": [
      0.2613544464111328,
      1.3485908508300781,
      1.1171340942382812,
      1.118326187133789,
      2.7568817138671875,
      2.665233612060547,
      2.6569366455078125,
      2.660226821899414,
      7.647991180419922,
      8.858346939086914,
      8.791351318359375,
      8.764362335205078,
      8.74471664428711,
      8.713388442993164,
      36.01946830749512,
      36.225032806396484,
      35.639047622680664,
      0.5296707153320312
    ]
  },
  "execution_memory": {
    "total_memory_mb": 79094.0,
    "layer_memory_total_mb": [
      1.7675895690917969,
      195.2148895263672,
      188.8867530822754,
      188.8867530822754,
      901.0547332763672,
      750.8984718322754,
      750.8984718322754,
      750.8984718322754,
      3601.171920776367,
      3000.8594093322754,
      3000.8594093322754,
      3000.8594093322754,
      3000.8594093322754,
      3000.8594093322754,
      14401.875045776367,
      12001.250034332275,
      12001.250034332275,
      31.252296447753906
    ]
  }
}