{
  "model": {
    "model_name": "wideresnet_4B",
    "num_layers": 18,
    "parameters": {
      "total_parameters_bytes": 15928051600,
      "parameters_per_layer_bytes": [
        381440,
        50846720,
        49187840,
        49187840,
        236042240,
        196679680,
        196679680,
        196679680,
        943943680,
        786575360,
        786575360,
        786575360,
        786575360,
        786575360,
        3775324160,
        3146014720,
        3146014720,
        8192400
      ],
      "activation_parameters_bytes": [
        36700160,
        86507520,
        65536000,
        65536000,
        55050240,
        32768000,
        32768000,
        32768000,
        27525120,
        16384000,
        16384000,
        16384000,
        16384000,
        16384000,
        13762560,
        8192000,
        8192000,
        2634240
      ]
    }
  },
  "execution_time": {
    "total_time_ms": 194.8709623983377,
    "forward_backward_time_ms": 78.33576232596629,
    "batch_generator_time_ms": 0.7292344512472706,
    "layernorm_grads_all_reduce_time_ms": null,
    "embedding_grads_all_reduce_time_ms": null,
    "optimizer_time_ms": 115.80596562112413,
    "layer_compute_total_ms": [
      0.07227015558273622,
      0.6902703964213885,
      0.6237515219851074,
      0.6252797528779788,
      1.753475794242117,
      1.1033127093450947,
      1.1052842438557455,
      1.0983313765874145,
      7.40998329356977,
      6.595132914667665,
      6.601630812433538,
      6.607662074812275,
      6.561826813910811,
      6.543943012698811,
      16.219592767316193,
      7.326035587423947,
      7.302750481605846,
      0.09522861662984275
    ]
  },
  "execution_memory": {
    "total_memory_mb": 78312.0,
    "layer_memory_total_mb": [
      3.955089569091797,
      203.9648895263672,
      197.6367530822754,
      197.6367530822754,
      905.4297332763672,
      755.2734718322754,
      755.2734718322754,
      755.2734718322754,
      3603.359420776367,
      3003.0469093322754,
      3003.0469093322754,
      3003.0469093322754,
      3003.0469093322754,
      3003.0469093322754,
      14402.968795776367,
      12002.343784332275,
      12002.343784332275,
      31.25763702392578
    ]
  }
}