{
  "model": {
    "model_name": "wideresnet_4B",
    "num_layers": 18,
    "parameters": {
      "total_parameters_bytes": 15928051600,
      "parameters_per_layer_bytes": [
        381440,
        50846720,
        49187840,
        49187840,
        236042240,
        196679680,
        196679680,
        196679680,
        943943680,
        786575360,
        786575360,
        786575360,
        786575360,
        786575360,
        3775324160,
        3146014720,
        3146014720,
        8192400
      ],
      "activation_parameters_bytes": [
        1174405120,
        2768240640,
        2097152000,
        2097152000,
        1761607680,
        1048576000,
        1048576000,
        1048576000,
        880803840,
        524288000,
        524288000,
        524288000,
        524288000,
        524288000,
        440401920,
        262144000,
        262144000,
        84295680
      ]
    }
  },
  "execution_time": {
    "total_time_ms": 1847.0430612564087,
    "forward_backward_time_ms": 1294.0520763397217,
    "batch_generator_time_ms": 78.54130268096924,
    "layernorm_grads_all_reduce_time_ms": null,
    "embedding_grads_all_reduce_time_ms": null,
    "optimizer_time_ms": 474.4496822357178,
    "layer_compute_total_ms": [
      4.719877243041992,
      62.84213066101074,
      58.76107215881348,
      59.92159843444824,
      87.152099609375,
      63.49506378173828,
      63.41509819030762,
      63.11821937561035,
      106.70380592346191,
      76.2852668762207,
      76.1789321899414,
      76.23543739318848,
      76.20530128479004,
      73.12808036804199,
      176.54781341552734,
      84.27081108093262,
      84.1733455657959,
      0.8981227874755859
    ]
  },
  "execution_memory": {
    "total_memory_mb": 92882.0,
    "layer_memory_total_mb": [
      81.4550895690918,
      513.9648895263672,
      507.6367530822754,
      507.6367530822754,
      1060.4297332763672,
      910.2734718322754,
      910.2734718322754,
      910.2734718322754,
      3680.859420776367,
      3080.5469093322754,
      3080.5469093322754,
      3080.5469093322754,
      3080.5469093322754,
      3080.5469093322754,
      14441.718795776367,
      12041.093784332275,
      12041.093784332275,
      31.44684600830078
    ]
  }
}