{
  "model": {
    "model_name": "wideresnet_4B",
    "num_layers": 18,
    "parameters": {
      "total_parameters_bytes": 15928051600,
      "parameters_per_layer_bytes": [
        381440,
        50846720,
        49187840,
        49187840,
        236042240,
        196679680,
        196679680,
        196679680,
        943943680,
        786575360,
        786575360,
        786575360,
        786575360,
        786575360,
        3775324160,
        3146014720,
        3146014720,
        8192400
      ],
      "activation_parameters_bytes": [
        4587520,
        10813440,
        8192000,
        8192000,
        6881280,
        4096000,
        4096000,
        4096000,
        3440640,
        2048000,
        2048000,
        2048000,
        2048000,
        2048000,
        1720320,
        1024000,
        1024000,
        329280
      ]
    }
  },
  "execution_time": {
    "total_time_ms": 299.32851921302574,
    "forward_backward_time_ms": 80.56204700694997,
    "batch_generator_time_ms": 0.28698191344459933,
    "layernorm_grads_all_reduce_time_ms": null,
    "embedding_grads_all_reduce_time_ms": null,
    "optimizer_time_ms": 218.4794902926312,
    "layer_compute_total_ms": [
      0.12064796683335371,
      0.622544389341527,
      0.5156979687961706,
      0.5162482696848467,
      1.2726478471879545,
      1.230340714866534,
      1.226510620681348,
      1.2280294511340941,
      3.5305103813905494,
      4.089241879681193,
      4.058314969737595,
      4.045856157617967,
      4.0367871989725845,
      4.022325291618176,
      16.6275174476335,
      16.722411332876813,
      16.45190542803918,
      0.244509690856576
    ]
  },
  "execution_memory": {
    "total_memory_mb": 79094.0,
    "layer_memory_total_mb": [
      1.7675895690917969,
      195.2148895263672,
      188.8867530822754,
      188.8867530822754,
      901.0547332763672,
      750.8984718322754,
      750.8984718322754,
      750.8984718322754,
      3601.171920776367,
      3000.8594093322754,
      3000.8594093322754,
      3000.8594093322754,
      3000.8594093322754,
      3000.8594093322754,
      14401.875045776367,
      12001.250034332275,
      12001.250034332275,
      31.252296447753906
    ]
  }
}