{
  "model": {
    "model_name": "wideresnet_4B",
    "num_layers": 18,
    "parameters": {
      "total_parameters_bytes": 15928051600,
      "parameters_per_layer_bytes": [
        381440,
        50846720,
        49187840,
        49187840,
        236042240,
        196679680,
        196679680,
        196679680,
        943943680,
        786575360,
        786575360,
        786575360,
        786575360,
        786575360,
        3775324160,
        3146014720,
        3146014720,
        8192400
      ],
      "activation_parameters_bytes": [
        2348810240,
        5536481280,
        4194304000,
        4194304000,
        3523215360,
        2097152000,
        2097152000,
        2097152000,
        1761607680,
        1048576000,
        1048576000,
        1048576000,
        1048576000,
        1048576000,
        880803840,
        524288000,
        524288000,
        168591360
      ]
    }
  },
  "execution_time": {
    "total_time_ms": 3065.8992767333984,
    "forward_backward_time_ms": 2428.805637359619,
    "batch_generator_time_ms": 163.01798820495605,
    "layernorm_grads_all_reduce_time_ms": null,
    "embedding_grads_all_reduce_time_ms": null,
    "optimizer_time_ms": 474.07565116882324,
    "layer_compute_total_ms": [
      9.213066101074219,
      122.5731372833252,
      117.13638305664062,
      117.16890335083008,
      163.7834072113037,
      130.77006340026855,
      129.8802375793457,
      130.5147647857666,
      202.76007652282715,
      136.09418869018555,
      137.92753219604492,
      138.2476806640625,
      138.39068412780762,
      139.3223762512207,
      260.3565216064453,
      177.57620811462402,
      175.39119720458984,
      1.699209213256836
    ]
  },
  "execution_memory": {
    "total_memory_mb": 99908.0,
    "layer_memory_total_mb": [
      161.4550895690918,
      833.9648895263672,
      827.6367530822754,
      827.6367530822754,
      1220.4297332763672,
      1070.2734718322754,
      1070.2734718322754,
      1070.2734718322754,
      3760.859420776367,
      3160.5469093322754,
      3160.5469093322754,
      3160.5469093322754,
      3160.5469093322754,
      3160.5469093322754,
      14481.718795776367,
      12081.093784332275,
      12081.093784332275,
      31.64215850830078
    ]
  }
}