{
  "model": {
    "model_name": "wideresnet_4B",
    "num_layers": 18,
    "parameters": {
      "total_parameters_bytes": 15928051600,
      "parameters_per_layer_bytes": [
        381440,
        50846720,
        49187840,
        49187840,
        236042240,
        196679680,
        196679680,
        196679680,
        943943680,
        786575360,
        786575360,
        786575360,
        786575360,
        786575360,
        3775324160,
        3146014720,
        3146014720,
        8192400
      ],
      "activation_parameters_bytes": [
        146800640,
        346030080,
        262144000,
        262144000,
        220200960,
        131072000,
        131072000,
        131072000,
        110100480,
        65536000,
        65536000,
        65536000,
        65536000,
        65536000,
        55050240,
        32768000,
        32768000,
        10536960
      ]
    }
  },
  "execution_time": {
    "total_time_ms": 474.1973024271049,
    "forward_backward_time_ms": 249.9631726633564,
    "batch_generator_time_ms": 5.59104602293166,
    "layernorm_grads_all_reduce_time_ms": null,
    "embedding_grads_all_reduce_time_ms": null,
    "optimizer_time_ms": 218.64308374081685,
    "layer_compute_total_ms": [
      0.34849454678081665,
      4.102074896405121,
      3.760580176928264,
      3.7658630654595546,
      7.9946832625445605,
      5.922404200039102,
      5.999116143920554,
      5.9654377295335745,
      26.980504162581823,
      19.332620520080958,
      19.272439614895337,
      19.155247537642868,
      19.117496896679686,
      19.12038047333635,
      59.341256089679035,
      14.705250407381156,
      14.780509556916503,
      0.29881338255113604
    ]
  },
  "execution_memory": {
    "total_memory_mb": 80254.0,
    "layer_memory_total_mb": [
      11.455089569091797,
      233.9648895263672,
      227.6367530822754,
      227.6367530822754,
      920.4297332763672,
      770.2734718322754,
      770.2734718322754,
      770.2734718322754,
      3610.859420776367,
      3010.5469093322754,
      3010.5469093322754,
      3010.5469093322754,
      3010.5469093322754,
      3010.5469093322754,
      14406.718795776367,
      12006.093784332275,
      12006.093784332275,
      31.27594757080078
    ]
  }
}