{
  "model": {
    "model_name": "wideresnet_4B",
    "num_layers": 18,
    "parameters": {
      "total_parameters_bytes": 15928051600,
      "parameters_per_layer_bytes": [
        381440,
        50846720,
        49187840,
        49187840,
        236042240,
        196679680,
        196679680,
        196679680,
        943943680,
        786575360,
        786575360,
        786575360,
        786575360,
        786575360,
        3775324160,
        3146014720,
        3146014720,
        8192400
      ],
      "activation_parameters_bytes": [
        293601280,
        692060160,
        524288000,
        524288000,
        440401920,
        262144000,
        262144000,
        262144000,
        220200960,
        131072000,
        131072000,
        131072000,
        131072000,
        131072000,
        110100480,
        65536000,
        65536000,
        21073920
      ]
    }
  },
  "execution_time": {
    "total_time_ms": 341.1869553695376,
    "forward_backward_time_ms": 220.1223180813312,
    "batch_generator_time_ms": 5.152978751895877,
    "layernorm_grads_all_reduce_time_ms": null,
    "embedding_grads_all_reduce_time_ms": null,
    "optimizer_time_ms": 115.91165853631051,
    "layer_compute_total_ms": [
      0.31882862826088476,
      4.11371758237758,
      3.8094479781953483,
      3.8109762090882193,
      6.133397199096285,
      3.9858478204175527,
      3.9818930855115724,
      4.032604686208611,
      24.97640244700814,
      18.08486273443149,
      18.079729745172994,
      18.007202940127332,
      17.835096143466778,
      17.842387321390785,
      57.29021471900168,
      8.833407878490373,
      8.84640367402212,
      0.13989728906346616
    ]
  },
  "execution_memory": {
    "total_memory_mb": 83164.0,
    "layer_memory_total_mb": [
      21.455089569091797,
      273.9648895263672,
      267.6367530822754,
      267.6367530822754,
      940.4297332763672,
      790.2734718322754,
      790.2734718322754,
      790.2734718322754,
      3620.859420776367,
      3020.5469093322754,
      3020.5469093322754,
      3020.5469093322754,
      3020.5469093322754,
      3020.5469093322754,
      14411.718795776367,
      12011.093784332275,
      12011.093784332275,
      31.30036163330078
    ]
  }
}