{
  "model": {
    "model_name": "wideresnet_4B",
    "num_layers": 18,
    "parameters": {
      "total_parameters_bytes": 15928051600,
      "parameters_per_layer_bytes": [
        381440,
        50846720,
        49187840,
        49187840,
        236042240,
        196679680,
        196679680,
        196679680,
        943943680,
        786575360,
        786575360,
        786575360,
        786575360,
        786575360,
        3775324160,
        3146014720,
        3146014720,
        8192400
      ],
      "activation_parameters_bytes": [
        9175040,
        21626880,
        16384000,
        16384000,
        13762560,
        8192000,
        8192000,
        8192000,
        6881280,
        4096000,
        4096000,
        4096000,
        4096000,
        4096000,
        3440640,
        2048000,
        2048000,
        658560
      ]
    }
  },
  "execution_time": {
    "total_time_ms": 300.0637101942793,
    "forward_backward_time_ms": 80.26937498231645,
    "batch_generator_time_ms": 1.1054224131370536,
    "layernorm_grads_all_reduce_time_ms": null,
    "embedding_grads_all_reduce_time_ms": null,
    "optimizer_time_ms": 218.68891279882578,
    "layer_compute_total_ms": [
      0.1654424591715903,
      0.7253405953462273,
      0.6143999361891204,
      0.619594776578223,
      1.5978976844310915,
      1.178084142477849,
      1.174628252896963,
      1.1766753722028382,
      5.018876176939545,
      4.104804388812954,
      4.08010688492917,
      4.059503619657136,
      4.032472840005364,
      4.004143350256317,
      18.003291681359364,
      14.762525723874568,
      14.711567861583157,
      0.24001923560497881
    ]
  },
  "execution_memory": {
    "total_memory_mb": 79119.6,
    "layer_memory_total_mb": [
      2.080089569091797,
      196.4648895263672,
      190.1367530822754,
      190.1367530822754,
      901.6797332763672,
      751.5234718322754,
      751.5234718322754,
      751.5234718322754,
      3601.484420776367,
      3001.1719093322754,
      3001.1719093322754,
      3001.1719093322754,
      3001.1719093322754,
      3001.1719093322754,
      14402.031295776367,
      12001.406284332275,
      12001.406284332275,
      31.25305938720703
    ]
  }
}