{
  "model": {
    "model_name": "wideresnet_4B",
    "num_layers": 18,
    "parameters": {
      "total_parameters_bytes": 15928051600,
      "parameters_per_layer_bytes": [
        381440,
        50846720,
        49187840,
        49187840,
        236042240,
        196679680,
        196679680,
        196679680,
        943943680,
        786575360,
        786575360,
        786575360,
        786575360,
        786575360,
        3775324160,
        3146014720,
        3146014720,
        8192400
      ],
      "activation_parameters_bytes": [
        1174405120,
        2768240640,
        2097152000,
        2097152000,
        1761607680,
        1048576000,
        1048576000,
        1048576000,
        880803840,
        524288000,
        524288000,
        524288000,
        524288000,
        524288000,
        440401920,
        262144000,
        262144000,
        84295680
      ]
    }
  },
  "execution_time": {
    "total_time_ms": 852.6428115314704,
    "forward_backward_time_ms": 597.3678815522032,
    "batch_generator_time_ms": 36.256695116622026,
    "layernorm_grads_all_reduce_time_ms": null,
    "embedding_grads_all_reduce_time_ms": null,
    "optimizer_time_ms": 219.01823486264513,
    "layer_compute_total_ms": [
      2.1788173145531564,
      29.009551587272888,
      27.125629512943494,
      27.661358434087475,
      40.231661513760734,
      29.310962390018574,
      29.274048206406178,
      29.137001273090277,
      49.25723443708005,
      35.215250684802456,
      35.166163845532544,
      35.19224810765579,
      35.17833650119006,
      33.75781179919706,
      81.49903332408103,
      38.901584265830536,
      38.85659166517238,
      0.4145966895285928
    ]
  },
  "execution_memory": {
    "total_memory_mb": 92882.0,
    "layer_memory_total_mb": [
      81.4550895690918,
      513.9648895263672,
      507.6367530822754,
      507.6367530822754,
      1060.4297332763672,
      910.2734718322754,
      910.2734718322754,
      910.2734718322754,
      3680.859420776367,
      3080.5469093322754,
      3080.5469093322754,
      3080.5469093322754,
      3080.5469093322754,
      3080.5469093322754,
      14441.718795776367,
      12041.093784332275,
      12041.093784332275,
      31.44684600830078
    ]
  }
}