{
  "model": {
    "model_name": "wideresnet_4B",
    "num_layers": 18,
    "parameters": {
      "total_parameters_bytes": 15928051600,
      "parameters_per_layer_bytes": [
        381440,
        50846720,
        49187840,
        49187840,
        236042240,
        196679680,
        196679680,
        196679680,
        943943680,
        786575360,
        786575360,
        786575360,
        786575360,
        786575360,
        3775324160,
        3146014720,
        3146014720,
        8192400
      ],
      "activation_parameters_bytes": [
        36700160,
        86507520,
        65536000,
        65536000,
        55050240,
        32768000,
        32768000,
        32768000,
        27525120,
        16384000,
        16384000,
        16384000,
        16384000,
        16384000,
        13762560,
        8192000,
        8192000,
        2634240
      ]
    }
  },
  "execution_time": {
    "total_time_ms": 796.525239944458,
    "forward_backward_time_ms": 320.1934814453125,
    "batch_generator_time_ms": 2.9807090759277344,
    "layernorm_grads_all_reduce_time_ms": null,
    "embedding_grads_all_reduce_time_ms": null,
    "optimizer_time_ms": 473.3510494232178,
    "layer_compute_total_ms": [
      0.29540061950683594,
      2.8214454650878906,
      2.5495529174804688,
      2.5557994842529297,
      7.167243957519531,
      4.509735107421875,
      4.517793655395508,
      4.489374160766602,
      30.287933349609375,
      26.957273483276367,
      26.98383331298828,
      27.008485794067383,
      26.821136474609375,
      26.748037338256836,
      66.29676818847656,
      29.944801330566406,
      29.849624633789062,
      0.38924217224121094
    ]
  },
  "execution_memory": {
    "total_memory_mb": 78312.0,
    "layer_memory_total_mb": [
      3.955089569091797,
      203.9648895263672,
      197.6367530822754,
      197.6367530822754,
      905.4297332763672,
      755.2734718322754,
      755.2734718322754,
      755.2734718322754,
      3603.359420776367,
      3003.0469093322754,
      3003.0469093322754,
      3003.0469093322754,
      3003.0469093322754,
      3003.0469093322754,
      14402.968795776367,
      12002.343784332275,
      12002.343784332275,
      31.25763702392578
    ]
  }
}