{
  "model": {
    "model_name": "wideresnet_4B",
    "num_layers": 18,
    "parameters": {
      "total_parameters_bytes": 15928051600,
      "parameters_per_layer_bytes": [
        381440,
        50846720,
        49187840,
        49187840,
        236042240,
        196679680,
        196679680,
        196679680,
        943943680,
        786575360,
        786575360,
        786575360,
        786575360,
        786575360,
        3775324160,
        3146014720,
        3146014720,
        8192400
      ],
      "activation_parameters_bytes": [
        36700160,
        86507520,
        65536000,
        65536000,
        55050240,
        32768000,
        32768000,
        32768000,
        27525120,
        16384000,
        16384000,
        16384000,
        16384000,
        16384000,
        13762560,
        8192000,
        8192000,
        2634240
      ]
    }
  },
  "execution_time": {
    "total_time_ms": 367.69663593010364,
    "forward_backward_time_ms": 147.80958602441663,
    "batch_generator_time_ms": 1.3759723420457837,
    "layernorm_grads_all_reduce_time_ms": null,
    "embedding_grads_all_reduce_time_ms": null,
    "optimizer_time_ms": 218.5110775636412,
    "layer_compute_total_ms": [
      0.13636456021394386,
      1.3024521433186533,
      1.1769395166294028,
      1.1798230932860656,
      3.3085850390052416,
      2.081810273897329,
      2.08553030790478,
      2.072411134718741,
      13.98169278691424,
      12.444174115988693,
      12.456434819788397,
      12.467815042166219,
      12.381329754501879,
      12.347585304008259,
      30.60430155062075,
      13.823294179117703,
      13.779358156165802,
      0.17968424617052844
    ]
  },
  "execution_memory": {
    "total_memory_mb": 78312.0,
    "layer_memory_total_mb": [
      3.955089569091797,
      203.9648895263672,
      197.6367530822754,
      197.6367530822754,
      905.4297332763672,
      755.2734718322754,
      755.2734718322754,
      755.2734718322754,
      3603.359420776367,
      3003.0469093322754,
      3003.0469093322754,
      3003.0469093322754,
      3003.0469093322754,
      3003.0469093322754,
      14402.968795776367,
      12002.343784332275,
      12002.343784332275,
      31.25763702392578
    ]
  }
}