{
  "model": {
    "model_name": "wideresnet_4B",
    "num_layers": 18,
    "parameters": {
      "total_parameters_bytes": 15928051600,
      "parameters_per_layer_bytes": [
        381440,
        50846720,
        49187840,
        49187840,
        236042240,
        196679680,
        196679680,
        196679680,
        943943680,
        786575360,
        786575360,
        786575360,
        786575360,
        786575360,
        3775324160,
        3146014720,
        3146014720,
        8192400
      ],
      "activation_parameters_bytes": [
        587202560,
        1384120320,
        1048576000,
        1048576000,
        880803840,
        524288000,
        524288000,
        524288000,
        440401920,
        262144000,
        262144000,
        262144000,
        262144000,
        262144000,
        220200960,
        131072000,
        131072000,
        42147840
      ]
    }
  },
  "execution_time": {
    "total_time_ms": 987.5865828989947,
    "forward_backward_time_ms": 750.4081215475576,
    "batch_generator_time_ms": 18.44209060397193,
    "layernorm_grads_all_reduce_time_ms": null,
    "embedding_grads_all_reduce_time_ms": null,
    "optimizer_time_ms": 218.73637074746523,
    "layer_compute_total_ms": [
      1.1077116648339462,
      15.034374362880573,
      13.983893990468944,
      14.093293807137757,
      20.288361091498107,
      14.813351513952695,
      14.664792286045687,
      14.554181807421786,
      60.45984170007322,
      66.22091969158802,
      66.19934789675192,
      66.14077387016124,
      65.80086401724377,
      65.30629760257276,
      205.60861286756304,
      22.77930907010836,
      23.08613483359862,
      0.26605947365713306
    ]
  },
  "execution_memory": {
    "total_memory_mb": 84010.0,
    "layer_memory_total_mb": [
      41.4550895690918,
      353.9648895263672,
      347.6367530822754,
      347.6367530822754,
      980.4297332763672,
      830.2734718322754,
      830.2734718322754,
      830.2734718322754,
      3640.859420776367,
      3040.5469093322754,
      3040.5469093322754,
      3040.5469093322754,
      3040.5469093322754,
      3040.5469093322754,
      14421.718795776367,
      12021.093784332275,
      12021.093784332275,
      31.34918975830078
    ]
  }
}