{
  "model": {
    "model_name": "wideresnet_4B",
    "num_layers": 18,
    "parameters": {
      "total_parameters_bytes": 15928051600,
      "parameters_per_layer_bytes": [
        381440,
        50846720,
        49187840,
        49187840,
        236042240,
        196679680,
        196679680,
        196679680,
        943943680,
        786575360,
        786575360,
        786575360,
        786575360,
        786575360,
        3775324160,
        3146014720,
        3146014720,
        8192400
      ],
      "activation_parameters_bytes": [
        9175040,
        21626880,
        16384000,
        16384000,
        13762560,
        8192000,
        8192000,
        8192000,
        6881280,
        4096000,
        4096000,
        4096000,
        4096000,
        4096000,
        3440640,
        2048000,
        2048000,
        658560
      ]
    }
  },
  "execution_time": {
    "total_time_ms": 650.0149726867676,
    "forward_backward_time_ms": 173.88405799865723,
    "batch_generator_time_ms": 2.3946285247802734,
    "layernorm_grads_all_reduce_time_ms": null,
    "embedding_grads_all_reduce_time_ms": null,
    "optimizer_time_ms": 473.7362861633301,
    "layer_compute_total_ms": [
      0.35839080810546875,
      1.5712738037109375,
      1.3309478759765625,
      1.3422012329101562,
      3.461456298828125,
      2.552032470703125,
      2.544546127319336,
      2.548980712890625,
      10.872173309326172,
      8.892059326171875,
      8.838558197021484,
      8.793926239013672,
      8.735370635986328,
      8.674001693725586,
      38.99974822998047,
      31.97941780090332,
      31.869029998779297,
      0.5199432373046875
    ]
  },
  "execution_memory": {
    "total_memory_mb": 79119.6,
    "layer_memory_total_mb": [
      2.080089569091797,
      196.4648895263672,
      190.1367530822754,
      190.1367530822754,
      901.6797332763672,
      751.5234718322754,
      751.5234718322754,
      751.5234718322754,
      3601.484420776367,
      3001.1719093322754,
      3001.1719093322754,
      3001.1719093322754,
      3001.1719093322754,
      3001.1719093322754,
      14402.031295776367,
      12001.406284332275,
      12001.406284332275,
      31.25305938720703
    ]
  }
}