{
  "model": {
    "model_name": "wideresnet_4B",
    "num_layers": 18,
    "parameters": {
      "total_parameters_bytes": 15928051600,
      "parameters_per_layer_bytes": [
        381440,
        50846720,
        49187840,
        49187840,
        236042240,
        196679680,
        196679680,
        196679680,
        943943680,
        786575360,
        786575360,
        786575360,
        786575360,
        786575360,
        3775324160,
        3146014720,
        3146014720,
        8192400
      ],
      "activation_parameters_bytes": [
        146800640,
        346030080,
        262144000,
        262144000,
        220200960,
        131072000,
        131072000,
        131072000,
        110100480,
        65536000,
        65536000,
        65536000,
        65536000,
        65536000,
        55050240,
        32768000,
        32768000,
        10536960
      ]
    }
  },
  "execution_time": {
    "total_time_ms": 251.31392474374297,
    "forward_backward_time_ms": 132.4748699368292,
    "batch_generator_time_ms": 2.963128875373238,
    "layernorm_grads_all_reduce_time_ms": null,
    "embedding_grads_all_reduce_time_ms": null,
    "optimizer_time_ms": 115.87592593154054,
    "layer_compute_total_ms": [
      0.18469428622855205,
      2.1740076051293613,
      1.9930230702285427,
      1.9958228825513604,
      4.237002651658994,
      3.13874127037965,
      3.179396878483901,
      3.161548074925937,
      14.299061504479274,
      10.245854865928596,
      10.213960337217829,
      10.151851167189985,
      10.131844174966517,
      10.133372405859388,
      31.44953353970902,
      7.793452588833712,
      7.833338248549189,
      0.15836438450938567
    ]
  },
  "execution_memory": {
    "total_memory_mb": 80254.0,
    "layer_memory_total_mb": [
      11.455089569091797,
      233.9648895263672,
      227.6367530822754,
      227.6367530822754,
      920.4297332763672,
      770.2734718322754,
      770.2734718322754,
      770.2734718322754,
      3610.859420776367,
      3010.5469093322754,
      3010.5469093322754,
      3010.5469093322754,
      3010.5469093322754,
      3010.5469093322754,
      14406.718795776367,
      12006.093784332275,
      12006.093784332275,
      31.27594757080078
    ]
  }
}