{
  "model": {
    "model_name": "wideresnet_4B",
    "num_layers": 18,
    "parameters": {
      "total_parameters_bytes": 15928051600,
      "parameters_per_layer_bytes": [
        381440,
        50846720,
        49187840,
        49187840,
        236042240,
        196679680,
        196679680,
        196679680,
        943943680,
        786575360,
        786575360,
        786575360,
        786575360,
        786575360,
        3775324160,
        3146014720,
        3146014720,
        8192400
      ],
      "activation_parameters_bytes": [
        73400320,
        173015040,
        131072000,
        131072000,
        110100480,
        65536000,
        65536000,
        65536000,
        55050240,
        32768000,
        32768000,
        32768000,
        32768000,
        32768000,
        27525120,
        16384000,
        16384000,
        5268480
      ]
    }
  },
  "execution_time": {
    "total_time_ms": 205.95995158057116,
    "forward_backward_time_ms": 88.86068848517175,
    "batch_generator_time_ms": 1.341034274379349,
    "layernorm_grads_all_reduce_time_ms": null,
    "embedding_grads_all_reduce_time_ms": null,
    "optimizer_time_ms": 115.75822882102008,
    "layer_compute_total_ms": [
      0.09366538808293609,
      1.1989379660540034,
      1.0991363226302246,
      1.0981097247785245,
      2.8604049278375183,
      1.8257692815942101,
      1.8505126229971132,
      1.8146983570344013,
      8.424133646317795,
      6.3436281068858715,
      6.361033606826055,
      6.371521237151945,
      6.361978543485006,
      6.369199726100941,
      21.779285089697737,
      7.459796621146571,
      7.403800374690214,
      0.1450769418606792
    ]
  },
  "execution_memory": {
    "total_memory_mb": 77410.0,
    "layer_memory_total_mb": [
      6.455089569091797,
      213.9648895263672,
      207.6367530822754,
      207.6367530822754,
      910.4297332763672,
      760.2734718322754,
      760.2734718322754,
      760.2734718322754,
      3605.859420776367,
      3005.5469093322754,
      3005.5469093322754,
      3005.5469093322754,
      3005.5469093322754,
      3005.5469093322754,
      14404.218795776367,
      12003.593784332275,
      12003.593784332275,
      31.26374053955078
    ]
  }
}