{
  "model": {
    "model_name": "wideresnet_4B",
    "num_layers": 18,
    "parameters": {
      "total_parameters_bytes": 15928051600,
      "parameters_per_layer_bytes": [
        381440,
        50846720,
        49187840,
        49187840,
        236042240,
        196679680,
        196679680,
        196679680,
        943943680,
        786575360,
        786575360,
        786575360,
        786575360,
        786575360,
        3775324160,
        3146014720,
        3146014720,
        8192400
      ],
      "activation_parameters_bytes": [
        587202560,
        1384120320,
        1048576000,
        1048576000,
        880803840,
        524288000,
        524288000,
        524288000,
        440401920,
        262144000,
        262144000,
        262144000,
        262144000,
        262144000,
        220200960,
        131072000,
        131072000,
        42147840
      ]
    }
  },
  "execution_time": {
    "total_time_ms": 523.3987180067551,
    "forward_backward_time_ms": 397.69945805351085,
    "batch_generator_time_ms": 9.773894002436592,
    "layernorm_grads_all_reduce_time_ms": null,
    "embedding_grads_all_reduce_time_ms": null,
    "optimizer_time_ms": 115.92536595080763,
    "layer_compute_total_ms": [
      0.5870623146715149,
      7.967880896545266,
      7.411149882037611,
      7.469129328889297,
      10.752375912780385,
      7.850743748489373,
      7.772010692794798,
      7.7133896222858,
      32.042358801411666,
      35.09560080298326,
      35.08416823599842,
      35.053125316869185,
      34.87298072566521,
      34.61087162871074,
      108.967948987452,
      12.072522420643045,
      12.23513318717537,
      0.14100554810791488
    ]
  },
  "execution_memory": {
    "total_memory_mb": 84010.0,
    "layer_memory_total_mb": [
      41.4550895690918,
      353.9648895263672,
      347.6367530822754,
      347.6367530822754,
      980.4297332763672,
      830.2734718322754,
      830.2734718322754,
      830.2734718322754,
      3640.859420776367,
      3040.5469093322754,
      3040.5469093322754,
      3040.5469093322754,
      3040.5469093322754,
      3040.5469093322754,
      14421.718795776367,
      12021.093784332275,
      12021.093784332275,
      31.34918975830078
    ]
  }
}