{
  "model": {
    "model_name": "wideresnet_4B",
    "num_layers": 18,
    "parameters": {
      "total_parameters_bytes": 15928051600,
      "parameters_per_layer_bytes": [
        381440,
        50846720,
        49187840,
        49187840,
        236042240,
        196679680,
        196679680,
        196679680,
        943943680,
        786575360,
        786575360,
        786575360,
        786575360,
        786575360,
        3775324160,
        3146014720,
        3146014720,
        8192400
      ],
      "activation_parameters_bytes": [
        2348810240,
        5536481280,
        4194304000,
        4194304000,
        3523215360,
        2097152000,
        2097152000,
        2097152000,
        1761607680,
        1048576000,
        1048576000,
        1048576000,
        1048576000,
        1048576000,
        880803840,
        524288000,
        524288000,
        168591360
      ]
    }
  },
  "execution_time": {
    "total_time_ms": 750.0763475054042,
    "forward_backward_time_ms": 594.2105388446706,
    "batch_generator_time_ms": 39.882568256036436,
    "layernorm_grads_all_reduce_time_ms": null,
    "embedding_grads_all_reduce_time_ms": null,
    "optimizer_time_ms": 115.98324040469721,
    "layer_compute_total_ms": [
      2.2539889104845248,
      29.98768153065774,
      28.65757235727972,
      28.665528490630393,
      40.06982903689424,
      31.993070438645393,
      31.775373364661625,
      31.9306112920772,
      49.60552317302476,
      33.295624792413015,
      33.744154726528436,
      33.82247947625927,
      33.85746546440981,
      34.08540518514123,
      63.69657028780335,
      43.44425617543176,
      42.90969034181308,
      0.41571380051506135
    ]
  },
  "execution_memory": {
    "total_memory_mb": 99908.0,
    "layer_memory_total_mb": [
      161.4550895690918,
      833.9648895263672,
      827.6367530822754,
      827.6367530822754,
      1220.4297332763672,
      1070.2734718322754,
      1070.2734718322754,
      1070.2734718322754,
      3760.859420776367,
      3160.5469093322754,
      3160.5469093322754,
      3160.5469093322754,
      3160.5469093322754,
      3160.5469093322754,
      14481.718795776367,
      12081.093784332275,
      12081.093784332275,
      31.64215850830078
    ]
  }
}