{
  "model": {
    "model_name": "wideresnet_4B",
    "num_layers": 18,
    "parameters": {
      "total_parameters_bytes": 15928051600,
      "parameters_per_layer_bytes": [
        381440,
        50846720,
        49187840,
        49187840,
        236042240,
        196679680,
        196679680,
        196679680,
        943943680,
        786575360,
        786575360,
        786575360,
        786575360,
        786575360,
        3775324160,
        3146014720,
        3146014720,
        8192400
      ],
      "activation_parameters_bytes": [
        18350080,
        43253760,
        32768000,
        32768000,
        27525120,
        16384000,
        16384000,
        16384000,
        13762560,
        8192000,
        8192000,
        8192000,
        8192000,
        8192000,
        6881280,
        4096000,
        4096000,
        1317120
      ]
    }
  },
  "execution_time": {
    "total_time_ms": 330.9364044943252,
    "forward_backward_time_ms": 111.62301024702971,
    "batch_generator_time_ms": 0.799058902393281,
    "layernorm_grads_all_reduce_time_ms": null,
    "embedding_grads_all_reduce_time_ms": null,
    "optimizer_time_ms": 218.51433534490218,
    "layer_compute_total_ms": [
      0.12604091554237976,
      0.8837832272138573,
      0.804914103848795,
      0.8025588160452611,
      2.2091939236080784,
      1.4435052671041178,
      1.4452222058767874,
      1.4393009683146323,
      7.890170117767191,
      6.89430160554778,
      7.388978080396523,
      6.84946308913845,
      6.780301273449634,
      6.742924837090752,
      21.060411226275164,
      19.332378387689943,
      19.228965844689924,
      0.3005963574304467
    ]
  },
  "execution_memory": {
    "total_memory_mb": 79109.2,
    "layer_memory_total_mb": [
      2.705089569091797,
      198.9648895263672,
      192.6367530822754,
      192.6367530822754,
      902.9297332763672,
      752.7734718322754,
      752.7734718322754,
      752.7734718322754,
      3602.109420776367,
      3001.7969093322754,
      3001.7969093322754,
      3001.7969093322754,
      3001.7969093322754,
      3001.7969093322754,
      14402.343795776367,
      12001.718784332275,
      12001.718784332275,
      31.25458526611328
    ]
  }
}