{
  "model": {
    "model_name": "wideresnet_4B",
    "num_layers": 18,
    "parameters": {
      "total_parameters_bytes": 15928051600,
      "parameters_per_layer_bytes": [
        381440,
        50846720,
        49187840,
        49187840,
        236042240,
        196679680,
        196679680,
        196679680,
        943943680,
        786575360,
        786575360,
        786575360,
        786575360,
        786575360,
        3775324160,
        3146014720,
        3146014720,
        8192400
      ],
      "activation_parameters_bytes": [
        9175040,
        21626880,
        16384000,
        16384000,
        13762560,
        8192000,
        8192000,
        8192000,
        6881280,
        4096000,
        4096000,
        4096000,
        4096000,
        4096000,
        3440640,
        2048000,
        2048000,
        658560
      ]
    }
  },
  "execution_time": {
    "total_time_ms": 159.0270300908886,
    "forward_backward_time_ms": 42.54096672478264,
    "batch_generator_time_ms": 0.5858490626649606,
    "layernorm_grads_all_reduce_time_ms": null,
    "embedding_grads_all_reduce_time_ms": null,
    "optimizer_time_ms": 115.90021430344098,
    "layer_compute_total_ms": [
      0.08768078924291291,
      0.3844142319228933,
      0.32561817314371805,
      0.3283713219278223,
      0.8468499005749779,
      0.6243581479883845,
      0.6225266040938745,
      0.6236115313689665,
      2.659891701985045,
      2.1754541748294836,
      2.16236505222031,
      2.1514457841613206,
      2.1371200777762356,
      2.1221060841951247,
      9.541340424314873,
      7.82380722076693,
      7.7968006977364155,
      0.12720480653335847
    ]
  },
  "execution_memory": {
    "total_memory_mb": 79119.6,
    "layer_memory_total_mb": [
      2.080089569091797,
      196.4648895263672,
      190.1367530822754,
      190.1367530822754,
      901.6797332763672,
      751.5234718322754,
      751.5234718322754,
      751.5234718322754,
      3601.484420776367,
      3001.1719093322754,
      3001.1719093322754,
      3001.1719093322754,
      3001.1719093322754,
      3001.1719093322754,
      14402.031295776367,
      12001.406284332275,
      12001.406284332275,
      31.25305938720703
    ]
  }
}