{
  "model": {
    "model_name": "wideresnet_4B",
    "num_layers": 18,
    "parameters": {
      "total_parameters_bytes": 15928051600,
      "parameters_per_layer_bytes": [
        381440,
        50846720,
        49187840,
        49187840,
        236042240,
        196679680,
        196679680,
        196679680,
        943943680,
        786575360,
        786575360,
        786575360,
        786575360,
        786575360,
        3775324160,
        3146014720,
        3146014720,
        8192400
      ],
      "activation_parameters_bytes": [
        587202560,
        1384120320,
        1048576000,
        1048576000,
        880803840,
        524288000,
        524288000,
        524288000,
        440401920,
        262144000,
        262144000,
        262144000,
        262144000,
        262144000,
        220200960,
        131072000,
        131072000,
        42147840
      ]
    }
  },
  "execution_time": {
    "total_time_ms": 2139.3658876419067,
    "forward_backward_time_ms": 1625.5764961242676,
    "batch_generator_time_ms": 39.95029926300049,
    "layernorm_grads_all_reduce_time_ms": null,
    "embedding_grads_all_reduce_time_ms": null,
    "optimizer_time_ms": 473.8390922546387,
    "layer_compute_total_ms": [
      2.399587631225586,
      32.56831169128418,
      30.292701721191406,
      30.52968978881836,
      43.94979476928711,
      32.08951950073242,
      31.767702102661133,
      31.528091430664062,
      130.97152709960938,
      143.45149993896484,
      143.40476989746094,
      143.2778835296631,
      142.54155158996582,
      141.47019386291504,
      445.4010009765625,
      49.34582710266113,
      50.01049041748047,
      0.5763530731201172
    ]
  },
  "execution_memory": {
    "total_memory_mb": 84010.0,
    "layer_memory_total_mb": [
      41.4550895690918,
      353.9648895263672,
      347.6367530822754,
      347.6367530822754,
      980.4297332763672,
      830.2734718322754,
      830.2734718322754,
      830.2734718322754,
      3640.859420776367,
      3040.5469093322754,
      3040.5469093322754,
      3040.5469093322754,
      3040.5469093322754,
      3040.5469093322754,
      14421.718795776367,
      12021.093784332275,
      12021.093784332275,
      31.34918975830078
    ]
  }
}