{
  "model": {
    "model_name": "wideresnet_6.8B",
    "num_layers": 18,
    "parameters": {
      "total_parameters_bytes": 26872866960,
      "parameters_per_layer_bytes": [
        190720,
        87308800,
        86888960,
        86888960,
        357299200,
        347448320,
        347448320,
        347448320,
        1428940800,
        1389578240,
        1389578240,
        1389578240,
        1389578240,
        1389578240,
        5715251200,
        5557882880,
        5557882880,
        4096400
      ],
      "activation_parameters_bytes": [
        2293760,
        12288000,
        10977280,
        10977280,
        6881280,
        5488640,
        5488640,
        5488640,
        3440640,
        2744320,
        2744320,
        2744320,
        2744320,
        2744320,
        1720320,
        1372160,
        1372160,
        165440
      ]
    }
  },
  "execution_time": {
    "total_time_ms": 516.1362614419655,
    "forward_backward_time_ms": 147.16399503385733,
    "batch_generator_time_ms": 0.29944072556422685,
    "layernorm_grads_all_reduce_time_ms": null,
    "embedding_grads_all_reduce_time_ms": null,
    "optimizer_time_ms": 368.672825682544,
    "layer_compute_total_ms": [
      0.1290565644123249,
      0.9333103071947085,
      0.8713904512008709,
      0.86998168092586,
      1.8261184689828542,
      2.4565651790857705,
      2.460747465839709,
      2.4478924370802346,
      5.656278690275328,
      7.966617917222078,
      7.869258683997498,
      7.751076065145413,
      7.811256970331034,
      8.10650440312355,
      26.78052481963692,
      31.428674293893135,
      31.500763710309705,
      0.29797692520034835
    ]
  },
  "execution_memory": {
    "total_memory_mb": 136585.6,
    "layer_memory_total_mb": [
      0.8838005065917969,
      333.6816864013672,
      332.0801124572754,
      332.0801124572754,
      1363.3008270263672,
      1325.7226905822754,
      1325.7226905822754,
      1325.7226905822754,
      5451.132858276367,
      5300.976596832275,
      5300.976596832275,
      5300.976596832275,
      5300.976596832275,
      5300.976596832275,
      21802.031295776367,
      21201.718784332275,
      21201.718784332275,
      15.627296447753906
    ]
  }
}