{
  "model": {
    "model_name": "wideresnet_6.8B",
    "num_layers": 18,
    "parameters": {
      "total_parameters_bytes": 26872866960,
      "parameters_per_layer_bytes": [
        190720,
        87308800,
        86888960,
        86888960,
        357299200,
        347448320,
        347448320,
        347448320,
        1428940800,
        1389578240,
        1389578240,
        1389578240,
        1389578240,
        1389578240,
        5715251200,
        5557882880,
        5557882880,
        4096400
      ],
      "activation_parameters_bytes": [
        36700160,
        196608000,
        175636480,
        175636480,
        110100480,
        87818240,
        87818240,
        87818240,
        55050240,
        43909120,
        43909120,
        43909120,
        43909120,
        43909120,
        27525120,
        21954560,
        21954560,
        2647040
      ]
    }
  },
  "execution_time": {
    "total_time_ms": 329.3179793047634,
    "forward_backward_time_ms": 132.40767444108158,
    "batch_generator_time_ms": 1.6848978911600971,
    "layernorm_grads_all_reduce_time_ms": null,
    "embedding_grads_all_reduce_time_ms": null,
    "optimizer_time_ms": 195.22540697252177,
    "layer_compute_total_ms": [
      0.08834574466958214,
      2.275967437218645,
      2.2164480935894084,
      2.224299233977977,
      4.157616306422429,
      3.605259998669177,
      3.5879944893451334,
      3.578370134485447,
      11.515173114247434,
      10.187677099037376,
      10.180665902345654,
      10.111148895547023,
      10.10785911606771,
      10.20574755440423,
      19.69334324800568,
      14.24305359213824,
      14.271611677830983,
      0.15709280307943924
    ]
  },
  "execution_memory": {
    "total_memory_mb": 137532.0,
    "layer_memory_total_mb": [
      3.227550506591797,
      343.0566864013672,
      341.4551124572754,
      341.4551124572754,
      1367.9883270263672,
      1330.4101905822754,
      1330.4101905822754,
      1330.4101905822754,
      5453.476608276367,
      5303.320346832275,
      5303.320346832275,
      5303.320346832275,
      5303.320346832275,
      5303.320346832275,
      21803.203170776367,
      21202.890659332275,
      21202.890659332275,
      15.638740539550781
    ]
  }
}