{
  "model": {
    "model_name": "wideresnet_6.8B",
    "num_layers": 18,
    "parameters": {
      "total_parameters_bytes": 26872866960,
      "parameters_per_layer_bytes": [
        190720,
        87308800,
        86888960,
        86888960,
        357299200,
        347448320,
        347448320,
        347448320,
        1428940800,
        1389578240,
        1389578240,
        1389578240,
        1389578240,
        1389578240,
        5715251200,
        5557882880,
        5557882880,
        4096400
      ],
      "activation_parameters_bytes": [
        2293760,
        12288000,
        10977280,
        10977280,
        6881280,
        5488640,
        5488640,
        5488640,
        3440640,
        2744320,
        2744320,
        2744320,
        2744320,
        2744320,
        1720320,
        1372160,
        1372160,
        165440
      ]
    }
  },
  "execution_time": {
    "total_time_ms": 1118.0835485458374,
    "forward_backward_time_ms": 318.79496574401855,
    "batch_generator_time_ms": 0.6486654281616211,
    "layernorm_grads_all_reduce_time_ms": null,
    "embedding_grads_all_reduce_time_ms": null,
    "optimizer_time_ms": 798.6399173736572,
    "layer_compute_total_ms": [
      0.2795696258544922,
      2.02178955078125,
      1.887655258178711,
      1.884603500366211,
      3.955841064453125,
      5.321550369262695,
      5.330610275268555,
      5.302762985229492,
      12.252950668334961,
      17.25773811340332,
      17.046833038330078,
      16.79081916809082,
      16.921186447143555,
      17.560768127441406,
      58.01348686218262,
      68.08257102966309,
      68.23873519897461,
      0.6454944610595703
    ]
  },
  "execution_memory": {
    "total_memory_mb": 136585.6,
    "layer_memory_total_mb": [
      0.8838005065917969,
      333.6816864013672,
      332.0801124572754,
      332.0801124572754,
      1363.3008270263672,
      1325.7226905822754,
      1325.7226905822754,
      1325.7226905822754,
      5451.132858276367,
      5300.976596832275,
      5300.976596832275,
      5300.976596832275,
      5300.976596832275,
      5300.976596832275,
      21802.031295776367,
      21201.718784332275,
      21201.718784332275,
      15.627296447753906
    ]
  }
}