{
  "model": {
    "model_name": "wideresnet_6.8B",
    "num_layers": 18,
    "parameters": {
      "total_parameters_bytes": 26872866960,
      "parameters_per_layer_bytes": [
        190720,
        87308800,
        86888960,
        86888960,
        357299200,
        347448320,
        347448320,
        347448320,
        1428940800,
        1389578240,
        1389578240,
        1389578240,
        1389578240,
        1389578240,
        5715251200,
        5557882880,
        5557882880,
        4096400
      ],
      "activation_parameters_bytes": [
        36700160,
        196608000,
        175636480,
        175636480,
        110100480,
        87818240,
        87818240,
        87818240,
        55050240,
        43909120,
        43909120,
        43909120,
        43909120,
        43909120,
        27525120,
        21954560,
        21954560,
        2647040
      ]
    }
  },
  "execution_time": {
    "total_time_ms": 621.3809982327768,
    "forward_backward_time_ms": 249.83638333860543,
    "batch_generator_time_ms": 3.1791872880419376,
    "layernorm_grads_all_reduce_time_ms": null,
    "embedding_grads_all_reduce_time_ms": null,
    "optimizer_time_ms": 368.3654276061295,
    "layer_compute_total_ms": [
      0.16669714519777187,
      4.294460087086294,
      4.18215468172527,
      4.196968781648431,
      7.844891360646919,
      6.802665501565432,
      6.7700876889558055,
      6.751927759629493,
      21.727662059812737,
      19.222846498807844,
      19.20961726544407,
      19.07844754561923,
      19.07224015159496,
      19.256943141870217,
      37.158825375464346,
      26.87482437992046,
      26.92870984293963,
      0.29641407067650816
    ]
  },
  "execution_memory": {
    "total_memory_mb": 137532.0,
    "layer_memory_total_mb": [
      3.227550506591797,
      343.0566864013672,
      341.4551124572754,
      341.4551124572754,
      1367.9883270263672,
      1330.4101905822754,
      1330.4101905822754,
      1330.4101905822754,
      5453.476608276367,
      5303.320346832275,
      5303.320346832275,
      5303.320346832275,
      5303.320346832275,
      5303.320346832275,
      21803.203170776367,
      21202.890659332275,
      21202.890659332275,
      15.638740539550781
    ]
  }
}