{
  "model": {
    "model_name": "wideresnet_6.8B",
    "num_layers": 18,
    "parameters": {
      "total_parameters_bytes": 26872866960,
      "parameters_per_layer_bytes": [
        190720,
        87308800,
        86888960,
        86888960,
        357299200,
        347448320,
        347448320,
        347448320,
        1428940800,
        1389578240,
        1389578240,
        1389578240,
        1389578240,
        1389578240,
        5715251200,
        5557882880,
        5557882880,
        4096400
      ],
      "activation_parameters_bytes": [
        146800640,
        786432000,
        702545920,
        702545920,
        440401920,
        351272960,
        351272960,
        351272960,
        220200960,
        175636480,
        175636480,
        175636480,
        175636480,
        175636480,
        110100480,
        87818240,
        87818240,
        10588160
      ]
    }
  },
  "execution_time": {
    "total_time_ms": 491.5842405966514,
    "forward_backward_time_ms": 291.0482604361132,
    "batch_generator_time_ms": 5.0271155221005355,
    "layernorm_grads_all_reduce_time_ms": null,
    "embedding_grads_all_reduce_time_ms": null,
    "optimizer_time_ms": 195.50886463843767,
    "layer_compute_total_ms": [
      0.17810306138525164,
      7.894479150148723,
      7.74584411346113,
      7.776898698475051,
      7.84468915434128,
      8.696403728827153,
      8.631646402977312,
      8.55613313145398,
      32.82820779100325,
      26.699185298661366,
      26.74185910481498,
      26.600503580166716,
      26.429656699051435,
      26.686667804401438,
      33.71740485296085,
      16.880990099158524,
      16.980406768387912,
      0.15918099643687422
    ]
  },
  "execution_memory": {
    "total_memory_mb": 141852.0,
    "layer_memory_total_mb": [
      10.727550506591797,
      373.0566864013672,
      371.4551124572754,
      371.4551124572754,
      1382.9883270263672,
      1345.4101905822754,
      1345.4101905822754,
      1345.4101905822754,
      5460.976608276367,
      5310.820346832275,
      5310.820346832275,
      5310.820346832275,
      5310.820346832275,
      5310.820346832275,
      21806.953170776367,
      21206.640659332275,
      21206.640659332275,
      15.675361633300781
    ]
  }
}