{
  "model": {
    "model_name": "wideresnet_6.8B",
    "num_layers": 18,
    "parameters": {
      "total_parameters_bytes": 26872866960,
      "parameters_per_layer_bytes": [
        190720,
        87308800,
        86888960,
        86888960,
        357299200,
        347448320,
        347448320,
        347448320,
        1428940800,
        1389578240,
        1389578240,
        1389578240,
        1389578240,
        1389578240,
        5715251200,
        5557882880,
        5557882880,
        4096400
      ],
      "activation_parameters_bytes": [
        587202560,
        3145728000,
        2810183680,
        2810183680,
        1761607680,
        1405091840,
        1405091840,
        1405091840,
        880803840,
        702545920,
        702545920,
        702545920,
        702545920,
        702545920,
        440401920,
        351272960,
        351272960,
        42352640
      ]
    }
  },
  "execution_time": {
    "total_time_ms": 738.1726537678271,
    "forward_backward_time_ms": 522.9401845765279,
    "batch_generator_time_ms": 19.739831798449135,
    "layernorm_grads_all_reduce_time_ms": null,
    "embedding_grads_all_reduce_time_ms": null,
    "optimizer_time_ms": 195.49263739285,
    "layer_compute_total_ms": [
      0.600081441972618,
      24.622797816520922,
      24.504307425842335,
      24.579855695019706,
      26.416019279862375,
      28.614186932160717,
      28.395089952015542,
      28.439781956218525,
      37.413868738045814,
      33.27704103812031,
      33.69101662181829,
      33.65823548587196,
      33.75268248822835,
      33.29188004343125,
      60.88139399486402,
      35.29515742629211,
      35.30761659112865,
      0.19917164911445612
    ]
  },
  "execution_memory": {
    "total_memory_mb": 171550.0,
    "layer_memory_total_mb": [
      40.7275505065918,
      493.0566864013672,
      491.4551124572754,
      491.4551124572754,
      1442.9883270263672,
      1405.4101905822754,
      1405.4101905822754,
      1405.4101905822754,
      5490.976608276367,
      5340.820346832275,
      5340.820346832275,
      5340.820346832275,
      5340.820346832275,
      5340.820346832275,
      21821.953170776367,
      21221.640659332275,
      21221.640659332275,
      15.821846008300781
    ]
  }
}