{
  "model": {
    "model_name": "wideresnet_6.8B",
    "num_layers": 18,
    "parameters": {
      "total_parameters_bytes": 26872866960,
      "parameters_per_layer_bytes": [
        190720,
        87308800,
        86888960,
        86888960,
        357299200,
        347448320,
        347448320,
        347448320,
        1428940800,
        1389578240,
        1389578240,
        1389578240,
        1389578240,
        1389578240,
        5715251200,
        5557882880,
        5557882880,
        4096400
      ],
      "activation_parameters_bytes": [
        293601280,
        1572864000,
        1405091840,
        1405091840,
        880803840,
        702545920,
        702545920,
        702545920,
        440401920,
        351272960,
        351272960,
        351272960,
        351272960,
        351272960,
        220200960,
        175636480,
        175636480,
        21176320
      ]
    }
  },
  "execution_time": {
    "total_time_ms": 734.074953445113,
    "forward_backward_time_ms": 528.6152758301483,
    "batch_generator_time_ms": 10.07189319360418,
    "layernorm_grads_all_reduce_time_ms": null,
    "embedding_grads_all_reduce_time_ms": null,
    "optimizer_time_ms": 195.3877844213605,
    "layer_compute_total_ms": [
      0.3195752448803028,
      16.10495211858148,
      15.7728827112106,
      15.761216826532195,
      13.490790684535792,
      15.029555871271814,
      15.005384158218153,
      14.900811167960905,
      54.209616217859214,
      53.17345234072304,
      53.16673279114827,
      52.492339663774196,
      53.38236500354396,
      52.97727882397092,
      57.21750125980116,
      22.76707054307256,
      22.66815550688434,
      0.17559489617939397
    ]
  },
  "execution_memory": {
    "total_memory_mb": 135300.0,
    "layer_memory_total_mb": [
      20.727550506591797,
      413.0566864013672,
      411.4551124572754,
      411.4551124572754,
      1402.9883270263672,
      1365.4101905822754,
      1365.4101905822754,
      1365.4101905822754,
      5470.976608276367,
      5320.820346832275,
      5320.820346832275,
      5320.820346832275,
      5320.820346832275,
      5320.820346832275,
      21811.953170776367,
      21211.640659332275,
      21211.640659332275,
      15.724189758300781
    ]
  }
}