{
  "model": {
    "model_name": "wideresnet_6.8B",
    "num_layers": 18,
    "parameters": {
      "total_parameters_bytes": 26872866960,
      "parameters_per_layer_bytes": [
        190720,
        87308800,
        86888960,
        86888960,
        357299200,
        347448320,
        347448320,
        347448320,
        1428940800,
        1389578240,
        1389578240,
        1389578240,
        1389578240,
        1389578240,
        5715251200,
        5557882880,
        5557882880,
        4096400
      ],
      "activation_parameters_bytes": [
        73400320,
        393216000,
        351272960,
        351272960,
        220200960,
        175636480,
        175636480,
        175636480,
        110100480,
        87818240,
        87818240,
        87818240,
        87818240,
        87818240,
        55050240,
        43909120,
        43909120,
        5294080
      ]
    }
  },
  "execution_time": {
    "total_time_ms": 385.92883706246033,
    "forward_backward_time_ms": 188.0824207815867,
    "batch_generator_time_ms": 2.620286023501851,
    "layernorm_grads_all_reduce_time_ms": null,
    "embedding_grads_all_reduce_time_ms": null,
    "optimizer_time_ms": 195.2261302573718,
    "layer_compute_total_ms": [
      0.1035697241749043,
      4.581297906172843,
      4.48526434350019,
      4.508211138662618,
      7.069012816189267,
      6.474810980094567,
      6.422979454468401,
      6.445552941321121,
      18.66172906589408,
      15.827665705660404,
      15.815591515018252,
      15.67332605136507,
      15.66290841634725,
      15.892446363279602,
      20.514341548133306,
      14.912500384408672,
      14.893356667651403,
      0.13785575924474477
    ]
  },
  "execution_memory": {
    "total_memory_mb": 134364.0,
    "layer_memory_total_mb": [
      5.727550506591797,
      353.0566864013672,
      351.4551124572754,
      351.4551124572754,
      1372.9883270263672,
      1335.4101905822754,
      1335.4101905822754,
      1335.4101905822754,
      5455.976608276367,
      5305.820346832275,
      5305.820346832275,
      5305.820346832275,
      5305.820346832275,
      5305.820346832275,
      21804.453170776367,
      21204.140659332275,
      21204.140659332275,
      15.650947570800781
    ]
  }
}