{
  "model": {
    "model_name": "wideresnet_6.8B",
    "num_layers": 18,
    "parameters": {
      "total_parameters_bytes": 26872866960,
      "parameters_per_layer_bytes": [
        190720,
        87308800,
        86888960,
        86888960,
        357299200,
        347448320,
        347448320,
        347448320,
        1428940800,
        1389578240,
        1389578240,
        1389578240,
        1389578240,
        1389578240,
        5715251200,
        5557882880,
        5557882880,
        4096400
      ],
      "activation_parameters_bytes": [
        18350080,
        98304000,
        87818240,
        87818240,
        55050240,
        43909120,
        43909120,
        43909120,
        27525120,
        21954560,
        21954560,
        21954560,
        21954560,
        21954560,
        13762560,
        10977280,
        10977280,
        1323520
      ]
    }
  },
  "execution_time": {
    "total_time_ms": 612.4511336400161,
    "forward_backward_time_ms": 242.60135743482493,
    "batch_generator_time_ms": 1.3666722570271572,
    "layernorm_grads_all_reduce_time_ms": null,
    "embedding_grads_all_reduce_time_ms": null,
    "optimizer_time_ms": 368.483103948164,
    "layer_compute_total_ms": [
      0.12075802701108894,
      2.4321978557351915,
      2.352712395374812,
      2.3470773142747685,
      5.918530081782822,
      4.688013270631911,
      4.640929526596782,
      4.65338833871641,
      22.081901747871335,
      21.347029941133236,
      21.37141927651936,
      21.306946024402066,
      21.053411398971203,
      21.177559279456535,
      34.76532467822086,
      26.05923443883135,
      25.988773913045257,
      0.2961499262499436
    ]
  },
  "execution_memory": {
    "total_memory_mb": 140287.2,
    "layer_memory_total_mb": [
      1.9775505065917969,
      338.0566864013672,
      336.4551124572754,
      336.4551124572754,
      1365.4883270263672,
      1327.9101905822754,
      1327.9101905822754,
      1327.9101905822754,
      5452.226608276367,
      5302.070346832275,
      5302.070346832275,
      5302.070346832275,
      5302.070346832275,
      5302.070346832275,
      21802.578170776367,
      21202.265659332275,
      21202.265659332275,
      15.632637023925781
    ]
  }
}