{
  "model": {
    "model_name": "wideresnet_6.8B",
    "num_layers": 18,
    "parameters": {
      "total_parameters_bytes": 26872866960,
      "parameters_per_layer_bytes": [
        190720,
        87308800,
        86888960,
        86888960,
        357299200,
        347448320,
        347448320,
        347448320,
        1428940800,
        1389578240,
        1389578240,
        1389578240,
        1389578240,
        1389578240,
        5715251200,
        5557882880,
        5557882880,
        4096400
      ],
      "activation_parameters_bytes": [
        18350080,
        98304000,
        87818240,
        87818240,
        55050240,
        43909120,
        43909120,
        43909120,
        27525120,
        21954560,
        21954560,
        21954560,
        21954560,
        21954560,
        13762560,
        10977280,
        10977280,
        1323520
      ]
    }
  },
  "execution_time": {
    "total_time_ms": 1326.7262697219849,
    "forward_backward_time_ms": 525.5367755889893,
    "batch_generator_time_ms": 2.9605627059936523,
    "layernorm_grads_all_reduce_time_ms": null,
    "embedding_grads_all_reduce_time_ms": null,
    "optimizer_time_ms": 798.228931427002,
    "layer_compute_total_ms": [
      0.2615928649902344,
      5.268764495849609,
      5.096578598022461,
      5.084371566772461,
      12.821054458618164,
      10.155439376831055,
      10.053443908691406,
      10.080432891845703,
      47.83506393432617,
      46.24314308166504,
      46.295976638793945,
      46.15631103515625,
      45.60708999633789,
      45.87602615356445,
      75.31061172485352,
      56.45098686218262,
      56.2983512878418,
      0.6415367126464844
    ]
  },
  "execution_memory": {
    "total_memory_mb": 140287.2,
    "layer_memory_total_mb": [
      1.9775505065917969,
      338.0566864013672,
      336.4551124572754,
      336.4551124572754,
      1365.4883270263672,
      1327.9101905822754,
      1327.9101905822754,
      1327.9101905822754,
      5452.226608276367,
      5302.070346832275,
      5302.070346832275,
      5302.070346832275,
      5302.070346832275,
      5302.070346832275,
      21802.578170776367,
      21202.265659332275,
      21202.265659332275,
      15.632637023925781
    ]
  }
}