{
  "model": {
    "model_name": "wide_resnet_6.8B",
    "num_layers": 18,
    "parameters": {
      "total_parameters_bytes": 26876194960,
      "parameters_per_layer_bytes": [
        193280,
        87372800,
        86942720,
        86942720,
        357427200,
        347555840,
        347555840,
        347555840,
        1429196800,
        1389793280,
        1389793280,
        1389793280,
        1389793280,
        1389793280,
        5715763200,
        5558312960,
        5558312960,
        4096400
      ],
      "activation_parameters_bytes": [
        1474560,
        8192000,
        7208960,
        7208960,
        4587520,
        3604480,
        3604480,
        3604480,
        2293760,
        1802240,
        1802240,
        1802240,
        1802240,
        1802240,
        1146880,
        901120,
        901120,
        82720
      ]
    }
  },
  "execution_time": {
    "total_time_ms": 477.50139236450195,
    "forward_backward_time_ms": 210.39605140686035,
    "batch_generator_time_ms": 0.6553173065185547,
    "layernorm_grads_all_reduce_time_ms": null,
    "embedding_grads_all_reduce_time_ms": null,
    "optimizer_time_ms": 266.45002365112305,
    "layer_compute_total_ms": [
      0.4662036895751953,
      2.224445343017578,
      1.8030166625976562,
      1.8063068389892578,
      3.820466995239258,
      4.4063568115234375,
      4.3231964111328125,
      4.359149932861328,
      10.950756072998047,
      13.311052322387695,
      13.351964950561523,
      13.302373886108398,
      13.354349136352539,
      9.301233291625977,
      38.707637786865234,
      37.14933395385742,
      37.03789710998535,
      0.7203102111816406
    ]
  },
  "execution_memory": {
    "total_memory_mb": 140182.0,
    "layer_memory_total_mb": [
      1.5278434753417969,
      336.9116668701172,
      334.8901710510254,
      334.8901710510254,
      1365.3857879638672,
      1327.3584327697754,
      1327.3584327697754,
      1327.3584327697754,
      5452.724655151367,
      5302.255893707275,
      5302.255893707275,
      5302.255893707275,
      5302.255893707275,
      5302.334018707275,
      21802.98834991455,
      21202.50005722046,
      21202.50005722046,
      15.665596008300781
    ]
  }
}