{
  "model": {
    "model_name": "wideresnet_6.8B",
    "num_layers": 18,
    "parameters": {
      "total_parameters_bytes": 26872866960,
      "parameters_per_layer_bytes": [
        190720,
        87308800,
        86888960,
        86888960,
        357299200,
        347448320,
        347448320,
        347448320,
        1428940800,
        1389578240,
        1389578240,
        1389578240,
        1389578240,
        1389578240,
        5715251200,
        5557882880,
        5557882880,
        4096400
      ],
      "activation_parameters_bytes": [
        18350080,
        98304000,
        87818240,
        87818240,
        55050240,
        43909120,
        43909120,
        43909120,
        27525120,
        21954560,
        21954560,
        21954560,
        21954560,
        21954560,
        13762560,
        10977280,
        10977280,
        1323520
      ]
    }
  },
  "execution_time": {
    "total_time_ms": 324.5853515425423,
    "forward_backward_time_ms": 128.5732731355591,
    "batch_generator_time_ms": 0.7243056149706433,
    "layernorm_grads_all_reduce_time_ms": null,
    "embedding_grads_all_reduce_time_ms": null,
    "optimizer_time_ms": 195.2877727920125,
    "layer_compute_total_ms": [
      0.0639990433457451,
      1.2890102616559898,
      1.246884752082259,
      1.2438982856045868,
      3.13668807467625,
      2.484541789383898,
      2.4595884620567836,
      2.4661913527847625,
      11.702912196377051,
      11.313446636388408,
      11.326372436612083,
      11.292203060389026,
      11.157835400663126,
      11.223630990249344,
      18.42484161161433,
      13.810809233033874,
      13.77346673617829,
      0.1569528124632983
    ]
  },
  "execution_memory": {
    "total_memory_mb": 140287.2,
    "layer_memory_total_mb": [
      1.9775505065917969,
      338.0566864013672,
      336.4551124572754,
      336.4551124572754,
      1365.4883270263672,
      1327.9101905822754,
      1327.9101905822754,
      1327.9101905822754,
      5452.226608276367,
      5302.070346832275,
      5302.070346832275,
      5302.070346832275,
      5302.070346832275,
      5302.070346832275,
      21802.578170776367,
      21202.265659332275,
      21202.265659332275,
      15.632637023925781
    ]
  }
}