{
  "model": {
    "model_name": "wideresnet_6.8B",
    "num_layers": 18,
    "parameters": {
      "total_parameters_bytes": 26872866960,
      "parameters_per_layer_bytes": [
        190720,
        87308800,
        86888960,
        86888960,
        357299200,
        347448320,
        347448320,
        347448320,
        1428940800,
        1389578240,
        1389578240,
        1389578240,
        1389578240,
        1389578240,
        5715251200,
        5557882880,
        5557882880,
        4096400
      ],
      "activation_parameters_bytes": [
        9175040,
        49152000,
        43909120,
        43909120,
        27525120,
        21954560,
        21954560,
        21954560,
        13762560,
        10977280,
        10977280,
        10977280,
        10977280,
        10977280,
        6881280,
        5488640,
        5488640,
        661760
      ]
    }
  },
  "execution_time": {
    "total_time_ms": 558.2990828583396,
    "forward_backward_time_ms": 189.16236453265947,
    "batch_generator_time_ms": 0.7847840973410223,
    "layernorm_grads_all_reduce_time_ms": null,
    "embedding_grads_all_reduce_time_ms": null,
    "optimizer_time_ms": 368.35193422833913,
    "layer_compute_total_ms": [
      0.1334149474506398,
      1.4935826479736451,
      1.4407757746962842,
      1.4380242702529036,
      3.906872165173925,
      3.230882553524173,
      3.20512847193413,
      3.22606191773937,
      12.20120526762041,
      11.77012156346708,
      11.709104200930671,
      11.53115890556836,
      11.495345323733316,
      11.624842128856583,
      27.765629446473827,
      36.278960290577864,
      36.38525641023454,
      0.32599824645173664
    ]
  },
  "execution_memory": {
    "total_memory_mb": 140266.8,
    "layer_memory_total_mb": [
      1.3525505065917969,
      335.5566864013672,
      333.9551124572754,
      333.9551124572754,
      1364.2383270263672,
      1326.6601905822754,
      1326.6601905822754,
      1326.6601905822754,
      5451.601608276367,
      5301.445346832275,
      5301.445346832275,
      5301.445346832275,
      5301.445346832275,
      5301.445346832275,
      21802.265670776367,
      21201.953159332275,
      21201.953159332275,
      15.629585266113281
    ]
  }
}