{
  "model": {
    "model_name": "wideresnet_6.8B",
    "num_layers": 18,
    "parameters": {
      "total_parameters_bytes": 26872866960,
      "parameters_per_layer_bytes": [
        190720,
        87308800,
        86888960,
        86888960,
        357299200,
        347448320,
        347448320,
        347448320,
        1428940800,
        1389578240,
        1389578240,
        1389578240,
        1389578240,
        1389578240,
        5715251200,
        5557882880,
        5557882880,
        4096400
      ],
      "activation_parameters_bytes": [
        293601280,
        1572864000,
        1405091840,
        1405091840,
        880803840,
        702545920,
        702545920,
        702545920,
        440401920,
        351272960,
        351272960,
        351272960,
        351272960,
        351272960,
        220200960,
        175636480,
        175636480,
        21176320
      ]
    }
  },
  "execution_time": {
    "total_time_ms": 1385.105751931248,
    "forward_backward_time_ms": 997.4295617563358,
    "batch_generator_time_ms": 19.004377046003423,
    "layernorm_grads_all_reduce_time_ms": null,
    "embedding_grads_all_reduce_time_ms": null,
    "optimizer_time_ms": 368.6718131289088,
    "layer_compute_total_ms": [
      0.6029977017757511,
      30.38798927729994,
      29.7614166854533,
      29.73940464990626,
      25.45540027970481,
      28.35885380446669,
      28.31324486681321,
      28.1159289801695,
      102.28662738178612,
      100.33151838449758,
      100.31883945202249,
      99.04634568908335,
      100.72570991707406,
      99.96136399473846,
      107.96212257909401,
      42.95855650139976,
      42.77191645199637,
      0.3313251590541215
    ]
  },
  "execution_memory": {
    "total_memory_mb": 135300.0,
    "layer_memory_total_mb": [
      20.727550506591797,
      413.0566864013672,
      411.4551124572754,
      411.4551124572754,
      1402.9883270263672,
      1365.4101905822754,
      1365.4101905822754,
      1365.4101905822754,
      5470.976608276367,
      5320.820346832275,
      5320.820346832275,
      5320.820346832275,
      5320.820346832275,
      5320.820346832275,
      21811.953170776367,
      21211.640659332275,
      21211.640659332275,
      15.724189758300781
    ]
  }
}