{
  "model": {
    "model_name": "wideresnet_6.8B",
    "num_layers": 18,
    "parameters": {
      "total_parameters_bytes": 26872866960,
      "parameters_per_layer_bytes": [
        190720,
        87308800,
        86888960,
        86888960,
        357299200,
        347448320,
        347448320,
        347448320,
        1428940800,
        1389578240,
        1389578240,
        1389578240,
        1389578240,
        1389578240,
        5715251200,
        5557882880,
        5557882880,
        4096400
      ],
      "activation_parameters_bytes": [
        146800640,
        786432000,
        702545920,
        702545920,
        440401920,
        351272960,
        351272960,
        351272960,
        220200960,
        175636480,
        175636480,
        175636480,
        175636480,
        175636480,
        110100480,
        87818240,
        87818240,
        10588160
      ]
    }
  },
  "execution_time": {
    "total_time_ms": 927.5567243012974,
    "forward_backward_time_ms": 549.1709228433533,
    "batch_generator_time_ms": 9.4855254120926,
    "layernorm_grads_all_reduce_time_ms": null,
    "embedding_grads_all_reduce_time_ms": null,
    "optimizer_time_ms": 368.90027604585157,
    "layer_compute_total_ms": [
      0.3360577466967362,
      14.895874635218565,
      14.615419290313666,
      14.674015328939898,
      14.801927267503778,
      16.409003970757986,
      16.28681516143634,
      16.14433125534032,
      61.94263845062881,
      50.3779552149223,
      50.45847524095339,
      50.19175540622985,
      49.869389145643375,
      50.354336300780325,
      63.620439824095676,
      31.85227390596047,
      32.039860472892386,
      0.3003542250394292
    ]
  },
  "execution_memory": {
    "total_memory_mb": 141852.0,
    "layer_memory_total_mb": [
      10.727550506591797,
      373.0566864013672,
      371.4551124572754,
      371.4551124572754,
      1382.9883270263672,
      1345.4101905822754,
      1345.4101905822754,
      1345.4101905822754,
      5460.976608276367,
      5310.820346832275,
      5310.820346832275,
      5310.820346832275,
      5310.820346832275,
      5310.820346832275,
      21806.953170776367,
      21206.640659332275,
      21206.640659332275,
      15.675361633300781
    ]
  }
}