{
  "model": {
    "model_name": "wideresnet_6.8B",
    "num_layers": 18,
    "parameters": {
      "total_parameters_bytes": 26872866960,
      "parameters_per_layer_bytes": [
        190720,
        87308800,
        86888960,
        86888960,
        357299200,
        347448320,
        347448320,
        347448320,
        1428940800,
        1389578240,
        1389578240,
        1389578240,
        1389578240,
        1389578240,
        5715251200,
        5557882880,
        5557882880,
        4096400
      ],
      "activation_parameters_bytes": [
        9175040,
        49152000,
        43909120,
        43909120,
        27525120,
        21954560,
        21954560,
        21954560,
        13762560,
        10977280,
        10977280,
        10977280,
        10977280,
        10977280,
        6881280,
        5488640,
        5488640,
        661760
      ]
    }
  },
  "execution_time": {
    "total_time_ms": 295.8859803204598,
    "forward_backward_time_ms": 100.251806581749,
    "batch_generator_time_ms": 0.4159179534969335,
    "layernorm_grads_all_reduce_time_ms": null,
    "embedding_grads_all_reduce_time_ms": null,
    "optimizer_time_ms": 195.21825578521387,
    "layer_compute_total_ms": [
      0.07070692703582958,
      0.7915652730840034,
      0.763578815740503,
      0.762120580155702,
      2.0705545398012406,
      1.712295221327338,
      1.6986461362536007,
      1.7097403925827663,
      6.4663648795874,
      6.237900194045462,
      6.2055623617169156,
      6.111255349976667,
      6.092274955604896,
      6.16090535516797,
      14.715160279188725,
      19.227034505640365,
      19.283369062752392,
      0.1727717520872193
    ]
  },
  "execution_memory": {
    "total_memory_mb": 140266.8,
    "layer_memory_total_mb": [
      1.3525505065917969,
      335.5566864013672,
      333.9551124572754,
      333.9551124572754,
      1364.2383270263672,
      1326.6601905822754,
      1326.6601905822754,
      1326.6601905822754,
      5451.601608276367,
      5301.445346832275,
      5301.445346832275,
      5301.445346832275,
      5301.445346832275,
      5301.445346832275,
      21802.265670776367,
      21201.953159332275,
      21201.953159332275,
      15.629585266113281
    ]
  }
}