{
  "model": {
    "model_name": "wideresnet_6.8B",
    "num_layers": 18,
    "parameters": {
      "total_parameters_bytes": 26872866960,
      "parameters_per_layer_bytes": [
        190720,
        87308800,
        86888960,
        86888960,
        357299200,
        347448320,
        347448320,
        347448320,
        1428940800,
        1389578240,
        1389578240,
        1389578240,
        1389578240,
        1389578240,
        5715251200,
        5557882880,
        5557882880,
        4096400
      ],
      "activation_parameters_bytes": [
        2293760,
        12288000,
        10977280,
        10977280,
        6881280,
        5488640,
        5488640,
        5488640,
        3440640,
        2744320,
        2744320,
        2744320,
        2744320,
        2744320,
        1720320,
        1372160,
        1372160,
        165440
      ]
    }
  },
  "execution_time": {
    "total_time_ms": 273.5406315085117,
    "forward_backward_time_ms": 77.99361359423325,
    "batch_generator_time_ms": 0.1586968622227203,
    "layernorm_grads_all_reduce_time_ms": null,
    "embedding_grads_all_reduce_time_ms": null,
    "optimizer_time_ms": 195.38832105205572,
    "layer_compute_total_ms": [
      0.06839708186950484,
      0.49463351036449005,
      0.46181737676412893,
      0.4610707601447109,
      0.9678017929207098,
      1.301924395994987,
      1.3041409140838847,
      1.2973280374316944,
      2.9977007246176997,
      4.2221286486940235,
      4.170530440761426,
      4.107896305923054,
      4.139790834633821,
      4.296265345825305,
      14.19307694217594,
      16.656491814407243,
      16.694697586729028,
      0.1579210808916062
    ]
  },
  "execution_memory": {
    "total_memory_mb": 136585.6,
    "layer_memory_total_mb": [
      0.8838005065917969,
      333.6816864013672,
      332.0801124572754,
      332.0801124572754,
      1363.3008270263672,
      1325.7226905822754,
      1325.7226905822754,
      1325.7226905822754,
      5451.132858276367,
      5300.976596832275,
      5300.976596832275,
      5300.976596832275,
      5300.976596832275,
      5300.976596832275,
      21802.031295776367,
      21201.718784332275,
      21201.718784332275,
      15.627296447753906
    ]
  }
}