{
  "model": {
    "model_name": "wideresnet_6.8B",
    "num_layers": 18,
    "parameters": {
      "total_parameters_bytes": 26872866960,
      "parameters_per_layer_bytes": [
        190720,
        87308800,
        86888960,
        86888960,
        357299200,
        347448320,
        347448320,
        347448320,
        1428940800,
        1389578240,
        1389578240,
        1389578240,
        1389578240,
        1389578240,
        5715251200,
        5557882880,
        5557882880,
        4096400
      ],
      "activation_parameters_bytes": [
        1174405120,
        6291456000,
        5620367360,
        5620367360,
        3523215360,
        2810183680,
        2810183680,
        2810183680,
        1761607680,
        1405091840,
        1405091840,
        1405091840,
        1405091840,
        1405091840,
        880803840,
        702545920,
        702545920,
        84705280
      ]
    }
  },
  "execution_time": {
    "total_time_ms": 2316.8757669385523,
    "forward_backward_time_ms": 1876.0434385182539,
    "batch_generator_time_ms": 71.66630106928712,
    "layernorm_grads_all_reduce_time_ms": null,
    "embedding_grads_all_reduce_time_ms": null,
    "optimizer_time_ms": 369.16602735101105,
    "layer_compute_total_ms": [
      2.1798738922594145,
      93.97486074718637,
      93.35539804282143,
      91.4613944562115,
      103.80585405117206,
      107.89307082358293,
      107.84440221298841,
      107.44001910795366,
      129.2499401446057,
      115.60393089978389,
      115.99336783268221,
      116.09563574983379,
      114.9327399118834,
      115.84516079734396,
      166.38510258185698,
      147.433576433202,
      146.12764638826692,
      0.42146444461927085
    ]
  },
  "execution_memory": {
    "total_memory_mb": 167872.0,
    "layer_memory_total_mb": [
      80.7275505065918,
      653.0566864013672,
      651.4551124572754,
      651.4551124572754,
      1522.9883270263672,
      1485.4101905822754,
      1485.4101905822754,
      1485.4101905822754,
      5530.976608276367,
      5380.820346832275,
      5380.820346832275,
      5380.820346832275,
      5380.820346832275,
      5380.820346832275,
      21841.953170776367,
      21241.640659332275,
      21241.640659332275,
      16.01715850830078
    ]
  }
}