{
  "model": {
    "model_name": "wide_resnet_6.8B",
    "num_layers": 18,
    "parameters": {
      "total_parameters_bytes": 26876194960,
      "parameters_per_layer_bytes": [
        193280,
        87372800,
        86942720,
        86942720,
        357427200,
        347555840,
        347555840,
        347555840,
        1429196800,
        1389793280,
        1389793280,
        1389793280,
        1389793280,
        1389793280,
        5715763200,
        5558312960,
        5558312960,
        4096400
      ],
      "activation_parameters_bytes": [
        1474560,
        8192000,
        7208960,
        7208960,
        4587520,
        3604480,
        3604480,
        3604480,
        2293760,
        1802240,
        1802240,
        1802240,
        1802240,
        1802240,
        1146880,
        901120,
        901120,
        82720
      ]
    }
  },
  "execution_time": {
    "total_time_ms": 220.42698312562047,
    "forward_backward_time_ms": 97.12425474511538,
    "batch_generator_time_ms": 0.3025114045230396,
    "layernorm_grads_all_reduce_time_ms": null,
    "embedding_grads_all_reduce_time_ms": null,
    "optimizer_time_ms": 123.00021697598204,
    "layer_compute_total_ms": [
      0.21521167154345908,
      1.0268614582696498,
      0.832319088104866,
      0.8338379185576121,
      1.7636263000647934,
      2.0340881808313354,
      1.995699190837289,
      2.012296265639761,
      5.055152011521075,
      6.144725759064256,
      6.163612085563621,
      6.140719568594694,
      6.164712687340973,
      4.293689665842147,
      17.868445951598165,
      17.149092629920734,
      17.09765050284729,
      0.33251380897366195
    ]
  },
  "execution_memory": {
    "total_memory_mb": 140182.0,
    "layer_memory_total_mb": [
      1.5278434753417969,
      336.9116668701172,
      334.8901710510254,
      334.8901710510254,
      1365.3857879638672,
      1327.3584327697754,
      1327.3584327697754,
      1327.3584327697754,
      5452.724655151367,
      5302.255893707275,
      5302.255893707275,
      5302.255893707275,
      5302.255893707275,
      5302.334018707275,
      21802.98834991455,
      21202.50005722046,
      21202.50005722046,
      15.665596008300781
    ]
  }
}