{
  "model": {
    "model_name": "wideresnet_6.8B",
    "num_layers": 18,
    "parameters": {
      "total_parameters_bytes": 26872866960,
      "parameters_per_layer_bytes": [
        190720,
        87308800,
        86888960,
        86888960,
        357299200,
        347448320,
        347448320,
        347448320,
        1428940800,
        1389578240,
        1389578240,
        1389578240,
        1389578240,
        1389578240,
        5715251200,
        5557882880,
        5557882880,
        4096400
      ],
      "activation_parameters_bytes": [
        1174405120,
        6291456000,
        5620367360,
        5620367360,
        3523215360,
        2810183680,
        2810183680,
        2810183680,
        1761607680,
        1405091840,
        1405091840,
        1405091840,
        1405091840,
        1405091840,
        880803840,
        702545920,
        702545920,
        84705280
      ]
    }
  },
  "execution_time": {
    "total_time_ms": 1227.8921435292316,
    "forward_backward_time_ms": 994.2609059785742,
    "batch_generator_time_ms": 37.98153068649714,
    "layernorm_grads_all_reduce_time_ms": null,
    "embedding_grads_all_reduce_time_ms": null,
    "optimizer_time_ms": 195.6497068641601,
    "layer_compute_total_ms": [
      1.1552842255874012,
      49.804566497407755,
      49.476265170788004,
      48.472485789519084,
      55.01477224659356,
      57.180905379565,
      57.15511210854103,
      56.94079814111401,
      68.49956666640465,
      61.267488114180594,
      61.473880945910985,
      61.528080646126874,
      60.91177195856659,
      61.39533454437127,
      88.18036908838104,
      78.13648568388972,
      77.44437207768915,
      0.22336669393747385
    ]
  },
  "execution_memory": {
    "total_memory_mb": 167872.0,
    "layer_memory_total_mb": [
      80.7275505065918,
      653.0566864013672,
      651.4551124572754,
      651.4551124572754,
      1522.9883270263672,
      1485.4101905822754,
      1485.4101905822754,
      1485.4101905822754,
      5530.976608276367,
      5380.820346832275,
      5380.820346832275,
      5380.820346832275,
      5380.820346832275,
      5380.820346832275,
      21841.953170776367,
      21241.640659332275,
      21241.640659332275,
      16.01715850830078
    ]
  }
}