{
  "model": {
    "model_name": "wideresnet_6.8B",
    "num_layers": 18,
    "parameters": {
      "total_parameters_bytes": 26872866960,
      "parameters_per_layer_bytes": [
        190720,
        87308800,
        86888960,
        86888960,
        357299200,
        347448320,
        347448320,
        347448320,
        1428940800,
        1389578240,
        1389578240,
        1389578240,
        1389578240,
        1389578240,
        5715251200,
        5557882880,
        5557882880,
        4096400
      ],
      "activation_parameters_bytes": [
        4587520,
        24576000,
        21954560,
        21954560,
        13762560,
        10977280,
        10977280,
        10977280,
        6881280,
        5488640,
        5488640,
        5488640,
        5488640,
        5488640,
        3440640,
        2744320,
        2744320,
        330880
      ]
    }
  },
  "execution_time": {
    "total_time_ms": 504.7195651212418,
    "forward_backward_time_ms": 135.41124096643688,
    "batch_generator_time_ms": 1.0366017839992172,
    "layernorm_grads_all_reduce_time_ms": null,
    "embedding_grads_all_reduce_time_ms": null,
    "optimizer_time_ms": 368.2717223708057,
    "layer_compute_total_ms": [
      0.13918210076396562,
      1.1285350504614506,
      1.0638416779886855,
      1.0691025544844293,
      2.4471220158360882,
      2.2281022621429902,
      2.219253423853078,
      2.2224891930784936,
      7.5668133155811,
      7.116270972004182,
      7.022257568182753,
      7.0075535284373265,
      7.033593766489481,
      7.048958167301318,
      27.170071812712976,
      26.24783355939843,
      26.39936441210429,
      0.2808955856158414
    ]
  },
  "execution_memory": {
    "total_memory_mb": 139741.2,
    "layer_memory_total_mb": [
      1.0400505065917969,
      334.3066864013672,
      332.7051124572754,
      332.7051124572754,
      1363.6133270263672,
      1326.0351905822754,
      1326.0351905822754,
      1326.0351905822754,
      5451.289108276367,
      5301.132846832275,
      5301.132846832275,
      5301.132846832275,
      5301.132846832275,
      5301.132846832275,
      21802.109420776367,
      21201.796909332275,
      21201.796909332275,
      15.628059387207031
    ]
  }
}