{
  "model": {
    "model_name": "wideresnet_6.8B",
    "num_layers": 18,
    "parameters": {
      "total_parameters_bytes": 26872866960,
      "parameters_per_layer_bytes": [
        190720,
        87308800,
        86888960,
        86888960,
        357299200,
        347448320,
        347448320,
        347448320,
        1428940800,
        1389578240,
        1389578240,
        1389578240,
        1389578240,
        1389578240,
        5715251200,
        5557882880,
        5557882880,
        4096400
      ],
      "activation_parameters_bytes": [
        73400320,
        393216000,
        351272960,
        351272960,
        220200960,
        175636480,
        175636480,
        175636480,
        110100480,
        87818240,
        87818240,
        87818240,
        87818240,
        87818240,
        55050240,
        43909120,
        43909120,
        5294080
      ]
    }
  },
  "execution_time": {
    "total_time_ms": 1577.4646759033203,
    "forward_backward_time_ms": 768.7774181365967,
    "batch_generator_time_ms": 10.710287094116211,
    "layernorm_grads_all_reduce_time_ms": null,
    "embedding_grads_all_reduce_time_ms": null,
    "optimizer_time_ms": 797.9769706726074,
    "layer_compute_total_ms": [
      0.4233360290527344,
      18.7258243560791,
      18.33329200744629,
      18.427085876464844,
      28.89423370361328,
      26.465463638305664,
      26.253604888916016,
      26.34587287902832,
      76.27887725830078,
      64.69478607177734,
      64.64543342590332,
      64.06393051147461,
      64.02134895324707,
      64.95957374572754,
      83.85133743286133,
      60.95409393310547,
      60.875844955444336,
      0.5634784698486328
    ]
  },
  "execution_memory": {
    "total_memory_mb": 134364.0,
    "layer_memory_total_mb": [
      5.727550506591797,
      353.0566864013672,
      351.4551124572754,
      351.4551124572754,
      1372.9883270263672,
      1335.4101905822754,
      1335.4101905822754,
      1335.4101905822754,
      5455.976608276367,
      5305.820346832275,
      5305.820346832275,
      5305.820346832275,
      5305.820346832275,
      5305.820346832275,
      21804.453170776367,
      21204.140659332275,
      21204.140659332275,
      15.650947570800781
    ]
  }
}