{
  "model": {
    "model_name": "wideresnet_6.8B",
    "num_layers": 18,
    "parameters": {
      "total_parameters_bytes": 26872866960,
      "parameters_per_layer_bytes": [
        190720,
        87308800,
        86888960,
        86888960,
        357299200,
        347448320,
        347448320,
        347448320,
        1428940800,
        1389578240,
        1389578240,
        1389578240,
        1389578240,
        1389578240,
        5715251200,
        5557882880,
        5557882880,
        4096400
      ],
      "activation_parameters_bytes": [
        73400320,
        393216000,
        351272960,
        351272960,
        220200960,
        175636480,
        175636480,
        175636480,
        110100480,
        87818240,
        87818240,
        87818240,
        87818240,
        87818240,
        55050240,
        43909120,
        43909120,
        5294080
      ]
    }
  },
  "execution_time": {
    "total_time_ms": 728.1984619453712,
    "forward_backward_time_ms": 354.8875242767805,
    "batch_generator_time_ms": 4.944145316257328,
    "layernorm_grads_all_reduce_time_ms": null,
    "embedding_grads_all_reduce_time_ms": null,
    "optimizer_time_ms": 368.3667923523334,
    "layer_compute_total_ms": [
      0.1954228515866656,
      8.6443244676445,
      8.463121391021225,
      8.506419064942262,
      13.338325011945207,
      12.21714198135647,
      12.11934250742095,
      12.161935796204482,
      35.21230107203915,
      29.864785204382226,
      29.842002747591035,
      29.573565974094823,
      29.55390922635131,
      29.987018037774966,
      38.707944389123185,
      28.13798503978764,
      28.10186328945494,
      0.2601162240594309
    ]
  },
  "execution_memory": {
    "total_memory_mb": 134364.0,
    "layer_memory_total_mb": [
      5.727550506591797,
      353.0566864013672,
      351.4551124572754,
      351.4551124572754,
      1372.9883270263672,
      1335.4101905822754,
      1335.4101905822754,
      1335.4101905822754,
      5455.976608276367,
      5305.820346832275,
      5305.820346832275,
      5305.820346832275,
      5305.820346832275,
      5305.820346832275,
      21804.453170776367,
      21204.140659332275,
      21204.140659332275,
      15.650947570800781
    ]
  }
}