{
  "model": {
    "model_name": "wideresnet_6.8B",
    "num_layers": 18,
    "parameters": {
      "total_parameters_bytes": 26872866960,
      "parameters_per_layer_bytes": [
        190720,
        87308800,
        86888960,
        86888960,
        357299200,
        347448320,
        347448320,
        347448320,
        1428940800,
        1389578240,
        1389578240,
        1389578240,
        1389578240,
        1389578240,
        5715251200,
        5557882880,
        5557882880,
        4096400
      ],
      "activation_parameters_bytes": [
        4587520,
        24576000,
        21954560,
        21954560,
        13762560,
        10977280,
        10977280,
        10977280,
        6881280,
        5488640,
        5488640,
        5488640,
        5488640,
        5488640,
        3440640,
        2744320,
        2744320,
        330880
      ]
    }
  },
  "execution_time": {
    "total_time_ms": 267.49003875886274,
    "forward_backward_time_ms": 71.76491778319905,
    "batch_generator_time_ms": 0.5493756742179186,
    "layernorm_grads_all_reduce_time_ms": null,
    "embedding_grads_all_reduce_time_ms": null,
    "optimizer_time_ms": 195.17574530144577,
    "layer_compute_total_ms": [
      0.07376338882157242,
      0.5980982415772886,
      0.5638122065074482,
      0.5666003529455876,
      1.2969197314679501,
      1.1808441789177928,
      1.1761544932770727,
      1.1778693783247987,
      4.010241185280103,
      3.7714638576824524,
      3.721638864220973,
      3.7138460532557964,
      3.727646794830353,
      3.7357895823358813,
      14.399528103329724,
      13.910762532958472,
      13.991070483084632,
      0.14886835438116172
    ]
  },
  "execution_memory": {
    "total_memory_mb": 139741.2,
    "layer_memory_total_mb": [
      1.0400505065917969,
      334.3066864013672,
      332.7051124572754,
      332.7051124572754,
      1363.6133270263672,
      1326.0351905822754,
      1326.0351905822754,
      1326.0351905822754,
      5451.289108276367,
      5301.132846832275,
      5301.132846832275,
      5301.132846832275,
      5301.132846832275,
      5301.132846832275,
      21802.109420776367,
      21201.796909332275,
      21201.796909332275,
      15.628059387207031
    ]
  }
}