{
  "model": {
    "model_name": "wideresnet_13B",
    "num_layers": 35,
    "parameters": {
      "total_parameters_bytes": 50495697040,
      "parameters_per_layer_bytes": [
        190720,
        87308800,
        86888960,
        86888960,
        357299200,
        347448320,
        347448320,
        347448320,
        1428940800,
        1389578240,
        1389578240,
        1389578240,
        1389578240,
        1389578240,
        1389578240,
        1389578240,
        1389578240,
        1389578240,
        1389578240,
        1389578240,
        1389578240,
        1389578240,
        1389578240,
        1389578240,
        1389578240,
        1389578240,
        1389578240,
        1389578240,
        1389578240,
        1389578240,
        1389578240,
        5715251200,
        5557882880,
        5557882880,
        4096400
      ],
      "activation_parameters_bytes": [
        73400320,
        393216000,
        351272960,
        351272960,
        220200960,
        175636480,
        175636480,
        175636480,
        110100480,
        87818240,
        87818240,
        87818240,
        87818240,
        87818240,
        87818240,
        87818240,
        87818240,
        87818240,
        87818240,
        87818240,
        87818240,
        87818240,
        87818240,
        87818240,
        87818240,
        87818240,
        87818240,
        87818240,
        87818240,
        87818240,
        87818240,
        55050240,
        43909120,
        43909120,
        5294080
      ]
    }
  },
  "execution_time": {
    "total_time_ms": 826.0102849972989,
    "forward_backward_time_ms": 456.3581393747132,
    "batch_generator_time_ms": 2.6344892380978124,
    "layernorm_grads_all_reduce_time_ms": null,
    "embedding_grads_all_reduce_time_ms": null,
    "optimizer_time_ms": 367.01765638448785,
    "layer_compute_total_ms": [
      0.10453799260321216,
      4.565980599590093,
      4.452168228667547,
      4.459646060746406,
      7.046637649376081,
      6.450055972806986,
      6.431437220860247,
      6.424181040590277,
      18.630569487918052,
      15.798745977542632,
      15.782227084838006,
      15.676592499075024,
      15.683393709842536,
      15.85069416201558,
      15.843414649976255,
      15.842913016935084,
      15.837966681831439,
      15.810761838761392,
      15.723512687251581,
      15.678354047661463,
      15.889308240301112,
      15.862558366733522,
      15.877094059042818,
      15.865673157942656,
      15.86058683222287,
      15.713608351159612,
      15.71486826670488,
      15.951615730368488,
      15.831958751222059,
      15.71486826670488,
      15.68738344240255,
      20.436168454903292,
      14.843473344766533,
      14.884537258834527,
      0.13064624251348878
    ]
  },
  "execution_memory": {
    "total_memory_mb": 245798.0,
    "layer_memory_total_mb": [
      5.727550506591797,
      353.0566864013672,
      351.4551124572754,
      351.4551124572754,
      1372.9883270263672,
      1335.4101905822754,
      1335.4101905822754,
      1335.4101905822754,
      5455.976608276367,
      5305.820346832275,
      5305.820346832275,
      5305.820346832275,
      5305.820346832275,
      5305.820346832275,
      5305.820346832275,
      5305.820346832275,
      5305.820346832275,
      5305.820346832275,
      5305.820346832275,
      5305.820346832275,
      5305.820346832275,
      5305.820346832275,
      5305.820346832275,
      5305.820346832275,
      5305.820346832275,
      5305.820346832275,
      5305.820346832275,
      5305.820346832275,
      5305.820346832275,
      5305.820346832275,
      5305.820346832275,
      21804.453170776367,
      21204.140659332275,
      21204.140659332275,
      15.650947570800781
    ]
  }
}