{
  "model": {
    "model_name": "wideresnet_13B",
    "num_layers": 35,
    "parameters": {
      "total_parameters_bytes": 50495697040,
      "parameters_per_layer_bytes": [
        190720,
        87308800,
        86888960,
        86888960,
        357299200,
        347448320,
        347448320,
        347448320,
        1428940800,
        1389578240,
        1389578240,
        1389578240,
        1389578240,
        1389578240,
        1389578240,
        1389578240,
        1389578240,
        1389578240,
        1389578240,
        1389578240,
        1389578240,
        1389578240,
        1389578240,
        1389578240,
        1389578240,
        1389578240,
        1389578240,
        1389578240,
        1389578240,
        1389578240,
        1389578240,
        5715251200,
        5557882880,
        5557882880,
        4096400
      ],
      "activation_parameters_bytes": [
        18350080,
        98304000,
        87818240,
        87818240,
        55050240,
        43909120,
        43909120,
        43909120,
        27525120,
        21954560,
        21954560,
        21954560,
        21954560,
        21954560,
        21954560,
        21954560,
        21954560,
        21954560,
        21954560,
        21954560,
        21954560,
        21954560,
        21954560,
        21954560,
        21954560,
        21954560,
        21954560,
        21954560,
        21954560,
        21954560,
        21954560,
        13762560,
        10977280,
        10977280,
        1323520
      ]
    }
  },
  "execution_time": {
    "total_time_ms": 689.0720242507415,
    "forward_backward_time_ms": 320.949567756612,
    "batch_generator_time_ms": 1.1666176325524744,
    "layernorm_grads_all_reduce_time_ms": null,
    "embedding_grads_all_reduce_time_ms": null,
    "optimizer_time_ms": 366.955838861577,
    "layer_compute_total_ms": [
      0.0858725771177597,
      1.2710331333665632,
      1.2311241418817305,
      1.2345889096312173,
      3.1237972721066094,
      2.460230085714096,
      2.449077499961538,
      2.4531605595989805,
      11.677888873741866,
      11.32492586691196,
      11.264344927776989,
      11.237933364865073,
      11.192821388813671,
      11.366421418713056,
      11.33225204249,
      11.345399494522566,
      11.34171307496419,
      11.313983267083614,
      11.31422825066186,
      11.167413091984098,
      11.421286074355608,
      11.373432615404779,
      11.403518931990392,
      11.377224027925262,
      11.349400892967259,
      11.311463435993078,
      11.169979586613348,
      11.348759269309948,
      11.259946889253229,
      11.277527377463588,
      11.150462561546371,
      18.377314797434494,
      13.956761116245433,
      13.79598189360762,
      0.18829904459418007
    ]
  },
  "execution_memory": {
    "total_memory_mb": 254340.8,
    "layer_memory_total_mb": [
      1.9775505065917969,
      338.0566864013672,
      336.4551124572754,
      336.4551124572754,
      1365.4883270263672,
      1327.9101905822754,
      1327.9101905822754,
      1327.9101905822754,
      5452.226608276367,
      5302.070346832275,
      5302.070346832275,
      5302.070346832275,
      5302.070346832275,
      5302.070346832275,
      5302.070346832275,
      5302.070346832275,
      5302.070346832275,
      5302.070346832275,
      5302.070346832275,
      5302.070346832275,
      5302.070346832275,
      5302.070346832275,
      5302.070346832275,
      5302.070346832275,
      5302.070346832275,
      5302.070346832275,
      5302.070346832275,
      5302.070346832275,
      5302.070346832275,
      5302.070346832275,
      5302.070346832275,
      21802.578170776367,
      21202.265659332275,
      21202.265659332275,
      15.632637023925781
    ]
  }
}