{
  "model": {
    "model_name": "wideresnet_13B",
    "num_layers": 35,
    "parameters": {
      "total_parameters_bytes": 50495697040,
      "parameters_per_layer_bytes": [
        190720,
        87308800,
        86888960,
        86888960,
        357299200,
        347448320,
        347448320,
        347448320,
        1428940800,
        1389578240,
        1389578240,
        1389578240,
        1389578240,
        1389578240,
        1389578240,
        1389578240,
        1389578240,
        1389578240,
        1389578240,
        1389578240,
        1389578240,
        1389578240,
        1389578240,
        1389578240,
        1389578240,
        1389578240,
        1389578240,
        1389578240,
        1389578240,
        1389578240,
        1389578240,
        5715251200,
        5557882880,
        5557882880,
        4096400
      ],
      "activation_parameters_bytes": [
        36700160,
        196608000,
        175636480,
        175636480,
        110100480,
        87818240,
        87818240,
        87818240,
        55050240,
        43909120,
        43909120,
        43909120,
        43909120,
        43909120,
        43909120,
        43909120,
        43909120,
        43909120,
        43909120,
        43909120,
        43909120,
        43909120,
        43909120,
        43909120,
        43909120,
        43909120,
        43909120,
        43909120,
        43909120,
        43909120,
        43909120,
        27525120,
        21954560,
        21954560,
        2647040
      ]
    }
  },
  "execution_time": {
    "total_time_ms": 1271.553529846751,
    "forward_backward_time_ms": 576.4618627432551,
    "batch_generator_time_ms": 2.5617937150184193,
    "layernorm_grads_all_reduce_time_ms": null,
    "embedding_grads_all_reduce_time_ms": null,
    "optimizer_time_ms": 692.5298733884773,
    "layer_compute_total_ms": [
      0.13396524833931595,
      4.280768600976032,
      4.162035681235271,
      4.160538862818072,
      7.869875020992815,
      6.8102376417936155,
      6.715739973190151,
      6.707111255255709,
      21.682405314728012,
      19.16977548110392,
      19.158197150406174,
      19.037879364106026,
      19.099491051602204,
      19.23816687554859,
      19.21974280179571,
      19.248006255438117,
      19.242811415049015,
      19.205985279578808,
      19.107019167759294,
      19.087164311695858,
      19.35971733583937,
      19.283555692846594,
      19.29691699842365,
      19.291986302461112,
      19.259936778704617,
      19.132619165100508,
      19.197422597751007,
      19.296674866032635,
      19.18197014879698,
      19.098676606286965,
      19.115757945871472,
      37.36536430500227,
      26.84891621408159,
      27.10427783846286,
      0.2911531941807644
    ]
  },
  "execution_memory": {
    "total_memory_mb": 247772.0,
    "layer_memory_total_mb": [
      3.227550506591797,
      343.0566864013672,
      341.4551124572754,
      341.4551124572754,
      1367.9883270263672,
      1330.4101905822754,
      1330.4101905822754,
      1330.4101905822754,
      5453.476608276367,
      5303.320346832275,
      5303.320346832275,
      5303.320346832275,
      5303.320346832275,
      5303.320346832275,
      5303.320346832275,
      5303.320346832275,
      5303.320346832275,
      5303.320346832275,
      5303.320346832275,
      5303.320346832275,
      5303.320346832275,
      5303.320346832275,
      5303.320346832275,
      5303.320346832275,
      5303.320346832275,
      5303.320346832275,
      5303.320346832275,
      5303.320346832275,
      5303.320346832275,
      5303.320346832275,
      5303.320346832275,
      21803.203170776367,
      21202.890659332275,
      21202.890659332275,
      15.638740539550781
    ]
  }
}