{
  "model": {
    "model_name": "wideresnet_13B",
    "num_layers": 35,
    "parameters": {
      "total_parameters_bytes": 50495697040,
      "parameters_per_layer_bytes": [
        190720,
        87308800,
        86888960,
        86888960,
        357299200,
        347448320,
        347448320,
        347448320,
        1428940800,
        1389578240,
        1389578240,
        1389578240,
        1389578240,
        1389578240,
        1389578240,
        1389578240,
        1389578240,
        1389578240,
        1389578240,
        1389578240,
        1389578240,
        1389578240,
        1389578240,
        1389578240,
        1389578240,
        1389578240,
        1389578240,
        1389578240,
        1389578240,
        1389578240,
        1389578240,
        5715251200,
        5557882880,
        5557882880,
        4096400
      ],
      "activation_parameters_bytes": [
        587202560,
        3145728000,
        2810183680,
        2810183680,
        1761607680,
        1405091840,
        1405091840,
        1405091840,
        880803840,
        702545920,
        702545920,
        702545920,
        702545920,
        702545920,
        702545920,
        702545920,
        702545920,
        702545920,
        702545920,
        702545920,
        702545920,
        702545920,
        702545920,
        702545920,
        702545920,
        702545920,
        702545920,
        702545920,
        702545920,
        702545920,
        702545920,
        440401920,
        351272960,
        351272960,
        42352640
      ]
    }
  },
  "execution_time": {
    "total_time_ms": 2797.113259967908,
    "forward_backward_time_ms": 2063.672598738955,
    "batch_generator_time_ms": 40.142809932275085,
    "layernorm_grads_all_reduce_time_ms": null,
    "embedding_grads_all_reduce_time_ms": null,
    "optimizer_time_ms": 693.2978512966782,
    "layer_compute_total_ms": [
      1.121777355548508,
      46.28759072142821,
      45.760292409898746,
      46.51702216793506,
      49.90557693208272,
      54.00516446847102,
      53.48521817681427,
      53.51764190517507,
      70.62889584599043,
      62.705465542511654,
      63.40003331216312,
      63.27128491624845,
      63.39301147282361,
      63.29822764775803,
      63.275863419642235,
      62.68142839969428,
      63.821783913244495,
      63.696623479124,
      63.68284394487155,
      63.62710947086643,
      63.97256635674176,
      62.95305691834482,
      63.76261556169404,
      63.4835469750286,
      63.60751875922956,
      63.59770139137558,
      63.716918575898376,
      62.928073257998925,
      63.33809144413373,
      63.170007540696496,
      62.49150855699438,
      113.7006822582442,
      67.44685799934516,
      66.94014094105218,
      0.4804566998853515
    ]
  },
  "execution_memory": {
    "total_memory_mb": 296136.0,
    "layer_memory_total_mb": [
      40.7275505065918,
      493.0566864013672,
      491.4551124572754,
      491.4551124572754,
      1442.9883270263672,
      1405.4101905822754,
      1405.4101905822754,
      1405.4101905822754,
      5490.976608276367,
      5340.820346832275,
      5340.820346832275,
      5340.820346832275,
      5340.820346832275,
      5340.820346832275,
      5340.820346832275,
      5340.820346832275,
      5340.820346832275,
      5340.820346832275,
      5340.820346832275,
      5340.820346832275,
      5340.820346832275,
      5340.820346832275,
      5340.820346832275,
      5340.820346832275,
      5340.820346832275,
      5340.820346832275,
      5340.820346832275,
      5340.820346832275,
      5340.820346832275,
      5340.820346832275,
      5340.820346832275,
      21821.953170776367,
      21221.640659332275,
      21221.640659332275,
      15.821846008300781
    ]
  }
}