{
  "model": {
    "model_name": "wideresnet_13B",
    "num_layers": 35,
    "parameters": {
      "total_parameters_bytes": 50495697040,
      "parameters_per_layer_bytes": [
        190720,
        87308800,
        86888960,
        86888960,
        357299200,
        347448320,
        347448320,
        347448320,
        1428940800,
        1389578240,
        1389578240,
        1389578240,
        1389578240,
        1389578240,
        1389578240,
        1389578240,
        1389578240,
        1389578240,
        1389578240,
        1389578240,
        1389578240,
        1389578240,
        1389578240,
        1389578240,
        1389578240,
        1389578240,
        1389578240,
        1389578240,
        1389578240,
        1389578240,
        1389578240,
        5715251200,
        5557882880,
        5557882880,
        4096400
      ],
      "activation_parameters_bytes": [
        146800640,
        786432000,
        702545920,
        702545920,
        440401920,
        351272960,
        351272960,
        351272960,
        220200960,
        175636480,
        175636480,
        175636480,
        175636480,
        175636480,
        175636480,
        175636480,
        175636480,
        175636480,
        175636480,
        175636480,
        175636480,
        175636480,
        175636480,
        175636480,
        175636480,
        175636480,
        175636480,
        175636480,
        175636480,
        175636480,
        175636480,
        110100480,
        87818240,
        87818240,
        10588160
      ]
    }
  },
  "execution_time": {
    "total_time_ms": 2109.630999468777,
    "forward_backward_time_ms": 1407.3544608844948,
    "batch_generator_time_ms": 9.543934348416682,
    "layernorm_grads_all_reduce_time_ms": null,
    "embedding_grads_all_reduce_time_ms": null,
    "optimizer_time_ms": 692.7326042358657,
    "layer_compute_total_ms": [
      0.33999790105965727,
      14.890833879078292,
      14.582775441597397,
      14.594397796366238,
      14.740931917002916,
      16.298327456027444,
      16.237464177739866,
      16.11049875670451,
      61.86988867314583,
      50.34588367913026,
      50.42759235508089,
      49.9444501868588,
      49.96386480221129,
      50.43241299086569,
      50.47394970194296,
      50.620483822579644,
      50.62876034794533,
      50.27813063371645,
      49.89800479185453,
      50.66924048131635,
      50.681391124938315,
      50.83963564848602,
      50.65777221079634,
      50.420328383350366,
      49.919752682975016,
      50.66783171104134,
      50.655196802637334,
      50.61491477758624,
      50.53708021989189,
      50.22759100010044,
      49.83507238222553,
      64.28799882613092,
      32.118443439795335,
      32.27175726738051,
      0.2718046149349118
    ]
  },
  "execution_memory": {
    "total_memory_mb": 256508.0,
    "layer_memory_total_mb": [
      10.727550506591797,
      373.0566864013672,
      371.4551124572754,
      371.4551124572754,
      1382.9883270263672,
      1345.4101905822754,
      1345.4101905822754,
      1345.4101905822754,
      5460.976608276367,
      5310.820346832275,
      5310.820346832275,
      5310.820346832275,
      5310.820346832275,
      5310.820346832275,
      5310.820346832275,
      5310.820346832275,
      5310.820346832275,
      5310.820346832275,
      5310.820346832275,
      5310.820346832275,
      5310.820346832275,
      5310.820346832275,
      5310.820346832275,
      5310.820346832275,
      5310.820346832275,
      5310.820346832275,
      5310.820346832275,
      5310.820346832275,
      5310.820346832275,
      5310.820346832275,
      5310.820346832275,
      21806.953170776367,
      21206.640659332275,
      21206.640659332275,
      15.675361633300781
    ]
  }
}