{
  "model": {
    "model_name": "wideresnet_13B",
    "num_layers": 35,
    "parameters": {
      "total_parameters_bytes": 50495697040,
      "parameters_per_layer_bytes": [
        190720,
        87308800,
        86888960,
        86888960,
        357299200,
        347448320,
        347448320,
        347448320,
        1428940800,
        1389578240,
        1389578240,
        1389578240,
        1389578240,
        1389578240,
        1389578240,
        1389578240,
        1389578240,
        1389578240,
        1389578240,
        1389578240,
        1389578240,
        1389578240,
        1389578240,
        1389578240,
        1389578240,
        1389578240,
        1389578240,
        1389578240,
        1389578240,
        1389578240,
        1389578240,
        5715251200,
        5557882880,
        5557882880,
        4096400
      ],
      "activation_parameters_bytes": [
        293601280,
        1572864000,
        1405091840,
        1405091840,
        880803840,
        702545920,
        702545920,
        702545920,
        440401920,
        351272960,
        351272960,
        351272960,
        351272960,
        351272960,
        351272960,
        351272960,
        351272960,
        351272960,
        351272960,
        351272960,
        351272960,
        351272960,
        351272960,
        351272960,
        351272960,
        351272960,
        351272960,
        351272960,
        351272960,
        351272960,
        351272960,
        220200960,
        175636480,
        175636480,
        21176320
      ]
    }
  },
  "execution_time": {
    "total_time_ms": 1811.5215733140853,
    "forward_backward_time_ms": 1434.1122385051885,
    "batch_generator_time_ms": 10.254382627628512,
    "layernorm_grads_all_reduce_time_ms": null,
    "embedding_grads_all_reduce_time_ms": null,
    "optimizer_time_ms": 367.1549521812681,
    "layer_compute_total_ms": [
      0.31972690138112214,
      16.070456097587428,
      15.75025089493449,
      15.702000795904596,
      13.460424386717898,
      15.014331891766492,
      14.925379521093632,
      14.916910088817108,
      54.237416021047856,
      53.09390267310097,
      53.06137818661757,
      52.72561069380363,
      53.371224083676076,
      53.36836594192987,
      53.21136646592785,
      53.57419881119569,
      53.27950689833443,
      52.946772535536894,
      53.703981778242984,
      53.61161130335935,
      53.4882912364239,
      53.19593250049832,
      53.07832871705529,
      53.04961897486174,
      53.37999682895425,
      53.50355021358326,
      53.398685576209054,
      53.513862855638976,
      53.113804672362335,
      52.87202921240233,
      52.77816550427986,
      56.69063491007023,
      22.607341250055804,
      22.901904838185597,
      0.1952752436318679
    ]
  },
  "execution_memory": {
    "total_memory_mb": 265490.0,
    "layer_memory_total_mb": [
      20.727550506591797,
      413.0566864013672,
      411.4551124572754,
      411.4551124572754,
      1402.9883270263672,
      1365.4101905822754,
      1365.4101905822754,
      1365.4101905822754,
      5470.976608276367,
      5320.820346832275,
      5320.820346832275,
      5320.820346832275,
      5320.820346832275,
      5320.820346832275,
      5320.820346832275,
      5320.820346832275,
      5320.820346832275,
      5320.820346832275,
      5320.820346832275,
      5320.820346832275,
      5320.820346832275,
      5320.820346832275,
      5320.820346832275,
      5320.820346832275,
      5320.820346832275,
      5320.820346832275,
      5320.820346832275,
      5320.820346832275,
      5320.820346832275,
      5320.820346832275,
      5320.820346832275,
      21811.953170776367,
      21211.640659332275,
      21211.640659332275,
      15.724189758300781
    ]
  }
}