{
  "model": {
    "model_name": "wide_resnet_13B",
    "num_layers": 35,
    "parameters": {
      "total_parameters_bytes": 50502680720,
      "parameters_per_layer_bytes": [
        193280,
        87372800,
        86942720,
        86942720,
        357427200,
        347555840,
        347555840,
        347555840,
        1429196800,
        1389793280,
        1389793280,
        1389793280,
        1389793280,
        1389793280,
        1389793280,
        1389793280,
        1389793280,
        1389793280,
        1389793280,
        1389793280,
        1389793280,
        1389793280,
        1389793280,
        1389793280,
        1389793280,
        1389793280,
        1389793280,
        1389793280,
        1389793280,
        1389793280,
        1389793280,
        5715763200,
        5558312960,
        5558312960,
        4096400
      ],
      "activation_parameters_bytes": [
        1474560,
        8192000,
        7208960,
        7208960,
        4587520,
        3604480,
        3604480,
        3604480,
        2293760,
        1802240,
        1802240,
        1802240,
        1802240,
        1802240,
        1802240,
        1802240,
        1802240,
        1802240,
        1802240,
        1802240,
        1802240,
        1802240,
        1802240,
        1802240,
        1802240,
        1802240,
        1802240,
        1802240,
        1802240,
        1802240,
        1802240,
        1146880,
        901120,
        901120,
        82720
      ]
    }
  },
  "execution_time": {
    "total_time_ms": 301.91078412110295,
    "forward_backward_time_ms": 172.3308615516115,
    "batch_generator_time_ms": 0.6216418958840982,
    "layernorm_grads_all_reduce_time_ms": null,
    "embedding_grads_all_reduce_time_ms": null,
    "optimizer_time_ms": 128.95828067360736,
    "layer_compute_total_ms": [
      0.23244709537679534,
      1.0255187241012802,
      0.8258255376184878,
      0.9666365290129347,
      1.7134828830886248,
      1.989799965310681,
      1.9859698711254952,
      1.9919351327587442,
      5.1100720402109525,
      6.12383633733011,
      6.133433584828622,
      6.313976300385486,
      6.369336569786304,
      4.178302575504537,
      4.168463195615008,
      4.176189420092021,
      4.177664226473673,
      4.175617107167798,
      4.16524943842514,
      4.38440126433152,
      4.192390278254646,
      4.175727167345533,
      4.1804377429526,
      4.179403177281889,
      4.175815215487721,
      4.19749707050156,
      4.20465098205435,
      4.320698433458372,
      4.177884346829144,
      4.17493473406584,
      4.236942638201866,
      17.90454568989532,
      19.630267264748102,
      17.983546885473665,
      0.38796212651666834
    ]
  },
  "execution_memory": {
    "total_memory_mb": 253838.0,
    "layer_memory_total_mb": [
      1.5278434753417969,
      336.9116668701172,
      334.8901710510254,
      334.8901710510254,
      1365.3857879638672,
      1327.3584327697754,
      1327.3584327697754,
      1327.3584327697754,
      5452.724655151367,
      5302.255893707275,
      5302.255893707275,
      5302.255893707275,
      5302.255893707275,
      5302.334018707275,
      5302.255893707275,
      5302.255893707275,
      5302.255893707275,
      5302.255893707275,
      5302.255893707275,
      5302.255893707275,
      5302.334018707275,
      5302.255893707275,
      5302.255893707275,
      5302.255893707275,
      5302.255893707275,
      5302.255893707275,
      5302.255893707275,
      5302.334018707275,
      5302.255893707275,
      5302.255893707275,
      5302.255893707275,
      21803.06647491455,
      21202.50005722046,
      21202.50005722046,
      15.665596008300781
    ]
  }
}