{
  "model": {
    "model_name": "wide_resnet_13B",
    "num_layers": 35,
    "parameters": {
      "total_parameters_bytes": 50502680720,
      "parameters_per_layer_bytes": [
        193280,
        87372800,
        86942720,
        86942720,
        357427200,
        347555840,
        347555840,
        347555840,
        1429196800,
        1389793280,
        1389793280,
        1389793280,
        1389793280,
        1389793280,
        1389793280,
        1389793280,
        1389793280,
        1389793280,
        1389793280,
        1389793280,
        1389793280,
        1389793280,
        1389793280,
        1389793280,
        1389793280,
        1389793280,
        1389793280,
        1389793280,
        1389793280,
        1389793280,
        1389793280,
        5715763200,
        5558312960,
        5558312960,
        4096400
      ],
      "activation_parameters_bytes": [
        1474560,
        8192000,
        7208960,
        7208960,
        4587520,
        3604480,
        3604480,
        3604480,
        2293760,
        1802240,
        1802240,
        1802240,
        1802240,
        1802240,
        1802240,
        1802240,
        1802240,
        1802240,
        1802240,
        1802240,
        1802240,
        1802240,
        1802240,
        1802240,
        1802240,
        1802240,
        1802240,
        1802240,
        1802240,
        1802240,
        1802240,
        1146880,
        901120,
        901120,
        82720
      ]
    }
  },
  "execution_time": {
    "total_time_ms": 160.00593780602316,
    "forward_backward_time_ms": 91.33148786240449,
    "batch_generator_time_ms": 0.3294562492029143,
    "layernorm_grads_all_reduce_time_ms": null,
    "embedding_grads_all_reduce_time_ms": null,
    "optimizer_time_ms": 68.34499369441575,
    "layer_compute_total_ms": [
      0.12319174220398621,
      0.5435019012823403,
      0.43766899547982485,
      0.5122956597675995,
      0.9081074610212971,
      1.05454931138935,
      1.0525194474553072,
      1.0556809022031555,
      2.708223462207689,
      3.245495781071759,
      3.250582106791545,
      3.3462656929238457,
      3.3756053928900416,
      2.214406563770687,
      2.209191913319439,
      2.2132866388415597,
      2.214068253115013,
      2.2129833258399216,
      2.2074886941563916,
      2.323634242014619,
      2.221872729964868,
      2.2130416552633134,
      2.2155381545844928,
      2.2149898580046075,
      2.213088318802027,
      2.224579215210259,
      2.228370627730741,
      2.2898731717553074,
      2.2141849119617976,
      2.212621683414891,
      2.2454844805539658,
      9.489007265647535,
      10.403600958550028,
      9.530876125758342,
      0.2056112174569372
    ]
  },
  "execution_memory": {
    "total_memory_mb": 253838.0,
    "layer_memory_total_mb": [
      1.5278434753417969,
      336.9116668701172,
      334.8901710510254,
      334.8901710510254,
      1365.3857879638672,
      1327.3584327697754,
      1327.3584327697754,
      1327.3584327697754,
      5452.724655151367,
      5302.255893707275,
      5302.255893707275,
      5302.255893707275,
      5302.255893707275,
      5302.334018707275,
      5302.255893707275,
      5302.255893707275,
      5302.255893707275,
      5302.255893707275,
      5302.255893707275,
      5302.255893707275,
      5302.334018707275,
      5302.255893707275,
      5302.255893707275,
      5302.255893707275,
      5302.255893707275,
      5302.255893707275,
      5302.255893707275,
      5302.334018707275,
      5302.255893707275,
      5302.255893707275,
      5302.255893707275,
      21803.06647491455,
      21202.50005722046,
      21202.50005722046,
      15.665596008300781
    ]
  }
}