{
  "model": {
    "model_name": "wideresnet_13B",
    "num_layers": 35,
    "parameters": {
      "total_parameters_bytes": 50495697040,
      "parameters_per_layer_bytes": [
        190720,
        87308800,
        86888960,
        86888960,
        357299200,
        347448320,
        347448320,
        347448320,
        1428940800,
        1389578240,
        1389578240,
        1389578240,
        1389578240,
        1389578240,
        1389578240,
        1389578240,
        1389578240,
        1389578240,
        1389578240,
        1389578240,
        1389578240,
        1389578240,
        1389578240,
        1389578240,
        1389578240,
        1389578240,
        1389578240,
        1389578240,
        1389578240,
        1389578240,
        1389578240,
        5715251200,
        5557882880,
        5557882880,
        4096400
      ],
      "activation_parameters_bytes": [
        36700160,
        196608000,
        175636480,
        175636480,
        110100480,
        87818240,
        87818240,
        87818240,
        55050240,
        43909120,
        43909120,
        43909120,
        43909120,
        43909120,
        43909120,
        43909120,
        43909120,
        43909120,
        43909120,
        43909120,
        43909120,
        43909120,
        43909120,
        43909120,
        43909120,
        43909120,
        43909120,
        43909120,
        43909120,
        43909120,
        43909120,
        27525120,
        21954560,
        21954560,
        2647040
      ]
    }
  },
  "execution_time": {
    "total_time_ms": 673.8948249429798,
    "forward_backward_time_ms": 305.5118459122121,
    "batch_generator_time_ms": 1.3576931577001157,
    "layernorm_grads_all_reduce_time_ms": null,
    "embedding_grads_all_reduce_time_ms": null,
    "optimizer_time_ms": 367.0252858730675,
    "layer_compute_total_ms": [
      0.07099857415278978,
      2.2687112569486754,
      2.205785474993344,
      2.2049921948352122,
      4.170857085532421,
      3.609273062998549,
      3.5591914200741446,
      3.5546183932802085,
      11.491188055348626,
      10.159550651077735,
      10.153414395736894,
      10.089648670084717,
      10.12230148129958,
      10.19579655477355,
      10.186032209297721,
      10.201011205224797,
      10.198258056440693,
      10.178741031373717,
      10.126291213859595,
      10.115768585879671,
      10.260215569967716,
      10.219851608980425,
      10.226932800980219,
      10.224319642812254,
      10.207334114720494,
      10.139858637740584,
      10.174203002233815,
      10.226804476248757,
      10.166013551189574,
      10.12186984356648,
      10.130922570076924,
      19.80280424394318,
      14.229322845871755,
      14.364658774025964,
      0.15430465664129978
    ]
  },
  "execution_memory": {
    "total_memory_mb": 247772.0,
    "layer_memory_total_mb": [
      3.227550506591797,
      343.0566864013672,
      341.4551124572754,
      341.4551124572754,
      1367.9883270263672,
      1330.4101905822754,
      1330.4101905822754,
      1330.4101905822754,
      5453.476608276367,
      5303.320346832275,
      5303.320346832275,
      5303.320346832275,
      5303.320346832275,
      5303.320346832275,
      5303.320346832275,
      5303.320346832275,
      5303.320346832275,
      5303.320346832275,
      5303.320346832275,
      5303.320346832275,
      5303.320346832275,
      5303.320346832275,
      5303.320346832275,
      5303.320346832275,
      5303.320346832275,
      5303.320346832275,
      5303.320346832275,
      5303.320346832275,
      5303.320346832275,
      5303.320346832275,
      5303.320346832275,
      21803.203170776367,
      21202.890659332275,
      21202.890659332275,
      15.638740539550781
    ]
  }
}