{
  "model": {
    "model_name": "wideresnet_13B",
    "num_layers": 35,
    "parameters": {
      "total_parameters_bytes": 50495697040,
      "parameters_per_layer_bytes": [
        190720,
        87308800,
        86888960,
        86888960,
        357299200,
        347448320,
        347448320,
        347448320,
        1428940800,
        1389578240,
        1389578240,
        1389578240,
        1389578240,
        1389578240,
        1389578240,
        1389578240,
        1389578240,
        1389578240,
        1389578240,
        1389578240,
        1389578240,
        1389578240,
        1389578240,
        1389578240,
        1389578240,
        1389578240,
        1389578240,
        1389578240,
        1389578240,
        1389578240,
        1389578240,
        5715251200,
        5557882880,
        5557882880,
        4096400
      ],
      "activation_parameters_bytes": [
        146800640,
        786432000,
        702545920,
        702545920,
        440401920,
        351272960,
        351272960,
        351272960,
        220200960,
        175636480,
        175636480,
        175636480,
        175636480,
        175636480,
        175636480,
        175636480,
        175636480,
        175636480,
        175636480,
        175636480,
        175636480,
        175636480,
        175636480,
        175636480,
        175636480,
        175636480,
        175636480,
        175636480,
        175636480,
        175636480,
        175636480,
        110100480,
        87818240,
        87818240,
        10588160
      ]
    }
  },
  "execution_time": {
    "total_time_ms": 1118.0570693336333,
    "forward_backward_time_ms": 745.8662697155829,
    "batch_generator_time_ms": 5.0580709470946905,
    "layernorm_grads_all_reduce_time_ms": null,
    "embedding_grads_all_reduce_time_ms": null,
    "optimizer_time_ms": 367.1327286709557,
    "layer_compute_total_ms": [
      0.18019125474268663,
      7.891807662557368,
      7.728543606483051,
      7.734703193593251,
      7.812362987897411,
      8.637747660664118,
      8.605491489528323,
      8.538202666703265,
      32.789652042141114,
      26.68218810468493,
      26.725491868611176,
      26.469437365804808,
      26.479726676091158,
      26.728046697355747,
      26.7500602217439,
      26.827720016048062,
      26.832106388687144,
      26.646280511644786,
      26.444822349133364,
      26.853559950610737,
      26.859999518953217,
      26.943865563906293,
      26.847482024693285,
      26.7216421266673,
      26.45634824319563,
      26.852813333991318,
      26.846117116185912,
      26.824768547224426,
      26.783517979001576,
      26.619495640423164,
      26.411469584837796,
      34.071196137602925,
      17.02205397668983,
      17.10330686347494,
      0.14405034400897931
    ]
  },
  "execution_memory": {
    "total_memory_mb": 256508.0,
    "layer_memory_total_mb": [
      10.727550506591797,
      373.0566864013672,
      371.4551124572754,
      371.4551124572754,
      1382.9883270263672,
      1345.4101905822754,
      1345.4101905822754,
      1345.4101905822754,
      5460.976608276367,
      5310.820346832275,
      5310.820346832275,
      5310.820346832275,
      5310.820346832275,
      5310.820346832275,
      5310.820346832275,
      5310.820346832275,
      5310.820346832275,
      5310.820346832275,
      5310.820346832275,
      5310.820346832275,
      5310.820346832275,
      5310.820346832275,
      5310.820346832275,
      5310.820346832275,
      5310.820346832275,
      5310.820346832275,
      5310.820346832275,
      5310.820346832275,
      5310.820346832275,
      5310.820346832275,
      5310.820346832275,
      21806.953170776367,
      21206.640659332275,
      21206.640659332275,
      15.675361633300781
    ]
  }
}