{
  "model": {
    "model_name": "wideresnet_13B",
    "num_layers": 35,
    "parameters": {
      "total_parameters_bytes": 50495697040,
      "parameters_per_layer_bytes": [
        190720,
        87308800,
        86888960,
        86888960,
        357299200,
        347448320,
        347448320,
        347448320,
        1428940800,
        1389578240,
        1389578240,
        1389578240,
        1389578240,
        1389578240,
        1389578240,
        1389578240,
        1389578240,
        1389578240,
        1389578240,
        1389578240,
        1389578240,
        1389578240,
        1389578240,
        1389578240,
        1389578240,
        1389578240,
        1389578240,
        1389578240,
        1389578240,
        1389578240,
        1389578240,
        5715251200,
        5557882880,
        5557882880,
        4096400
      ],
      "activation_parameters_bytes": [
        18350080,
        98304000,
        87818240,
        87818240,
        55050240,
        43909120,
        43909120,
        43909120,
        27525120,
        21954560,
        21954560,
        21954560,
        21954560,
        21954560,
        21954560,
        21954560,
        21954560,
        21954560,
        21954560,
        21954560,
        21954560,
        21954560,
        21954560,
        21954560,
        21954560,
        21954560,
        21954560,
        21954560,
        21954560,
        21954560,
        21954560,
        13762560,
        10977280,
        10977280,
        1323520
      ]
    }
  },
  "execution_time": {
    "total_time_ms": 1300.190967973101,
    "forward_backward_time_ms": 605.5908736474418,
    "batch_generator_time_ms": 2.201258584793369,
    "layernorm_grads_all_reduce_time_ms": null,
    "embedding_grads_all_reduce_time_ms": null,
    "optimizer_time_ms": 692.3988357408658,
    "layer_compute_total_ms": [
      0.16203059366179834,
      2.398277308957195,
      2.3229741353507545,
      2.3295117099082265,
      5.894206782503337,
      4.64214018855187,
      4.621096682568894,
      4.62880089501036,
      22.03468593162292,
      21.368689784111528,
      21.254381283515723,
      21.204546035037215,
      21.11942549357679,
      21.446986594552367,
      21.38251334243507,
      21.407320906496594,
      21.400365103263727,
      21.3480424947684,
      21.348504747514887,
      21.071483280155327,
      21.55050919773012,
      21.46021582791614,
      21.51698486759197,
      21.467369739468932,
      21.414871034689227,
      21.34328789509024,
      21.076325927975677,
      21.413660372734142,
      21.24608274611449,
      21.279254883683883,
      21.03949979250547,
      34.675647645402194,
      26.33462701556043,
      26.031257141651057,
      0.35529626576485357
    ]
  },
  "execution_memory": {
    "total_memory_mb": 254340.8,
    "layer_memory_total_mb": [
      1.9775505065917969,
      338.0566864013672,
      336.4551124572754,
      336.4551124572754,
      1365.4883270263672,
      1327.9101905822754,
      1327.9101905822754,
      1327.9101905822754,
      5452.226608276367,
      5302.070346832275,
      5302.070346832275,
      5302.070346832275,
      5302.070346832275,
      5302.070346832275,
      5302.070346832275,
      5302.070346832275,
      5302.070346832275,
      5302.070346832275,
      5302.070346832275,
      5302.070346832275,
      5302.070346832275,
      5302.070346832275,
      5302.070346832275,
      5302.070346832275,
      5302.070346832275,
      5302.070346832275,
      5302.070346832275,
      5302.070346832275,
      5302.070346832275,
      5302.070346832275,
      5302.070346832275,
      21802.578170776367,
      21202.265659332275,
      21202.265659332275,
      15.632637023925781
    ]
  }
}