{
  "model": {
    "model_name": "wideresnet_13B",
    "num_layers": 35,
    "parameters": {
      "total_parameters_bytes": 50495697040,
      "parameters_per_layer_bytes": [
        190720,
        87308800,
        86888960,
        86888960,
        357299200,
        347448320,
        347448320,
        347448320,
        1428940800,
        1389578240,
        1389578240,
        1389578240,
        1389578240,
        1389578240,
        1389578240,
        1389578240,
        1389578240,
        1389578240,
        1389578240,
        1389578240,
        1389578240,
        1389578240,
        1389578240,
        1389578240,
        1389578240,
        1389578240,
        1389578240,
        1389578240,
        1389578240,
        1389578240,
        1389578240,
        5715251200,
        5557882880,
        5557882880,
        4096400
      ],
      "activation_parameters_bytes": [
        9175040,
        49152000,
        43909120,
        43909120,
        27525120,
        21954560,
        21954560,
        21954560,
        13762560,
        10977280,
        10977280,
        10977280,
        10977280,
        10977280,
        10977280,
        10977280,
        10977280,
        10977280,
        10977280,
        10977280,
        10977280,
        10977280,
        10977280,
        10977280,
        10977280,
        10977280,
        10977280,
        10977280,
        10977280,
        10977280,
        10977280,
        6881280,
        5488640,
        5488640,
        661760
      ]
    }
  },
  "execution_time": {
    "total_time_ms": 573.4514528689266,
    "forward_backward_time_ms": 205.7336392507524,
    "batch_generator_time_ms": 0.8574950203440249,
    "layernorm_grads_all_reduce_time_ms": null,
    "embedding_grads_all_reduce_time_ms": null,
    "optimizer_time_ms": 366.86031859783014,
    "layer_compute_total_ms": [
      0.07376338882157242,
      0.7842507633906416,
      0.7463366381858164,
      0.7520645875629146,
      2.0654448823120983,
      1.7009326496505686,
      1.6958229921614258,
      1.7169732410833793,
      6.4679747716730205,
      6.2208330047609515,
      6.222267908576395,
      6.112351943136437,
      6.1125502631759705,
      6.268499809556926,
      6.244421423580691,
      6.252890855857215,
      6.224437763126579,
      6.213390170336126,
      6.125417733976254,
      6.0912250259838405,
      6.312433531255809,
      6.276910912410058,
      6.25600564706635,
      6.248947786835913,
      6.223387833505522,
      6.124402802009232,
      6.146171342819141,
      6.269339753253771,
      6.19929778164461,
      6.120249747063719,
      6.090140098708749,
      14.76649017177372,
      19.19270180703181,
      19.239458672822867,
      0.17585154564231895
    ]
  },
  "execution_memory": {
    "total_memory_mb": 254306.4,
    "layer_memory_total_mb": [
      1.3525505065917969,
      335.5566864013672,
      333.9551124572754,
      333.9551124572754,
      1364.2383270263672,
      1326.6601905822754,
      1326.6601905822754,
      1326.6601905822754,
      5451.601608276367,
      5301.445346832275,
      5301.445346832275,
      5301.445346832275,
      5301.445346832275,
      5301.445346832275,
      5301.445346832275,
      5301.445346832275,
      5301.445346832275,
      5301.445346832275,
      5301.445346832275,
      5301.445346832275,
      5301.445346832275,
      5301.445346832275,
      5301.445346832275,
      5301.445346832275,
      5301.445346832275,
      5301.445346832275,
      5301.445346832275,
      5301.445346832275,
      5301.445346832275,
      5301.445346832275,
      5301.445346832275,
      21802.265670776367,
      21201.953159332275,
      21201.953159332275,
      15.629585266113281
    ]
  }
}