{
  "model": {
    "model_name": "wideresnet_13B",
    "num_layers": 35,
    "parameters": {
      "total_parameters_bytes": 50495697040,
      "parameters_per_layer_bytes": [
        190720,
        87308800,
        86888960,
        86888960,
        357299200,
        347448320,
        347448320,
        347448320,
        1428940800,
        1389578240,
        1389578240,
        1389578240,
        1389578240,
        1389578240,
        1389578240,
        1389578240,
        1389578240,
        1389578240,
        1389578240,
        1389578240,
        1389578240,
        1389578240,
        1389578240,
        1389578240,
        1389578240,
        1389578240,
        1389578240,
        1389578240,
        1389578240,
        1389578240,
        1389578240,
        5715251200,
        5557882880,
        5557882880,
        4096400
      ],
      "activation_parameters_bytes": [
        2293760,
        12288000,
        10977280,
        10977280,
        6881280,
        5488640,
        5488640,
        5488640,
        3440640,
        2744320,
        2744320,
        2744320,
        2744320,
        2744320,
        2744320,
        2744320,
        2744320,
        2744320,
        2744320,
        2744320,
        2744320,
        2744320,
        2744320,
        2744320,
        2744320,
        2744320,
        2744320,
        2744320,
        2744320,
        2744320,
        2744320,
        1720320,
        1372160,
        1372160,
        165440
      ]
    }
  },
  "execution_time": {
    "total_time_ms": 974.3070300219601,
    "forward_backward_time_ms": 281.5537234666625,
    "batch_generator_time_ms": 0.6091060416400561,
    "layernorm_grads_all_reduce_time_ms": null,
    "embedding_grads_all_reduce_time_ms": null,
    "optimizer_time_ms": 692.1442005136576,
    "layer_compute_total_ms": [
      0.12824211909708425,
      0.9221942292434508,
      0.863113925835182,
      0.8607366259961011,
      1.8127131393347038,
      2.4410026699540097,
      2.4400561524254867,
      2.444106366966143,
      5.651171898028413,
      7.936813621091379,
      7.825058516619031,
      7.744780622978959,
      7.779471591001101,
      8.086495462811286,
      8.05523837233448,
      7.996598309637153,
      7.931706828844464,
      7.847004516059435,
      7.774650955216298,
      7.818366857812729,
      8.055788673223157,
      8.020261247850227,
      8.016255057380665,
      7.980749644043281,
      7.827193684067095,
      7.769984403680325,
      7.7931850891469105,
      8.014317998252524,
      7.841743639563692,
      7.749667294870402,
      7.77762258001515,
      26.793996185391713,
      31.637898691767795,
      31.567218045626234,
      0.3483184504964403
    ]
  },
  "execution_memory": {
    "total_memory_mb": 250447.6,
    "layer_memory_total_mb": [
      0.8838005065917969,
      333.6816864013672,
      332.0801124572754,
      332.0801124572754,
      1363.3008270263672,
      1325.7226905822754,
      1325.7226905822754,
      1325.7226905822754,
      5451.132858276367,
      5300.976596832275,
      5300.976596832275,
      5300.976596832275,
      5300.976596832275,
      5300.976596832275,
      5300.976596832275,
      5300.976596832275,
      5300.976596832275,
      5300.976596832275,
      5300.976596832275,
      5300.976596832275,
      5300.976596832275,
      5300.976596832275,
      5300.976596832275,
      5300.976596832275,
      5300.976596832275,
      5300.976596832275,
      5300.976596832275,
      5300.976596832275,
      5300.976596832275,
      5300.976596832275,
      5300.976596832275,
      21802.031295776367,
      21201.718784332275,
      21201.718784332275,
      15.627296447753906
    ]
  }
}