{
  "model": {
    "model_name": "wideresnet_13B",
    "num_layers": 35,
    "parameters": {
      "total_parameters_bytes": 50495697040,
      "parameters_per_layer_bytes": [
        190720,
        87308800,
        86888960,
        86888960,
        357299200,
        347448320,
        347448320,
        347448320,
        1428940800,
        1389578240,
        1389578240,
        1389578240,
        1389578240,
        1389578240,
        1389578240,
        1389578240,
        1389578240,
        1389578240,
        1389578240,
        1389578240,
        1389578240,
        1389578240,
        1389578240,
        1389578240,
        1389578240,
        1389578240,
        1389578240,
        1389578240,
        1389578240,
        1389578240,
        1389578240,
        5715251200,
        5557882880,
        5557882880,
        4096400
      ],
      "activation_parameters_bytes": [
        2293760,
        12288000,
        10977280,
        10977280,
        6881280,
        5488640,
        5488640,
        5488640,
        3440640,
        2744320,
        2744320,
        2744320,
        2744320,
        2744320,
        2744320,
        2744320,
        2744320,
        2744320,
        2744320,
        2744320,
        2744320,
        2744320,
        2744320,
        2744320,
        2744320,
        2744320,
        2744320,
        2744320,
        2744320,
        2744320,
        2744320,
        1720320,
        1372160,
        1372160,
        165440
      ]
    }
  },
  "execution_time": {
    "total_time_ms": 516.3608531026572,
    "forward_backward_time_ms": 149.21715266716146,
    "batch_generator_time_ms": 0.322812527878561,
    "layernorm_grads_all_reduce_time_ms": null,
    "embedding_grads_all_reduce_time_ms": null,
    "optimizer_time_ms": 366.82088790761713,
    "layer_compute_total_ms": [
      0.06796544413640375,
      0.48874223860189414,
      0.4574310041250476,
      0.45617108857977956,
      0.9606972691515594,
      1.293676615527353,
      1.2931749824861813,
      1.2953215052670084,
      2.994994239372309,
      4.20633304083946,
      4.1471053443271835,
      4.10455986290503,
      4.122945297158201,
      4.285661056652633,
      4.269095500409293,
      4.238017583626015,
      4.203626555594068,
      4.158736231351556,
      4.120390468413629,
      4.143558915384947,
      4.2693871475262535,
      4.250558409655303,
      4.2484352186438334,
      4.229618146657562,
      4.1482369351409885,
      4.117917300861807,
      4.130213143312849,
      4.247408620792133,
      4.155948084913416,
      4.107149689303637,
      4.121965362845215,
      14.200216463599126,
      16.76737604827551,
      16.72991689257314,
      0.1846009591511248
    ]
  },
  "execution_memory": {
    "total_memory_mb": 250447.6,
    "layer_memory_total_mb": [
      0.8838005065917969,
      333.6816864013672,
      332.0801124572754,
      332.0801124572754,
      1363.3008270263672,
      1325.7226905822754,
      1325.7226905822754,
      1325.7226905822754,
      5451.132858276367,
      5300.976596832275,
      5300.976596832275,
      5300.976596832275,
      5300.976596832275,
      5300.976596832275,
      5300.976596832275,
      5300.976596832275,
      5300.976596832275,
      5300.976596832275,
      5300.976596832275,
      5300.976596832275,
      5300.976596832275,
      5300.976596832275,
      5300.976596832275,
      5300.976596832275,
      5300.976596832275,
      5300.976596832275,
      5300.976596832275,
      5300.976596832275,
      5300.976596832275,
      5300.976596832275,
      5300.976596832275,
      21802.031295776367,
      21201.718784332275,
      21201.718784332275,
      15.627296447753906
    ]
  }
}