{
  "model": {
    "model_name": "wideresnet_13B",
    "num_layers": 35,
    "parameters": {
      "total_parameters_bytes": 50495697040,
      "parameters_per_layer_bytes": [
        190720,
        87308800,
        86888960,
        86888960,
        357299200,
        347448320,
        347448320,
        347448320,
        1428940800,
        1389578240,
        1389578240,
        1389578240,
        1389578240,
        1389578240,
        1389578240,
        1389578240,
        1389578240,
        1389578240,
        1389578240,
        1389578240,
        1389578240,
        1389578240,
        1389578240,
        1389578240,
        1389578240,
        1389578240,
        1389578240,
        1389578240,
        1389578240,
        1389578240,
        1389578240,
        5715251200,
        5557882880,
        5557882880,
        4096400
      ],
      "activation_parameters_bytes": [
        293601280,
        1572864000,
        1405091840,
        1405091840,
        880803840,
        702545920,
        702545920,
        702545920,
        440401920,
        351272960,
        351272960,
        351272960,
        351272960,
        351272960,
        351272960,
        351272960,
        351272960,
        351272960,
        351272960,
        351272960,
        351272960,
        351272960,
        351272960,
        351272960,
        351272960,
        351272960,
        351272960,
        351272960,
        351272960,
        351272960,
        351272960,
        220200960,
        175636480,
        175636480,
        21176320
      ]
    }
  },
  "execution_time": {
    "total_time_ms": 3418.110016108176,
    "forward_backward_time_ms": 2705.986767626527,
    "batch_generator_time_ms": 19.34871131806585,
    "layernorm_grads_all_reduce_time_ms": null,
    "embedding_grads_all_reduce_time_ms": null,
    "optimizer_time_ms": 692.7745371635827,
    "layer_compute_total_ms": [
      0.6032838582378627,
      30.322899688187327,
      29.718713336492037,
      29.62767155746946,
      25.398102951175854,
      28.330128098077797,
      28.162286327031577,
      28.146305589224422,
      102.33908206249473,
      100.18141831410227,
      100.12004875899711,
      99.48649835188206,
      100.70468842312663,
      100.69929547441761,
      100.40305750002547,
      101.08767582960967,
      100.53162979965576,
      99.90380252178295,
      101.33255972507054,
      101.15826842760904,
      100.92557919984122,
      100.37393557699673,
      100.15203224664697,
      100.0978606271657,
      100.72124147385802,
      100.95437094233677,
      100.75650475480438,
      100.97382958176036,
      100.21897084674553,
      99.76277141003303,
      99.5856625720215,
      106.96799301768282,
      42.65716771068963,
      43.21297160825251,
      0.36845946302198646
    ]
  },
  "execution_memory": {
    "total_memory_mb": 265490.0,
    "layer_memory_total_mb": [
      20.727550506591797,
      413.0566864013672,
      411.4551124572754,
      411.4551124572754,
      1402.9883270263672,
      1365.4101905822754,
      1365.4101905822754,
      1365.4101905822754,
      5470.976608276367,
      5320.820346832275,
      5320.820346832275,
      5320.820346832275,
      5320.820346832275,
      5320.820346832275,
      5320.820346832275,
      5320.820346832275,
      5320.820346832275,
      5320.820346832275,
      5320.820346832275,
      5320.820346832275,
      5320.820346832275,
      5320.820346832275,
      5320.820346832275,
      5320.820346832275,
      5320.820346832275,
      5320.820346832275,
      5320.820346832275,
      5320.820346832275,
      5320.820346832275,
      5320.820346832275,
      5320.820346832275,
      21811.953170776367,
      21211.640659332275,
      21211.640659332275,
      15.724189758300781
    ]
  }
}