{
  "model": {
    "model_name": "wideresnet_13B",
    "num_layers": 35,
    "parameters": {
      "total_parameters_bytes": 50495697040,
      "parameters_per_layer_bytes": [
        190720,
        87308800,
        86888960,
        86888960,
        357299200,
        347448320,
        347448320,
        347448320,
        1428940800,
        1389578240,
        1389578240,
        1389578240,
        1389578240,
        1389578240,
        1389578240,
        1389578240,
        1389578240,
        1389578240,
        1389578240,
        1389578240,
        1389578240,
        1389578240,
        1389578240,
        1389578240,
        1389578240,
        1389578240,
        1389578240,
        1389578240,
        1389578240,
        1389578240,
        1389578240,
        5715251200,
        5557882880,
        5557882880,
        4096400
      ],
      "activation_parameters_bytes": [
        9175040,
        49152000,
        43909120,
        43909120,
        27525120,
        21954560,
        21954560,
        21954560,
        13762560,
        10977280,
        10977280,
        10977280,
        10977280,
        10977280,
        10977280,
        10977280,
        10977280,
        10977280,
        10977280,
        10977280,
        10977280,
        10977280,
        10977280,
        10977280,
        10977280,
        10977280,
        10977280,
        10977280,
        10977280,
        10977280,
        10977280,
        6881280,
        5488640,
        5488640,
        661760
      ]
    }
  },
  "execution_time": {
    "total_time_ms": 1082.0297056783734,
    "forward_backward_time_ms": 388.193120817699,
    "batch_generator_time_ms": 1.61798366686777,
    "layernorm_grads_all_reduce_time_ms": null,
    "embedding_grads_all_reduce_time_ms": null,
    "optimizer_time_ms": 692.2186011938065,
    "layer_compute_total_ms": [
      0.13918210076396562,
      1.479781101685648,
      1.4082419861577518,
      1.4190498956113509,
      3.8972308936043194,
      3.209442830901351,
      3.1998015593317453,
      3.239709379778538,
      12.204242928525902,
      11.737917955461754,
      11.740625435834039,
      11.533228036909781,
      11.533602241514082,
      11.82785913270698,
      11.782426291337877,
      11.798407029145032,
      11.74471967444579,
      11.723874276782738,
      11.557881516722471,
      11.493364240534083,
      11.91075645857715,
      11.843729810336399,
      11.804284242636093,
      11.790966961130131,
      11.742738591246555,
      11.55596646962988,
      11.597040927960665,
      11.829443999266367,
      11.697283737841907,
      11.54813018497513,
      11.491317121228208,
      27.862482402880826,
      36.21417886996291,
      36.30240310843546,
      0.3318094238361565
    ]
  },
  "execution_memory": {
    "total_memory_mb": 254306.4,
    "layer_memory_total_mb": [
      1.3525505065917969,
      335.5566864013672,
      333.9551124572754,
      333.9551124572754,
      1364.2383270263672,
      1326.6601905822754,
      1326.6601905822754,
      1326.6601905822754,
      5451.601608276367,
      5301.445346832275,
      5301.445346832275,
      5301.445346832275,
      5301.445346832275,
      5301.445346832275,
      5301.445346832275,
      5301.445346832275,
      5301.445346832275,
      5301.445346832275,
      5301.445346832275,
      5301.445346832275,
      5301.445346832275,
      5301.445346832275,
      5301.445346832275,
      5301.445346832275,
      5301.445346832275,
      5301.445346832275,
      5301.445346832275,
      5301.445346832275,
      5301.445346832275,
      5301.445346832275,
      5301.445346832275,
      21802.265670776367,
      21201.953159332275,
      21201.953159332275,
      15.629585266113281
    ]
  }
}