{
  "model": {
    "model_name": "wideresnet_13B",
    "num_layers": 35,
    "parameters": {
      "total_parameters_bytes": 50495697040,
      "parameters_per_layer_bytes": [
        190720,
        87308800,
        86888960,
        86888960,
        357299200,
        347448320,
        347448320,
        347448320,
        1428940800,
        1389578240,
        1389578240,
        1389578240,
        1389578240,
        1389578240,
        1389578240,
        1389578240,
        1389578240,
        1389578240,
        1389578240,
        1389578240,
        1389578240,
        1389578240,
        1389578240,
        1389578240,
        1389578240,
        1389578240,
        1389578240,
        1389578240,
        1389578240,
        1389578240,
        1389578240,
        5715251200,
        5557882880,
        5557882880,
        4096400
      ],
      "activation_parameters_bytes": [
        4587520,
        24576000,
        21954560,
        21954560,
        13762560,
        10977280,
        10977280,
        10977280,
        6881280,
        5488640,
        5488640,
        5488640,
        5488640,
        5488640,
        5488640,
        5488640,
        5488640,
        5488640,
        5488640,
        5488640,
        5488640,
        5488640,
        5488640,
        5488640,
        5488640,
        5488640,
        5488640,
        5488640,
        5488640,
        5488640,
        5488640,
        3440640,
        2744320,
        2744320,
        330880
      ]
    }
  },
  "execution_time": {
    "total_time_ms": 949.5349493617423,
    "forward_backward_time_ms": 256.8638137351417,
    "batch_generator_time_ms": 0.4681849900678739,
    "layernorm_grads_all_reduce_time_ms": null,
    "embedding_grads_all_reduce_time_ms": null,
    "optimizer_time_ms": 692.2029506365326,
    "layer_compute_total_ms": [
      0.1282641311326313,
      1.1277646292173042,
      1.0676717721738713,
      1.0637096057754032,
      2.4419271754469856,
      2.2242721679578046,
      2.221542675549971,
      2.2287626232094015,
      7.563379438035761,
      7.1458991718505045,
      7.048958167301318,
      7.020056364628048,
      7.057146644524819,
      7.253736133995478,
      7.201919802317734,
      7.214378614437361,
      7.0599421730392935,
      6.994654475606758,
      7.017635040717874,
      7.023908470848781,
      7.330514113983571,
      7.240771045058269,
      7.230579472599987,
      7.196570877679802,
      7.000091448386878,
      7.019572099846013,
      7.036697463501614,
      7.202778271704069,
      7.000861869631025,
      7.010723261556102,
      7.046294711000126,
      27.29765357074365,
      26.353139137455496,
      26.462252797662195,
      0.3297843165658284
    ]
  },
  "execution_memory": {
    "total_memory_mb": 253653.2,
    "layer_memory_total_mb": [
      1.0400505065917969,
      334.3066864013672,
      332.7051124572754,
      332.7051124572754,
      1363.6133270263672,
      1326.0351905822754,
      1326.0351905822754,
      1326.0351905822754,
      5451.289108276367,
      5301.132846832275,
      5301.132846832275,
      5301.132846832275,
      5301.132846832275,
      5301.132846832275,
      5301.132846832275,
      5301.132846832275,
      5301.132846832275,
      5301.132846832275,
      5301.132846832275,
      5301.132846832275,
      5301.132846832275,
      5301.132846832275,
      5301.132846832275,
      5301.132846832275,
      5301.132846832275,
      5301.132846832275,
      5301.132846832275,
      5301.132846832275,
      5301.132846832275,
      5301.132846832275,
      5301.132846832275,
      21802.109420776367,
      21201.796909332275,
      21201.796909332275,
      15.628059387207031
    ]
  }
}