{
  "model": {
    "model_name": "wideresnet_13B",
    "num_layers": 35,
    "parameters": {
      "total_parameters_bytes": 50495697040,
      "parameters_per_layer_bytes": [
        190720,
        87308800,
        86888960,
        86888960,
        357299200,
        347448320,
        347448320,
        347448320,
        1428940800,
        1389578240,
        1389578240,
        1389578240,
        1389578240,
        1389578240,
        1389578240,
        1389578240,
        1389578240,
        1389578240,
        1389578240,
        1389578240,
        1389578240,
        1389578240,
        1389578240,
        1389578240,
        1389578240,
        1389578240,
        1389578240,
        1389578240,
        1389578240,
        1389578240,
        1389578240,
        5715251200,
        5557882880,
        5557882880,
        4096400
      ],
      "activation_parameters_bytes": [
        73400320,
        393216000,
        351272960,
        351272960,
        220200960,
        175636480,
        175636480,
        175636480,
        110100480,
        87818240,
        87818240,
        87818240,
        87818240,
        87818240,
        87818240,
        87818240,
        87818240,
        87818240,
        87818240,
        87818240,
        87818240,
        87818240,
        87818240,
        87818240,
        87818240,
        87818240,
        87818240,
        87818240,
        87818240,
        87818240,
        87818240,
        55050240,
        43909120,
        43909120,
        5294080
      ]
    }
  },
  "execution_time": {
    "total_time_ms": 1558.575989460828,
    "forward_backward_time_ms": 861.0895669740624,
    "batch_generator_time_ms": 4.9709449695358545,
    "layernorm_grads_all_reduce_time_ms": null,
    "embedding_grads_all_reduce_time_ms": null,
    "optimizer_time_ms": 692.5154775172296,
    "layer_compute_total_ms": [
      0.19724985053707036,
      8.615422664971229,
      8.400673246174259,
      8.414782960959915,
      13.296105927765975,
      12.17043244192564,
      12.135301233192557,
      12.121609747082294,
      35.153506925093,
      29.810217368261103,
      29.779048325926485,
      29.579729344047994,
      29.59256236077192,
      29.908236962552092,
      29.894501452370736,
      29.893554934842214,
      29.88422183177027,
      29.832889764874558,
      29.66826175101821,
      29.5830531614156,
      29.981096800212814,
      29.930623202703437,
      29.958050198995057,
      29.936500416194498,
      29.926903168695986,
      29.64957353283877,
      29.651950832677848,
      30.09866308206958,
      29.87288563346354,
      29.651950832677848,
      29.60009047692901,
      38.560441738922435,
      28.007739825455776,
      28.085222190581373,
      0.2465127860913571
    ]
  },
  "execution_memory": {
    "total_memory_mb": 245798.0,
    "layer_memory_total_mb": [
      5.727550506591797,
      353.0566864013672,
      351.4551124572754,
      351.4551124572754,
      1372.9883270263672,
      1335.4101905822754,
      1335.4101905822754,
      1335.4101905822754,
      5455.976608276367,
      5305.820346832275,
      5305.820346832275,
      5305.820346832275,
      5305.820346832275,
      5305.820346832275,
      5305.820346832275,
      5305.820346832275,
      5305.820346832275,
      5305.820346832275,
      5305.820346832275,
      5305.820346832275,
      5305.820346832275,
      5305.820346832275,
      5305.820346832275,
      5305.820346832275,
      5305.820346832275,
      5305.820346832275,
      5305.820346832275,
      5305.820346832275,
      5305.820346832275,
      5305.820346832275,
      5305.820346832275,
      21804.453170776367,
      21204.140659332275,
      21204.140659332275,
      15.650947570800781
    ]
  }
}