{
  "model": {
    "model_name": "wideresnet_13B",
    "num_layers": 35,
    "parameters": {
      "total_parameters_bytes": 50495697040,
      "parameters_per_layer_bytes": [
        190720,
        87308800,
        86888960,
        86888960,
        357299200,
        347448320,
        347448320,
        347448320,
        1428940800,
        1389578240,
        1389578240,
        1389578240,
        1389578240,
        1389578240,
        1389578240,
        1389578240,
        1389578240,
        1389578240,
        1389578240,
        1389578240,
        1389578240,
        1389578240,
        1389578240,
        1389578240,
        1389578240,
        1389578240,
        1389578240,
        1389578240,
        1389578240,
        1389578240,
        1389578240,
        5715251200,
        5557882880,
        5557882880,
        4096400
      ],
      "activation_parameters_bytes": [
        4587520,
        24576000,
        21954560,
        21954560,
        13762560,
        10977280,
        10977280,
        10977280,
        6881280,
        5488640,
        5488640,
        5488640,
        5488640,
        5488640,
        5488640,
        5488640,
        5488640,
        5488640,
        5488640,
        5488640,
        5488640,
        5488640,
        5488640,
        5488640,
        5488640,
        5488640,
        5488640,
        5488640,
        5488640,
        5488640,
        5488640,
        3440640,
        2744320,
        2744320,
        330880
      ]
    }
  },
  "execution_time": {
    "total_time_ms": 503.2322064761932,
    "forward_backward_time_ms": 136.13205478820197,
    "batch_generator_time_ms": 0.24812753416739436,
    "layernorm_grads_all_reduce_time_ms": null,
    "embedding_grads_all_reduce_time_ms": null,
    "optimizer_time_ms": 366.85202415382383,
    "layer_compute_total_ms": [
      0.06797711002108216,
      0.5976899356135444,
      0.5658420704414912,
      0.5637422111993777,
      1.294166582683846,
      1.1788143149837498,
      1.1773677452836273,
      1.1811941554581449,
      4.008421307270272,
      3.787166138459589,
      3.7357895823358813,
      3.720472275753132,
      3.740129291436249,
      3.844317307499109,
      3.816855814966137,
      3.823458705694116,
      3.741610858790407,
      3.7070098448342494,
      3.7191890284385076,
      3.7225138055718534,
      3.8850079132573954,
      3.837446101423527,
      3.8320447968174243,
      3.814021004989284,
      3.709891318349816,
      3.7202156262902073,
      3.729291684570008,
      3.8173107844685954,
      3.710299624313561,
      3.7155259406494876,
      3.7343780102897943,
      14.467143570925774,
      13.966572125259976,
      14.024399915610841,
      0.17477828425190545
    ]
  },
  "execution_memory": {
    "total_memory_mb": 253653.2,
    "layer_memory_total_mb": [
      1.0400505065917969,
      334.3066864013672,
      332.7051124572754,
      332.7051124572754,
      1363.6133270263672,
      1326.0351905822754,
      1326.0351905822754,
      1326.0351905822754,
      5451.289108276367,
      5301.132846832275,
      5301.132846832275,
      5301.132846832275,
      5301.132846832275,
      5301.132846832275,
      5301.132846832275,
      5301.132846832275,
      5301.132846832275,
      5301.132846832275,
      5301.132846832275,
      5301.132846832275,
      5301.132846832275,
      5301.132846832275,
      5301.132846832275,
      5301.132846832275,
      5301.132846832275,
      5301.132846832275,
      5301.132846832275,
      5301.132846832275,
      5301.132846832275,
      5301.132846832275,
      5301.132846832275,
      21802.109420776367,
      21201.796909332275,
      21201.796909332275,
      15.628059387207031
    ]
  }
}