{
  "model": {
    "model_name": "wideresnet_13B",
    "num_layers": 35,
    "parameters": {
      "total_parameters_bytes": 50495697040,
      "parameters_per_layer_bytes": [
        190720,
        87308800,
        86888960,
        86888960,
        357299200,
        347448320,
        347448320,
        347448320,
        1428940800,
        1389578240,
        1389578240,
        1389578240,
        1389578240,
        1389578240,
        1389578240,
        1389578240,
        1389578240,
        1389578240,
        1389578240,
        1389578240,
        1389578240,
        1389578240,
        1389578240,
        1389578240,
        1389578240,
        1389578240,
        1389578240,
        1389578240,
        1389578240,
        1389578240,
        1389578240,
        5715251200,
        5557882880,
        5557882880,
        4096400
      ],
      "activation_parameters_bytes": [
        2293760,
        12288000,
        10977280,
        10977280,
        6881280,
        5488640,
        5488640,
        5488640,
        3440640,
        2744320,
        2744320,
        2744320,
        2744320,
        2744320,
        2744320,
        2744320,
        2744320,
        2744320,
        2744320,
        2744320,
        2744320,
        2744320,
        2744320,
        2744320,
        2744320,
        2744320,
        2744320,
        2744320,
        2744320,
        2744320,
        2744320,
        1720320,
        1372160,
        1372160,
        165440
      ]
    }
  },
  "execution_time": {
    "total_time_ms": 2110.5989694595337,
    "forward_backward_time_ms": 609.9175930023193,
    "batch_generator_time_ms": 1.3194799423217773,
    "layernorm_grads_all_reduce_time_ms": null,
    "embedding_grads_all_reduce_time_ms": null,
    "optimizer_time_ms": 1499.3618965148926,
    "layer_compute_total_ms": [
      0.2778053283691406,
      1.9977092742919922,
      1.8697261810302734,
      1.8645763397216797,
      3.9268016815185547,
      5.287837982177734,
      5.285787582397461,
      5.294561386108398,
      12.241888046264648,
      17.193174362182617,
      16.95108413696289,
      16.77718162536621,
      16.852331161499023,
      17.517423629760742,
      17.4497127532959,
      17.322683334350586,
      17.182111740112305,
      16.998624801635742,
      16.841888427734375,
      16.936588287353516,
      17.450904846191406,
      17.373943328857422,
      17.365264892578125,
      17.28835105895996,
      16.95570945739746,
      16.83177947998047,
      16.882038116455078,
      17.361068725585938,
      16.987228393554688,
      16.78776741027832,
      16.848325729370117,
      58.04266929626465,
      68.53580474853516,
      68.38269233703613,
      0.754547119140625
    ]
  },
  "execution_memory": {
    "total_memory_mb": 250447.6,
    "layer_memory_total_mb": [
      0.8838005065917969,
      333.6816864013672,
      332.0801124572754,
      332.0801124572754,
      1363.3008270263672,
      1325.7226905822754,
      1325.7226905822754,
      1325.7226905822754,
      5451.132858276367,
      5300.976596832275,
      5300.976596832275,
      5300.976596832275,
      5300.976596832275,
      5300.976596832275,
      5300.976596832275,
      5300.976596832275,
      5300.976596832275,
      5300.976596832275,
      5300.976596832275,
      5300.976596832275,
      5300.976596832275,
      5300.976596832275,
      5300.976596832275,
      5300.976596832275,
      5300.976596832275,
      5300.976596832275,
      5300.976596832275,
      5300.976596832275,
      5300.976596832275,
      5300.976596832275,
      5300.976596832275,
      21802.031295776367,
      21201.718784332275,
      21201.718784332275,
      15.627296447753906
    ]
  }
}