{
  "model": {
    "model_name": "wideresnet_13B",
    "num_layers": 35,
    "parameters": {
      "total_parameters_bytes": 50495697040,
      "parameters_per_layer_bytes": [
        190720,
        87308800,
        86888960,
        86888960,
        357299200,
        347448320,
        347448320,
        347448320,
        1428940800,
        1389578240,
        1389578240,
        1389578240,
        1389578240,
        1389578240,
        1389578240,
        1389578240,
        1389578240,
        1389578240,
        1389578240,
        1389578240,
        1389578240,
        1389578240,
        1389578240,
        1389578240,
        1389578240,
        1389578240,
        1389578240,
        1389578240,
        1389578240,
        1389578240,
        1389578240,
        5715251200,
        5557882880,
        5557882880,
        4096400
      ],
      "activation_parameters_bytes": [
        293601280,
        1572864000,
        1405091840,
        1405091840,
        880803840,
        702545920,
        702545920,
        702545920,
        440401920,
        351272960,
        351272960,
        351272960,
        351272960,
        351272960,
        351272960,
        351272960,
        351272960,
        351272960,
        351272960,
        351272960,
        351272960,
        351272960,
        351272960,
        351272960,
        351272960,
        351272960,
        351272960,
        351272960,
        351272960,
        351272960,
        351272960,
        220200960,
        175636480,
        175636480,
        21176320
      ]
    }
  },
  "execution_time": {
    "total_time_ms": 7404.503154754639,
    "forward_backward_time_ms": 5861.861515045166,
    "batch_generator_time_ms": 41.91427230834961,
    "layernorm_grads_all_reduce_time_ms": null,
    "embedding_grads_all_reduce_time_ms": null,
    "optimizer_time_ms": 1500.727367401123,
    "layer_compute_total_ms": [
      1.3068675994873047,
      65.68717956542969,
      64.37835693359375,
      64.18113708496094,
      55.01880645751953,
      61.37032508850098,
      61.006736755371094,
      60.97211837768555,
      221.69270515441895,
      217.01865196228027,
      216.88570976257324,
      215.513277053833,
      218.15218925476074,
      218.14050674438477,
      217.498779296875,
      218.98183822631836,
      217.77729988098145,
      216.4172649383545,
      219.51231956481934,
      219.1347599029541,
      218.63069534301758,
      217.43569374084473,
      216.95499420166016,
      216.83764457702637,
      218.18804740905762,
      218.69306564331055,
      218.26443672180176,
      218.7352180480957,
      217.10000038146973,
      216.11175537109375,
      215.72809219360352,
      231.72011375427246,
      92.40636825561523,
      93.61038208007812,
      0.7981777191162109
    ]
  },
  "execution_memory": {
    "total_memory_mb": 265490.0,
    "layer_memory_total_mb": [
      20.727550506591797,
      413.0566864013672,
      411.4551124572754,
      411.4551124572754,
      1402.9883270263672,
      1365.4101905822754,
      1365.4101905822754,
      1365.4101905822754,
      5470.976608276367,
      5320.820346832275,
      5320.820346832275,
      5320.820346832275,
      5320.820346832275,
      5320.820346832275,
      5320.820346832275,
      5320.820346832275,
      5320.820346832275,
      5320.820346832275,
      5320.820346832275,
      5320.820346832275,
      5320.820346832275,
      5320.820346832275,
      5320.820346832275,
      5320.820346832275,
      5320.820346832275,
      5320.820346832275,
      5320.820346832275,
      5320.820346832275,
      5320.820346832275,
      5320.820346832275,
      5320.820346832275,
      21811.953170776367,
      21211.640659332275,
      21211.640659332275,
      15.724189758300781
    ]
  }
}