{
  "model": {
    "model_name": "wideresnet_13B",
    "num_layers": 35,
    "parameters": {
      "total_parameters_bytes": 50495697040,
      "parameters_per_layer_bytes": [
        190720,
        87308800,
        86888960,
        86888960,
        357299200,
        347448320,
        347448320,
        347448320,
        1428940800,
        1389578240,
        1389578240,
        1389578240,
        1389578240,
        1389578240,
        1389578240,
        1389578240,
        1389578240,
        1389578240,
        1389578240,
        1389578240,
        1389578240,
        1389578240,
        1389578240,
        1389578240,
        1389578240,
        1389578240,
        1389578240,
        1389578240,
        1389578240,
        1389578240,
        1389578240,
        5715251200,
        5557882880,
        5557882880,
        4096400
      ],
      "activation_parameters_bytes": [
        587202560,
        3145728000,
        2810183680,
        2810183680,
        1761607680,
        1405091840,
        1405091840,
        1405091840,
        880803840,
        702545920,
        702545920,
        702545920,
        702545920,
        702545920,
        702545920,
        702545920,
        702545920,
        702545920,
        702545920,
        702545920,
        702545920,
        702545920,
        702545920,
        702545920,
        702545920,
        702545920,
        702545920,
        702545920,
        702545920,
        702545920,
        702545920,
        440401920,
        351272960,
        351272960,
        42352640
      ]
    }
  },
  "execution_time": {
    "total_time_ms": 1482.4072336922682,
    "forward_backward_time_ms": 1093.700148694818,
    "batch_generator_time_ms": 21.274788073837655,
    "layernorm_grads_all_reduce_time_ms": null,
    "embedding_grads_all_reduce_time_ms": null,
    "optimizer_time_ms": 367.4322969236125,
    "layer_compute_total_ms": [
      0.5945168149810175,
      24.53138394418092,
      24.25192767670966,
      24.652977460183962,
      26.448835413462735,
      28.621524773623438,
      28.345964911634766,
      28.363148759766062,
      37.43172920748846,
      33.23248902453347,
      33.60059434967595,
      33.53236059019194,
      33.59687293246354,
      33.54663963303832,
      33.53478709420505,
      33.21974987846465,
      33.82411270011424,
      33.75778047983282,
      33.75047763602414,
      33.720939616018406,
      33.904024010161336,
      33.363706895396206,
      33.792754802098685,
      33.64485471614583,
      33.71055697865462,
      33.70535399408805,
      33.76853642550631,
      33.350466116286206,
      33.56776655019091,
      33.47868585478659,
      33.11909662545935,
      60.25880906134675,
      35.74532058426251,
      35.47677191896556,
      0.2546312648756067
    ]
  },
  "execution_memory": {
    "total_memory_mb": 296136.0,
    "layer_memory_total_mb": [
      40.7275505065918,
      493.0566864013672,
      491.4551124572754,
      491.4551124572754,
      1442.9883270263672,
      1405.4101905822754,
      1405.4101905822754,
      1405.4101905822754,
      5490.976608276367,
      5340.820346832275,
      5340.820346832275,
      5340.820346832275,
      5340.820346832275,
      5340.820346832275,
      5340.820346832275,
      5340.820346832275,
      5340.820346832275,
      5340.820346832275,
      5340.820346832275,
      5340.820346832275,
      5340.820346832275,
      5340.820346832275,
      5340.820346832275,
      5340.820346832275,
      5340.820346832275,
      5340.820346832275,
      5340.820346832275,
      5340.820346832275,
      5340.820346832275,
      5340.820346832275,
      5340.820346832275,
      21821.953170776367,
      21221.640659332275,
      21221.640659332275,
      15.821846008300781
    ]
  }
}