{
  "model": {
    "model_name": "llama2_13B",
    "num_layers": 40,
    "parameters": {
      "total_parameters_bytes": 52063457280.0,
      "parameters_per_layer_bytes": [
        655360000,
        1268817920.0,
        1268817920.0,
        1268817920.0,
        1268817920.0,
        1268817920.0,
        1268817920.0,
        1268817920.0,
        1268817920.0,
        1268817920.0,
        1268817920.0,
        1268817920.0,
        1268817920.0,
        1268817920.0,
        1268817920.0,
        1268817920.0,
        1268817920.0,
        1268817920.0,
        1268817920.0,
        1268817920.0,
        1268817920.0,
        1268817920.0,
        1268817920.0,
        1268817920.0,
        1268817920.0,
        1268817920.0,
        1268817920.0,
        1268817920.0,
        1268817920.0,
        1268817920.0,
        1268817920.0,
        1268817920.0,
        1268817920.0,
        1268817920.0,
        1268817920.0,
        1268817920.0,
        1268817920.0,
        1268817920.0,
        1268817920.0,
        1268817920.0,
        1268817920.0,
        20480,
        655360000
      ],
      "activation_parameters_bytes": [
        167772160,
        2583691264.0,
        2583691264.0,
        2583691264.0,
        2583691264.0,
        2583691264.0,
        2583691264.0,
        2583691264.0,
        2583691264.0,
        2583691264.0,
        2583691264.0,
        2583691264.0,
        2583691264.0,
        2583691264.0,
        2583691264.0,
        2583691264.0,
        2583691264.0,
        2583691264.0,
        2583691264.0,
        2583691264.0,
        2583691264.0,
        2583691264.0,
        2583691264.0,
        2583691264.0,
        2583691264.0,
        2583691264.0,
        2583691264.0,
        2583691264.0,
        2583691264.0,
        2583691264.0,
        2583691264.0,
        2583691264.0,
        2583691264.0,
        2583691264.0,
        2583691264.0,
        2583691264.0,
        2583691264.0,
        2583691264.0,
        2583691264.0,
        2583691264.0,
        2583691264.0,
        167772160,
        1048576000
      ]
    }
  },
  "execution_time": {
    "total_time_ms": 8084.919316967148,
    "forward_backward_time_ms": 7804.228476115636,
    "batch_generator_time_ms": 21.64428574698312,
    "layernorm_grads_all_reduce_time_ms": null,
    "embedding_grads_all_reduce_time_ms": null,
    "optimizer_time_ms": 234.59921618284625,
    "layer_compute_total_ms": [
      13.692106519426618,
      192.32474906103954,
      192.32474906103954,
      192.32474906103954,
      192.32474906103954,
      192.32474906103954,
      192.32474906103954,
      192.32474906103954,
      192.32474906103954,
      192.32474906103954,
      192.32474906103954,
      192.32474906103954,
      192.32474906103954,
      192.32474906103954,
      192.32474906103954,
      192.32474906103954,
      192.32474906103954,
      192.32474906103954,
      192.32474906103954,
      192.32474906103954,
      192.32474906103954,
      192.32474906103954,
      192.32474906103954,
      192.32474906103954,
      192.32474906103954,
      192.32474906103954,
      192.32474906103954,
      192.32474906103954,
      192.32474906103954,
      192.32474906103954,
      192.32474906103954,
      192.32474906103954,
      192.32474906103954,
      192.32474906103954,
      192.32474906103954,
      192.32474906103954,
      192.32474906103954,
      192.32474906103954,
      192.32474906103954,
      192.32474906103954,
      192.32474906103954,
      3.110953739711216,
      43.00076620919364
    ]
  },
  "execution_memory": {
    "total_memory_mb": 429012.26428222656,
    "layer_memory_total_mb": [
      6875.500030517578,
      10412.562896728516,
      10412.562896728516,
      10412.562896728516,
      10412.562896728516,
      10412.562896728516,
      10412.562896728516,
      10412.562896728516,
      10412.562896728516,
      10412.562896728516,
      10412.562896728516,
      10412.562896728516,
      10412.562896728516,
      10412.562896728516,
      10412.562896728516,
      10412.562896728516,
      10412.562896728516,
      10412.562896728516,
      10412.562896728516,
      10412.562896728516,
      10412.562896728516,
      10412.562896728516,
      10412.562896728516,
      10412.562896728516,
      10412.562896728516,
      10412.562896728516,
      10412.562896728516,
      10412.562896728516,
      10412.562896728516,
      10412.562896728516,
      10412.562896728516,
      10412.562896728516,
      10412.562896728516,
      10412.562896728516,
      10412.562896728516,
      10412.562896728516,
      10412.562896728516,
      10412.562896728516,
      10412.562896728516,
      10412.562896728516,
      10412.562896728516,
      320.6562805175781,
      3780.000030517578
    ]
  }
}