{
  "model": {
    "model_name": "llama2_13B",
    "num_layers": 40,
    "parameters": {
      "total_parameters_bytes": 52063457280.0,
      "parameters_per_layer_bytes": [
        655360000,
        1268817920.0,
        1268817920.0,
        1268817920.0,
        1268817920.0,
        1268817920.0,
        1268817920.0,
        1268817920.0,
        1268817920.0,
        1268817920.0,
        1268817920.0,
        1268817920.0,
        1268817920.0,
        1268817920.0,
        1268817920.0,
        1268817920.0,
        1268817920.0,
        1268817920.0,
        1268817920.0,
        1268817920.0,
        1268817920.0,
        1268817920.0,
        1268817920.0,
        1268817920.0,
        1268817920.0,
        1268817920.0,
        1268817920.0,
        1268817920.0,
        1268817920.0,
        1268817920.0,
        1268817920.0,
        1268817920.0,
        1268817920.0,
        1268817920.0,
        1268817920.0,
        1268817920.0,
        1268817920.0,
        1268817920.0,
        1268817920.0,
        1268817920.0,
        1268817920.0,
        20480,
        655360000
      ],
      "activation_parameters_bytes": [
        41943040,
        645922816.0,
        645922816.0,
        645922816.0,
        645922816.0,
        645922816.0,
        645922816.0,
        645922816.0,
        645922816.0,
        645922816.0,
        645922816.0,
        645922816.0,
        645922816.0,
        645922816.0,
        645922816.0,
        645922816.0,
        645922816.0,
        645922816.0,
        645922816.0,
        645922816.0,
        645922816.0,
        645922816.0,
        645922816.0,
        645922816.0,
        645922816.0,
        645922816.0,
        645922816.0,
        645922816.0,
        645922816.0,
        645922816.0,
        645922816.0,
        645922816.0,
        645922816.0,
        645922816.0,
        645922816.0,
        645922816.0,
        645922816.0,
        645922816.0,
        645922816.0,
        645922816.0,
        645922816.0,
        41943040,
        262144000
      ]
    }
  },
  "execution_time": {
    "total_time_ms": 1059.0633467280406,
    "forward_backward_time_ms": 933.6425317026435,
    "batch_generator_time_ms": 3.2647622208075817,
    "layernorm_grads_all_reduce_time_ms": null,
    "embedding_grads_all_reduce_time_ms": null,
    "optimizer_time_ms": 109.90363496398074,
    "layer_compute_total_ms": [
      2.0224815489450294,
      22.840163700810542,
      22.840163700810542,
      22.840163700810542,
      22.840163700810542,
      22.840163700810542,
      22.840163700810542,
      22.840163700810542,
      22.840163700810542,
      22.840163700810542,
      22.840163700810542,
      22.840163700810542,
      22.840163700810542,
      22.840163700810542,
      22.840163700810542,
      22.840163700810542,
      22.840163700810542,
      22.840163700810542,
      22.840163700810542,
      22.840163700810542,
      22.840163700810542,
      22.840163700810542,
      22.840163700810542,
      22.840163700810542,
      22.840163700810542,
      22.840163700810542,
      22.840163700810542,
      22.840163700810542,
      22.840163700810542,
      22.840163700810542,
      22.840163700810542,
      22.840163700810542,
      22.840163700810542,
      22.840163700810542,
      22.840163700810542,
      22.840163700810542,
      22.840163700810542,
      22.840163700810542,
      22.840163700810542,
      22.840163700810542,
      22.840163700810542,
      1.3628594580127582,
      4.9900655669849705
    ]
  },
  "execution_memory": {
    "total_memory_mb": 32792.10334777832,
    "layer_memory_total_mb": [
      859.3906288146973,
      779.4473152160645,
      779.4473152160645,
      779.4473152160645,
      779.4473152160645,
      779.4473152160645,
      779.4473152160645,
      779.4473152160645,
      779.4473152160645,
      779.4473152160645,
      779.4473152160645,
      779.4473152160645,
      779.4473152160645,
      779.4473152160645,
      779.4473152160645,
      779.4473152160645,
      779.4473152160645,
      779.4473152160645,
      779.4473152160645,
      779.4473152160645,
      779.4473152160645,
      779.4473152160645,
      779.4473152160645,
      779.4473152160645,
      779.4473152160645,
      779.4473152160645,
      779.4473152160645,
      779.4473152160645,
      779.4473152160645,
      779.4473152160645,
      779.4473152160645,
      779.4473152160645,
      779.4473152160645,
      779.4473152160645,
      779.4473152160645,
      779.4473152160645,
      779.4473152160645,
      779.4473152160645,
      779.4473152160645,
      779.4473152160645,
      779.4473152160645,
      10.079105377197266,
      352.50000381469727
    ]
  }
}