{
  "model": {
    "model_name": "llama2_13B",
    "num_layers": 40,
    "parameters": {
      "total_parameters_bytes": 52063457280.0,
      "parameters_per_layer_bytes": [
        655360000,
        1268817920.0,
        1268817920.0,
        1268817920.0,
        1268817920.0,
        1268817920.0,
        1268817920.0,
        1268817920.0,
        1268817920.0,
        1268817920.0,
        1268817920.0,
        1268817920.0,
        1268817920.0,
        1268817920.0,
        1268817920.0,
        1268817920.0,
        1268817920.0,
        1268817920.0,
        1268817920.0,
        1268817920.0,
        1268817920.0,
        1268817920.0,
        1268817920.0,
        1268817920.0,
        1268817920.0,
        1268817920.0,
        1268817920.0,
        1268817920.0,
        1268817920.0,
        1268817920.0,
        1268817920.0,
        1268817920.0,
        1268817920.0,
        1268817920.0,
        1268817920.0,
        1268817920.0,
        1268817920.0,
        1268817920.0,
        1268817920.0,
        1268817920.0,
        1268817920.0,
        20480,
        655360000
      ],
      "activation_parameters_bytes": [
        671088640,
        10334765056.0,
        10334765056.0,
        10334765056.0,
        10334765056.0,
        10334765056.0,
        10334765056.0,
        10334765056.0,
        10334765056.0,
        10334765056.0,
        10334765056.0,
        10334765056.0,
        10334765056.0,
        10334765056.0,
        10334765056.0,
        10334765056.0,
        10334765056.0,
        10334765056.0,
        10334765056.0,
        10334765056.0,
        10334765056.0,
        10334765056.0,
        10334765056.0,
        10334765056.0,
        10334765056.0,
        10334765056.0,
        10334765056.0,
        10334765056.0,
        10334765056.0,
        10334765056.0,
        10334765056.0,
        10334765056.0,
        10334765056.0,
        10334765056.0,
        10334765056.0,
        10334765056.0,
        10334765056.0,
        10334765056.0,
        10334765056.0,
        10334765056.0,
        10334765056.0,
        671088640,
        4194304000
      ]
    }
  },
  "execution_time": {
    "total_time_ms": 10382.294608027925,
    "forward_backward_time_ms": 10247.123105915862,
    "batch_generator_time_ms": 20.735135081221713,
    "layernorm_grads_all_reduce_time_ms": null,
    "embedding_grads_all_reduce_time_ms": null,
    "optimizer_time_ms": 108.18146131004363,
    "layer_compute_total_ms": [
      7.7379063122149505,
      252.95338359744196,
      252.95338359744196,
      252.95338359744196,
      252.95338359744196,
      252.95338359744196,
      252.95338359744196,
      252.95338359744196,
      252.95338359744196,
      252.95338359744196,
      252.95338359744196,
      252.95338359744196,
      252.95338359744196,
      252.95338359744196,
      252.95338359744196,
      252.95338359744196,
      252.95338359744196,
      252.95338359744196,
      252.95338359744196,
      252.95338359744196,
      252.95338359744196,
      252.95338359744196,
      252.95338359744196,
      252.95338359744196,
      252.95338359744196,
      252.95338359744196,
      252.95338359744196,
      252.95338359744196,
      252.95338359744196,
      252.95338359744196,
      252.95338359744196,
      252.95338359744196,
      252.95338359744196,
      252.95338359744196,
      252.95338359744196,
      252.95338359744196,
      252.95338359744196,
      252.95338359744196,
      252.95338359744196,
      252.95338359744196,
      252.95338359744196,
      1.8790657090249931,
      89.08848654873206
    ]
  },
  "execution_memory": {
    "total_memory_mb": 228181.87678527832,
    "layer_memory_total_mb": [
      1094.0000038146973,
      5499.718799591064,
      5499.718799591064,
      5499.718799591064,
      5499.718799591064,
      5499.718799591064,
      5499.718799591064,
      5499.718799591064,
      5499.718799591064,
      5499.718799591064,
      5499.718799591064,
      5499.718799591064,
      5499.718799591064,
      5499.718799591064,
      5499.718799591064,
      5499.718799591064,
      5499.718799591064,
      5499.718799591064,
      5499.718799591064,
      5499.718799591064,
      5499.718799591064,
      5499.718799591064,
      5499.718799591064,
      5499.718799591064,
      5499.718799591064,
      5499.718799591064,
      5499.718799591064,
      5499.718799591064,
      5499.718799591064,
      5499.718799591064,
      5499.718799591064,
      5499.718799591064,
      5499.718799591064,
      5499.718799591064,
      5499.718799591064,
      5499.718799591064,
      5499.718799591064,
      5499.718799591064,
      5499.718799591064,
      5499.718799591064,
      5499.718799591064,
      320.10937881469727,
      1265.0000038146973
    ]
  }
}