{
  "model": {
    "model_name": "llama2_13B",
    "num_layers": 40,
    "parameters": {
      "total_parameters_bytes": 52063457280.0,
      "parameters_per_layer_bytes": [
        655360000,
        1268817920.0,
        1268817920.0,
        1268817920.0,
        1268817920.0,
        1268817920.0,
        1268817920.0,
        1268817920.0,
        1268817920.0,
        1268817920.0,
        1268817920.0,
        1268817920.0,
        1268817920.0,
        1268817920.0,
        1268817920.0,
        1268817920.0,
        1268817920.0,
        1268817920.0,
        1268817920.0,
        1268817920.0,
        1268817920.0,
        1268817920.0,
        1268817920.0,
        1268817920.0,
        1268817920.0,
        1268817920.0,
        1268817920.0,
        1268817920.0,
        1268817920.0,
        1268817920.0,
        1268817920.0,
        1268817920.0,
        1268817920.0,
        1268817920.0,
        1268817920.0,
        1268817920.0,
        1268817920.0,
        1268817920.0,
        1268817920.0,
        1268817920.0,
        1268817920.0,
        20480,
        655360000
      ],
      "activation_parameters_bytes": [
        83886080,
        1291845632.0,
        1291845632.0,
        1291845632.0,
        1291845632.0,
        1291845632.0,
        1291845632.0,
        1291845632.0,
        1291845632.0,
        1291845632.0,
        1291845632.0,
        1291845632.0,
        1291845632.0,
        1291845632.0,
        1291845632.0,
        1291845632.0,
        1291845632.0,
        1291845632.0,
        1291845632.0,
        1291845632.0,
        1291845632.0,
        1291845632.0,
        1291845632.0,
        1291845632.0,
        1291845632.0,
        1291845632.0,
        1291845632.0,
        1291845632.0,
        1291845632.0,
        1291845632.0,
        1291845632.0,
        1291845632.0,
        1291845632.0,
        1291845632.0,
        1291845632.0,
        1291845632.0,
        1291845632.0,
        1291845632.0,
        1291845632.0,
        1291845632.0,
        1291845632.0,
        83886080,
        524288000
      ]
    }
  },
  "execution_time": {
    "total_time_ms": 4482.607775078041,
    "forward_backward_time_ms": 4067.457212738466,
    "batch_generator_time_ms": 5.466138727219953,
    "layernorm_grads_all_reduce_time_ms": null,
    "embedding_grads_all_reduce_time_ms": null,
    "optimizer_time_ms": 396.6597292274613,
    "layer_compute_total_ms": [
      1.7372684597854606,
      100.28190482866279,
      100.28190482866279,
      100.28190482866279,
      100.28190482866279,
      100.28190482866279,
      100.28190482866279,
      100.28190482866279,
      100.28190482866279,
      100.28190482866279,
      100.28190482866279,
      100.28190482866279,
      100.28190482866279,
      100.28190482866279,
      100.28190482866279,
      100.28190482866279,
      100.28190482866279,
      100.28190482866279,
      100.28190482866279,
      100.28190482866279,
      100.28190482866279,
      100.28190482866279,
      100.28190482866279,
      100.28190482866279,
      100.28190482866279,
      100.28190482866279,
      100.28190482866279,
      100.28190482866279,
      100.28190482866279,
      100.28190482866279,
      100.28190482866279,
      100.28190482866279,
      100.28190482866279,
      100.28190482866279,
      100.28190482866279,
      100.28190482866279,
      100.28190482866279,
      100.28190482866279,
      100.28190482866279,
      100.28190482866279,
      100.28190482866279,
      1.5879010757162264,
      41.90019267568579
    ]
  },
  "execution_memory": {
    "total_memory_mb": 137450.43928527832,
    "layer_memory_total_mb": [
      1562.5312538146973,
      3332.7344245910645,
      3332.7344245910645,
      3332.7344245910645,
      3332.7344245910645,
      3332.7344245910645,
      3332.7344245910645,
      3332.7344245910645,
      3332.7344245910645,
      3332.7344245910645,
      3332.7344245910645,
      3332.7344245910645,
      3332.7344245910645,
      3332.7344245910645,
      3332.7344245910645,
      3332.7344245910645,
      3332.7344245910645,
      3332.7344245910645,
      3332.7344245910645,
      3332.7344245910645,
      3332.7344245910645,
      3332.7344245910645,
      3332.7344245910645,
      3332.7344245910645,
      3332.7344245910645,
      3332.7344245910645,
      3332.7344245910645,
      3332.7344245910645,
      3332.7344245910645,
      3332.7344245910645,
      3332.7344245910645,
      3332.7344245910645,
      3332.7344245910645,
      3332.7344245910645,
      3332.7344245910645,
      3332.7344245910645,
      3332.7344245910645,
      3332.7344245910645,
      3332.7344245910645,
      3332.7344245910645,
      3332.7344245910645,
      80.08594131469727,
      1330.0000038146973
    ]
  }
}