{
  "model": {
    "model_name": "llama2_13B",
    "num_layers": 40,
    "parameters": {
      "total_parameters_bytes": 52063457280.0,
      "parameters_per_layer_bytes": [
        655360000,
        1268817920.0,
        1268817920.0,
        1268817920.0,
        1268817920.0,
        1268817920.0,
        1268817920.0,
        1268817920.0,
        1268817920.0,
        1268817920.0,
        1268817920.0,
        1268817920.0,
        1268817920.0,
        1268817920.0,
        1268817920.0,
        1268817920.0,
        1268817920.0,
        1268817920.0,
        1268817920.0,
        1268817920.0,
        1268817920.0,
        1268817920.0,
        1268817920.0,
        1268817920.0,
        1268817920.0,
        1268817920.0,
        1268817920.0,
        1268817920.0,
        1268817920.0,
        1268817920.0,
        1268817920.0,
        1268817920.0,
        1268817920.0,
        1268817920.0,
        1268817920.0,
        1268817920.0,
        1268817920.0,
        1268817920.0,
        1268817920.0,
        1268817920.0,
        1268817920.0,
        20480,
        655360000
      ],
      "activation_parameters_bytes": [
        41943040,
        645922816.0,
        645922816.0,
        645922816.0,
        645922816.0,
        645922816.0,
        645922816.0,
        645922816.0,
        645922816.0,
        645922816.0,
        645922816.0,
        645922816.0,
        645922816.0,
        645922816.0,
        645922816.0,
        645922816.0,
        645922816.0,
        645922816.0,
        645922816.0,
        645922816.0,
        645922816.0,
        645922816.0,
        645922816.0,
        645922816.0,
        645922816.0,
        645922816.0,
        645922816.0,
        645922816.0,
        645922816.0,
        645922816.0,
        645922816.0,
        645922816.0,
        645922816.0,
        645922816.0,
        645922816.0,
        645922816.0,
        645922816.0,
        645922816.0,
        645922816.0,
        645922816.0,
        645922816.0,
        41943040,
        262144000
      ]
    }
  },
  "execution_time": {
    "total_time_ms": 4501.1141280579195,
    "forward_backward_time_ms": 3729.240509872394,
    "batch_generator_time_ms": 2.742133605390599,
    "layernorm_grads_all_reduce_time_ms": null,
    "embedding_grads_all_reduce_time_ms": null,
    "optimizer_time_ms": 755.2835243428989,
    "layer_compute_total_ms": [
      0.14611274738477809,
      92.02286723907187,
      92.02286723907187,
      92.02286723907187,
      92.02286723907187,
      92.02286723907187,
      92.02286723907187,
      92.02286723907187,
      92.02286723907187,
      92.02286723907187,
      92.02286723907187,
      92.02286723907187,
      92.02286723907187,
      92.02286723907187,
      92.02286723907187,
      92.02286723907187,
      92.02286723907187,
      92.02286723907187,
      92.02286723907187,
      92.02286723907187,
      92.02286723907187,
      92.02286723907187,
      92.02286723907187,
      92.02286723907187,
      92.02286723907187,
      92.02286723907187,
      92.02286723907187,
      92.02286723907187,
      92.02286723907187,
      92.02286723907187,
      92.02286723907187,
      92.02286723907187,
      92.02286723907187,
      92.02286723907187,
      92.02286723907187,
      92.02286723907187,
      92.02286723907187,
      92.02286723907187,
      92.02286723907187,
      92.02286723907187,
      92.02286723907187,
      0.9106693563463194,
      42.58325758447566
    ]
  },
  "execution_memory": {
    "total_memory_mb": 236700.43928527832,
    "layer_memory_total_mb": [
      2500.0156288146973,
      5672.734424591064,
      5672.734424591064,
      5672.734424591064,
      5672.734424591064,
      5672.734424591064,
      5672.734424591064,
      5672.734424591064,
      5672.734424591064,
      5672.734424591064,
      5672.734424591064,
      5672.734424591064,
      5672.734424591064,
      5672.734424591064,
      5672.734424591064,
      5672.734424591064,
      5672.734424591064,
      5672.734424591064,
      5672.734424591064,
      5672.734424591064,
      5672.734424591064,
      5672.734424591064,
      5672.734424591064,
      5672.734424591064,
      5672.734424591064,
      5672.734424591064,
      5672.734424591064,
      5672.734424591064,
      5672.734424591064,
      5672.734424591064,
      5672.734424591064,
      5672.734424591064,
      5672.734424591064,
      5672.734424591064,
      5672.734424591064,
      5672.734424591064,
      5672.734424591064,
      5672.734424591064,
      5672.734424591064,
      5672.734424591064,
      5672.734424591064,
      80.08594131469727,
      2540.0000038146973
    ]
  }
}