{
  "model": {
    "model_name": "llama2_13B",
    "num_layers": 40,
    "parameters": {
      "total_parameters_bytes": 52063457280.0,
      "parameters_per_layer_bytes": [
        655360000,
        1268817920.0,
        1268817920.0,
        1268817920.0,
        1268817920.0,
        1268817920.0,
        1268817920.0,
        1268817920.0,
        1268817920.0,
        1268817920.0,
        1268817920.0,
        1268817920.0,
        1268817920.0,
        1268817920.0,
        1268817920.0,
        1268817920.0,
        1268817920.0,
        1268817920.0,
        1268817920.0,
        1268817920.0,
        1268817920.0,
        1268817920.0,
        1268817920.0,
        1268817920.0,
        1268817920.0,
        1268817920.0,
        1268817920.0,
        1268817920.0,
        1268817920.0,
        1268817920.0,
        1268817920.0,
        1268817920.0,
        1268817920.0,
        1268817920.0,
        1268817920.0,
        1268817920.0,
        1268817920.0,
        1268817920.0,
        1268817920.0,
        1268817920.0,
        1268817920.0,
        20480,
        655360000
      ],
      "activation_parameters_bytes": [
        167772160,
        2583691264.0,
        2583691264.0,
        2583691264.0,
        2583691264.0,
        2583691264.0,
        2583691264.0,
        2583691264.0,
        2583691264.0,
        2583691264.0,
        2583691264.0,
        2583691264.0,
        2583691264.0,
        2583691264.0,
        2583691264.0,
        2583691264.0,
        2583691264.0,
        2583691264.0,
        2583691264.0,
        2583691264.0,
        2583691264.0,
        2583691264.0,
        2583691264.0,
        2583691264.0,
        2583691264.0,
        2583691264.0,
        2583691264.0,
        2583691264.0,
        2583691264.0,
        2583691264.0,
        2583691264.0,
        2583691264.0,
        2583691264.0,
        2583691264.0,
        2583691264.0,
        2583691264.0,
        2583691264.0,
        2583691264.0,
        2583691264.0,
        2583691264.0,
        2583691264.0,
        167772160,
        1048576000
      ]
    }
  },
  "execution_time": {
    "total_time_ms": 4538.044274944429,
    "forward_backward_time_ms": 4313.314936289501,
    "batch_generator_time_ms": 5.500556286391744,
    "layernorm_grads_all_reduce_time_ms": null,
    "embedding_grads_all_reduce_time_ms": null,
    "optimizer_time_ms": 211.05726345559987,
    "layer_compute_total_ms": [
      1.8942146935573827,
      106.42914500204147,
      106.42914500204147,
      106.42914500204147,
      106.42914500204147,
      106.42914500204147,
      106.42914500204147,
      106.42914500204147,
      106.42914500204147,
      106.42914500204147,
      106.42914500204147,
      106.42914500204147,
      106.42914500204147,
      106.42914500204147,
      106.42914500204147,
      106.42914500204147,
      106.42914500204147,
      106.42914500204147,
      106.42914500204147,
      106.42914500204147,
      106.42914500204147,
      106.42914500204147,
      106.42914500204147,
      106.42914500204147,
      106.42914500204147,
      106.42914500204147,
      106.42914500204147,
      106.42914500204147,
      106.42914500204147,
      106.42914500204147,
      106.42914500204147,
      106.42914500204147,
      106.42914500204147,
      106.42914500204147,
      106.42914500204147,
      106.42914500204147,
      106.42914500204147,
      106.42914500204147,
      106.42914500204147,
      106.42914500204147,
      106.42914500204147,
      1.041188540322665,
      43.74806747700163
    ]
  },
  "execution_memory": {
    "total_memory_mb": 174610.25178527832,
    "layer_memory_total_mb": [
      1562.5625038146973,
      4245.062549591064,
      4245.062549591064,
      4245.062549591064,
      4245.062549591064,
      4245.062549591064,
      4245.062549591064,
      4245.062549591064,
      4245.062549591064,
      4245.062549591064,
      4245.062549591064,
      4245.062549591064,
      4245.062549591064,
      4245.062549591064,
      4245.062549591064,
      4245.062549591064,
      4245.062549591064,
      4245.062549591064,
      4245.062549591064,
      4245.062549591064,
      4245.062549591064,
      4245.062549591064,
      4245.062549591064,
      4245.062549591064,
      4245.062549591064,
      4245.062549591064,
      4245.062549591064,
      4245.062549591064,
      4245.062549591064,
      4245.062549591064,
      4245.062549591064,
      4245.062549591064,
      4245.062549591064,
      4245.062549591064,
      4245.062549591064,
      4245.062549591064,
      4245.062549591064,
      4245.062549591064,
      4245.062549591064,
      4245.062549591064,
      4245.062549591064,
      160.09375381469727,
      1410.0000038146973
    ]
  }
}