{
  "model": {
    "model_name": "llama2_13B",
    "num_layers": 40,
    "parameters": {
      "total_parameters_bytes": 52063457280.0,
      "parameters_per_layer_bytes": [
        655360000,
        1268817920.0,
        1268817920.0,
        1268817920.0,
        1268817920.0,
        1268817920.0,
        1268817920.0,
        1268817920.0,
        1268817920.0,
        1268817920.0,
        1268817920.0,
        1268817920.0,
        1268817920.0,
        1268817920.0,
        1268817920.0,
        1268817920.0,
        1268817920.0,
        1268817920.0,
        1268817920.0,
        1268817920.0,
        1268817920.0,
        1268817920.0,
        1268817920.0,
        1268817920.0,
        1268817920.0,
        1268817920.0,
        1268817920.0,
        1268817920.0,
        1268817920.0,
        1268817920.0,
        1268817920.0,
        1268817920.0,
        1268817920.0,
        1268817920.0,
        1268817920.0,
        1268817920.0,
        1268817920.0,
        1268817920.0,
        1268817920.0,
        1268817920.0,
        1268817920.0,
        20480,
        655360000
      ],
      "activation_parameters_bytes": [
        671088640,
        10334765056.0,
        10334765056.0,
        10334765056.0,
        10334765056.0,
        10334765056.0,
        10334765056.0,
        10334765056.0,
        10334765056.0,
        10334765056.0,
        10334765056.0,
        10334765056.0,
        10334765056.0,
        10334765056.0,
        10334765056.0,
        10334765056.0,
        10334765056.0,
        10334765056.0,
        10334765056.0,
        10334765056.0,
        10334765056.0,
        10334765056.0,
        10334765056.0,
        10334765056.0,
        10334765056.0,
        10334765056.0,
        10334765056.0,
        10334765056.0,
        10334765056.0,
        10334765056.0,
        10334765056.0,
        10334765056.0,
        10334765056.0,
        10334765056.0,
        10334765056.0,
        10334765056.0,
        10334765056.0,
        10334765056.0,
        10334765056.0,
        10334765056.0,
        10334765056.0,
        671088640,
        4194304000
      ]
    }
  },
  "execution_time": {
    "total_time_ms": 42437.1060831998,
    "forward_backward_time_ms": 41884.59937913078,
    "batch_generator_time_ms": 84.75381987435478,
    "layernorm_grads_all_reduce_time_ms": null,
    "embedding_grads_all_reduce_time_ms": null,
    "optimizer_time_ms": 442.18627222348886,
    "layer_compute_total_ms": [
      31.62830216544015,
      1033.9342100279673,
      1033.9342100279673,
      1033.9342100279673,
      1033.9342100279673,
      1033.9342100279673,
      1033.9342100279673,
      1033.9342100279673,
      1033.9342100279673,
      1033.9342100279673,
      1033.9342100279673,
      1033.9342100279673,
      1033.9342100279673,
      1033.9342100279673,
      1033.9342100279673,
      1033.9342100279673,
      1033.9342100279673,
      1033.9342100279673,
      1033.9342100279673,
      1033.9342100279673,
      1033.9342100279673,
      1033.9342100279673,
      1033.9342100279673,
      1033.9342100279673,
      1033.9342100279673,
      1033.9342100279673,
      1033.9342100279673,
      1033.9342100279673,
      1033.9342100279673,
      1033.9342100279673,
      1033.9342100279673,
      1033.9342100279673,
      1033.9342100279673,
      1033.9342100279673,
      1033.9342100279673,
      1033.9342100279673,
      1033.9342100279673,
      1033.9342100279673,
      1033.9342100279673,
      1033.9342100279673,
      1033.9342100279673,
      7.680586406162806,
      364.1446999141148
    ]
  },
  "execution_memory": {
    "total_memory_mb": 912727.5071411133,
    "layer_memory_total_mb": [
      4376.000015258789,
      21998.875198364258,
      21998.875198364258,
      21998.875198364258,
      21998.875198364258,
      21998.875198364258,
      21998.875198364258,
      21998.875198364258,
      21998.875198364258,
      21998.875198364258,
      21998.875198364258,
      21998.875198364258,
      21998.875198364258,
      21998.875198364258,
      21998.875198364258,
      21998.875198364258,
      21998.875198364258,
      21998.875198364258,
      21998.875198364258,
      21998.875198364258,
      21998.875198364258,
      21998.875198364258,
      21998.875198364258,
      21998.875198364258,
      21998.875198364258,
      21998.875198364258,
      21998.875198364258,
      21998.875198364258,
      21998.875198364258,
      21998.875198364258,
      21998.875198364258,
      21998.875198364258,
      21998.875198364258,
      21998.875198364258,
      21998.875198364258,
      21998.875198364258,
      21998.875198364258,
      21998.875198364258,
      21998.875198364258,
      21998.875198364258,
      21998.875198364258,
      1280.437515258789,
      5060.000015258789
    ]
  }
}