{
  "model": {
    "model_name": "llama2_13B",
    "num_layers": 40,
    "parameters": {
      "total_parameters_bytes": 52063457280.0,
      "parameters_per_layer_bytes": [
        655360000,
        1268817920.0,
        1268817920.0,
        1268817920.0,
        1268817920.0,
        1268817920.0,
        1268817920.0,
        1268817920.0,
        1268817920.0,
        1268817920.0,
        1268817920.0,
        1268817920.0,
        1268817920.0,
        1268817920.0,
        1268817920.0,
        1268817920.0,
        1268817920.0,
        1268817920.0,
        1268817920.0,
        1268817920.0,
        1268817920.0,
        1268817920.0,
        1268817920.0,
        1268817920.0,
        1268817920.0,
        1268817920.0,
        1268817920.0,
        1268817920.0,
        1268817920.0,
        1268817920.0,
        1268817920.0,
        1268817920.0,
        1268817920.0,
        1268817920.0,
        1268817920.0,
        1268817920.0,
        1268817920.0,
        1268817920.0,
        1268817920.0,
        1268817920.0,
        1268817920.0,
        20480,
        655360000
      ],
      "activation_parameters_bytes": [
        335544320,
        5167382528.0,
        5167382528.0,
        5167382528.0,
        5167382528.0,
        5167382528.0,
        5167382528.0,
        5167382528.0,
        5167382528.0,
        5167382528.0,
        5167382528.0,
        5167382528.0,
        5167382528.0,
        5167382528.0,
        5167382528.0,
        5167382528.0,
        5167382528.0,
        5167382528.0,
        5167382528.0,
        5167382528.0,
        5167382528.0,
        5167382528.0,
        5167382528.0,
        5167382528.0,
        5167382528.0,
        5167382528.0,
        5167382528.0,
        5167382528.0,
        5167382528.0,
        5167382528.0,
        5167382528.0,
        5167382528.0,
        5167382528.0,
        5167382528.0,
        5167382528.0,
        5167382528.0,
        5167382528.0,
        5167382528.0,
        5167382528.0,
        5167382528.0,
        5167382528.0,
        335544320,
        2097152000
      ]
    }
  },
  "execution_time": {
    "total_time_ms": 8896.38225168911,
    "forward_backward_time_ms": 8667.394273390653,
    "batch_generator_time_ms": 10.774561092328808,
    "layernorm_grads_all_reduce_time_ms": null,
    "embedding_grads_all_reduce_time_ms": null,
    "optimizer_time_ms": 210.7777989642536,
    "layer_compute_total_ms": [
      3.2171343488635955,
      213.94972309307676,
      213.94972309307676,
      213.94972309307676,
      213.94972309307676,
      213.94972309307676,
      213.94972309307676,
      213.94972309307676,
      213.94972309307676,
      213.94972309307676,
      213.94972309307676,
      213.94972309307676,
      213.94972309307676,
      213.94972309307676,
      213.94972309307676,
      213.94972309307676,
      213.94972309307676,
      213.94972309307676,
      213.94972309307676,
      213.94972309307676,
      213.94972309307676,
      213.94972309307676,
      213.94972309307676,
      213.94972309307676,
      213.94972309307676,
      213.94972309307676,
      213.94972309307676,
      213.94972309307676,
      213.94972309307676,
      213.94972309307676,
      213.94972309307676,
      213.94972309307676,
      213.94972309307676,
      213.94972309307676,
      213.94972309307676,
      213.94972309307676,
      213.94972309307676,
      213.94972309307676,
      213.94972309307676,
      213.94972309307676,
      213.94972309307676,
      1.8970895008531332,
      87.67816441886026
    ]
  },
  "execution_memory": {
    "total_memory_mb": 249733.87678527832,
    "layer_memory_total_mb": [
      1562.6250038146973,
      6069.718799591064,
      6069.718799591064,
      6069.718799591064,
      6069.718799591064,
      6069.718799591064,
      6069.718799591064,
      6069.718799591064,
      6069.718799591064,
      6069.718799591064,
      6069.718799591064,
      6069.718799591064,
      6069.718799591064,
      6069.718799591064,
      6069.718799591064,
      6069.718799591064,
      6069.718799591064,
      6069.718799591064,
      6069.718799591064,
      6069.718799591064,
      6069.718799591064,
      6069.718799591064,
      6069.718799591064,
      6069.718799591064,
      6069.718799591064,
      6069.718799591064,
      6069.718799591064,
      6069.718799591064,
      6069.718799591064,
      6069.718799591064,
      6069.718799591064,
      6069.718799591064,
      6069.718799591064,
      6069.718799591064,
      6069.718799591064,
      6069.718799591064,
      6069.718799591064,
      6069.718799591064,
      6069.718799591064,
      6069.718799591064,
      6069.718799591064,
      320.10937881469727,
      1570.0000038146973
    ]
  }
}