{
  "model": {
    "model_name": "llama2_13B",
    "num_layers": 40,
    "parameters": {
      "total_parameters_bytes": 52063457280.0,
      "parameters_per_layer_bytes": [
        655360000,
        1268817920.0,
        1268817920.0,
        1268817920.0,
        1268817920.0,
        1268817920.0,
        1268817920.0,
        1268817920.0,
        1268817920.0,
        1268817920.0,
        1268817920.0,
        1268817920.0,
        1268817920.0,
        1268817920.0,
        1268817920.0,
        1268817920.0,
        1268817920.0,
        1268817920.0,
        1268817920.0,
        1268817920.0,
        1268817920.0,
        1268817920.0,
        1268817920.0,
        1268817920.0,
        1268817920.0,
        1268817920.0,
        1268817920.0,
        1268817920.0,
        1268817920.0,
        1268817920.0,
        1268817920.0,
        1268817920.0,
        1268817920.0,
        1268817920.0,
        1268817920.0,
        1268817920.0,
        1268817920.0,
        1268817920.0,
        1268817920.0,
        1268817920.0,
        1268817920.0,
        20480,
        655360000
      ],
      "activation_parameters_bytes": [
        83886080,
        1291845632.0,
        1291845632.0,
        1291845632.0,
        1291845632.0,
        1291845632.0,
        1291845632.0,
        1291845632.0,
        1291845632.0,
        1291845632.0,
        1291845632.0,
        1291845632.0,
        1291845632.0,
        1291845632.0,
        1291845632.0,
        1291845632.0,
        1291845632.0,
        1291845632.0,
        1291845632.0,
        1291845632.0,
        1291845632.0,
        1291845632.0,
        1291845632.0,
        1291845632.0,
        1291845632.0,
        1291845632.0,
        1291845632.0,
        1291845632.0,
        1291845632.0,
        1291845632.0,
        1291845632.0,
        1291845632.0,
        1291845632.0,
        1291845632.0,
        1291845632.0,
        1291845632.0,
        1291845632.0,
        1291845632.0,
        1291845632.0,
        1291845632.0,
        1291845632.0,
        83886080,
        524288000
      ]
    }
  },
  "execution_time": {
    "total_time_ms": 4326.73335954509,
    "forward_backward_time_ms": 3915.933140275783,
    "batch_generator_time_ms": 2.9044719739327265,
    "layernorm_grads_all_reduce_time_ms": null,
    "embedding_grads_all_reduce_time_ms": null,
    "optimizer_time_ms": 400.58932872631476,
    "layer_compute_total_ms": [
      0.09387704056210151,
      96.67976935608897,
      96.67976935608897,
      96.67976935608897,
      96.67976935608897,
      96.67976935608897,
      96.67976935608897,
      96.67976935608897,
      96.67976935608897,
      96.67976935608897,
      96.67976935608897,
      96.67976935608897,
      96.67976935608897,
      96.67976935608897,
      96.67976935608897,
      96.67976935608897,
      96.67976935608897,
      96.67976935608897,
      96.67976935608897,
      96.67976935608897,
      96.67976935608897,
      96.67976935608897,
      96.67976935608897,
      96.67976935608897,
      96.67976935608897,
      96.67976935608897,
      96.67976935608897,
      96.67976935608897,
      96.67976935608897,
      96.67976935608897,
      96.67976935608897,
      96.67976935608897,
      96.67976935608897,
      96.67976935608897,
      96.67976935608897,
      96.67976935608897,
      96.67976935608897,
      96.67976935608897,
      96.67976935608897,
      96.67976935608897,
      96.67976935608897,
      0.9142720477963587,
      44.28642305658584
    ]
  },
  "execution_memory": {
    "total_memory_mb": 269082.2517852783,
    "layer_memory_total_mb": [
      2500.0312538146973,
      6505.062549591064,
      6505.062549591064,
      6505.062549591064,
      6505.062549591064,
      6505.062549591064,
      6505.062549591064,
      6505.062549591064,
      6505.062549591064,
      6505.062549591064,
      6505.062549591064,
      6505.062549591064,
      6505.062549591064,
      6505.062549591064,
      6505.062549591064,
      6505.062549591064,
      6505.062549591064,
      6505.062549591064,
      6505.062549591064,
      6505.062549591064,
      6505.062549591064,
      6505.062549591064,
      6505.062549591064,
      6505.062549591064,
      6505.062549591064,
      6505.062549591064,
      6505.062549591064,
      6505.062549591064,
      6505.062549591064,
      6505.062549591064,
      6505.062549591064,
      6505.062549591064,
      6505.062549591064,
      6505.062549591064,
      6505.062549591064,
      6505.062549591064,
      6505.062549591064,
      6505.062549591064,
      6505.062549591064,
      6505.062549591064,
      6505.062549591064,
      160.09375381469727,
      2580.0000038146973
    ]
  }
}