{
  "model": {
    "model_name": "llama2_13B",
    "num_layers": 40,
    "parameters": {
      "total_parameters_bytes": 52063457280.0,
      "parameters_per_layer_bytes": [
        655360000,
        1268817920.0,
        1268817920.0,
        1268817920.0,
        1268817920.0,
        1268817920.0,
        1268817920.0,
        1268817920.0,
        1268817920.0,
        1268817920.0,
        1268817920.0,
        1268817920.0,
        1268817920.0,
        1268817920.0,
        1268817920.0,
        1268817920.0,
        1268817920.0,
        1268817920.0,
        1268817920.0,
        1268817920.0,
        1268817920.0,
        1268817920.0,
        1268817920.0,
        1268817920.0,
        1268817920.0,
        1268817920.0,
        1268817920.0,
        1268817920.0,
        1268817920.0,
        1268817920.0,
        1268817920.0,
        1268817920.0,
        1268817920.0,
        1268817920.0,
        1268817920.0,
        1268817920.0,
        1268817920.0,
        1268817920.0,
        1268817920.0,
        1268817920.0,
        1268817920.0,
        20480,
        655360000
      ],
      "activation_parameters_bytes": [
        41943040,
        645922816.0,
        645922816.0,
        645922816.0,
        645922816.0,
        645922816.0,
        645922816.0,
        645922816.0,
        645922816.0,
        645922816.0,
        645922816.0,
        645922816.0,
        645922816.0,
        645922816.0,
        645922816.0,
        645922816.0,
        645922816.0,
        645922816.0,
        645922816.0,
        645922816.0,
        645922816.0,
        645922816.0,
        645922816.0,
        645922816.0,
        645922816.0,
        645922816.0,
        645922816.0,
        645922816.0,
        645922816.0,
        645922816.0,
        645922816.0,
        645922816.0,
        645922816.0,
        645922816.0,
        645922816.0,
        645922816.0,
        645922816.0,
        645922816.0,
        645922816.0,
        645922816.0,
        645922816.0,
        41943040,
        262144000
      ]
    }
  },
  "execution_time": {
    "total_time_ms": 1451.486357175879,
    "forward_backward_time_ms": 1232.5051425989923,
    "batch_generator_time_ms": 2.7315835512105506,
    "layernorm_grads_all_reduce_time_ms": null,
    "embedding_grads_all_reduce_time_ms": null,
    "optimizer_time_ms": 203.9491011645145,
    "layer_compute_total_ms": [
      1.5721939160651566,
      30.240684735419116,
      30.240684735419116,
      30.240684735419116,
      30.240684735419116,
      30.240684735419116,
      30.240684735419116,
      30.240684735419116,
      30.240684735419116,
      30.240684735419116,
      30.240684735419116,
      30.240684735419116,
      30.240684735419116,
      30.240684735419116,
      30.240684735419116,
      30.240684735419116,
      30.240684735419116,
      30.240684735419116,
      30.240684735419116,
      30.240684735419116,
      30.240684735419116,
      30.240684735419116,
      30.240684735419116,
      30.240684735419116,
      30.240684735419116,
      30.240684735419116,
      30.240684735419116,
      30.240684735419116,
      30.240684735419116,
      30.240684735419116,
      30.240684735419116,
      30.240684735419116,
      30.240684735419116,
      30.240684735419116,
      30.240684735419116,
      30.240684735419116,
      30.240684735419116,
      30.240684735419116,
      30.240684735419116,
      30.240684735419116,
      30.240684735419116,
      1.5008120293625962,
      10.156463261584305
    ]
  },
  "execution_memory": {
    "total_memory_mb": 62007.57991027832,
    "layer_memory_total_mb": [
      1093.7656288146973,
      1478.4883308410645,
      1478.4883308410645,
      1478.4883308410645,
      1478.4883308410645,
      1478.4883308410645,
      1478.4883308410645,
      1478.4883308410645,
      1478.4883308410645,
      1478.4883308410645,
      1478.4883308410645,
      1478.4883308410645,
      1478.4883308410645,
      1478.4883308410645,
      1478.4883308410645,
      1478.4883308410645,
      1478.4883308410645,
      1478.4883308410645,
      1478.4883308410645,
      1478.4883308410645,
      1478.4883308410645,
      1478.4883308410645,
      1478.4883308410645,
      1478.4883308410645,
      1478.4883308410645,
      1478.4883308410645,
      1478.4883308410645,
      1478.4883308410645,
      1478.4883308410645,
      1478.4883308410645,
      1478.4883308410645,
      1478.4883308410645,
      1478.4883308410645,
      1478.4883308410645,
      1478.4883308410645,
      1478.4883308410645,
      1478.4883308410645,
      1478.4883308410645,
      1478.4883308410645,
      1478.4883308410645,
      1478.4883308410645,
      20.080081939697266,
      665.0000038146973
    ]
  }
}