{
  "model": {
    "model_name": "llama2_13B",
    "num_layers": 40,
    "parameters": {
      "total_parameters_bytes": 52063457280.0,
      "parameters_per_layer_bytes": [
        655360000,
        1268817920.0,
        1268817920.0,
        1268817920.0,
        1268817920.0,
        1268817920.0,
        1268817920.0,
        1268817920.0,
        1268817920.0,
        1268817920.0,
        1268817920.0,
        1268817920.0,
        1268817920.0,
        1268817920.0,
        1268817920.0,
        1268817920.0,
        1268817920.0,
        1268817920.0,
        1268817920.0,
        1268817920.0,
        1268817920.0,
        1268817920.0,
        1268817920.0,
        1268817920.0,
        1268817920.0,
        1268817920.0,
        1268817920.0,
        1268817920.0,
        1268817920.0,
        1268817920.0,
        1268817920.0,
        1268817920.0,
        1268817920.0,
        1268817920.0,
        1268817920.0,
        1268817920.0,
        1268817920.0,
        1268817920.0,
        1268817920.0,
        1268817920.0,
        1268817920.0,
        20480,
        655360000
      ],
      "activation_parameters_bytes": [
        41943040,
        645922816.0,
        645922816.0,
        645922816.0,
        645922816.0,
        645922816.0,
        645922816.0,
        645922816.0,
        645922816.0,
        645922816.0,
        645922816.0,
        645922816.0,
        645922816.0,
        645922816.0,
        645922816.0,
        645922816.0,
        645922816.0,
        645922816.0,
        645922816.0,
        645922816.0,
        645922816.0,
        645922816.0,
        645922816.0,
        645922816.0,
        645922816.0,
        645922816.0,
        645922816.0,
        645922816.0,
        645922816.0,
        645922816.0,
        645922816.0,
        645922816.0,
        645922816.0,
        645922816.0,
        645922816.0,
        645922816.0,
        645922816.0,
        645922816.0,
        645922816.0,
        645922816.0,
        645922816.0,
        41943040,
        262144000
      ]
    }
  },
  "execution_time": {
    "total_time_ms": 769.2551840063312,
    "forward_backward_time_ms": 653.2000563225778,
    "batch_generator_time_ms": 1.447677959167014,
    "layernorm_grads_all_reduce_time_ms": null,
    "embedding_grads_all_reduce_time_ms": null,
    "optimizer_time_ms": 108.08844504022024,
    "layer_compute_total_ms": [
      0.8332274803805058,
      16.026884018313574,
      16.026884018313574,
      16.026884018313574,
      16.026884018313574,
      16.026884018313574,
      16.026884018313574,
      16.026884018313574,
      16.026884018313574,
      16.026884018313574,
      16.026884018313574,
      16.026884018313574,
      16.026884018313574,
      16.026884018313574,
      16.026884018313574,
      16.026884018313574,
      16.026884018313574,
      16.026884018313574,
      16.026884018313574,
      16.026884018313574,
      16.026884018313574,
      16.026884018313574,
      16.026884018313574,
      16.026884018313574,
      16.026884018313574,
      16.026884018313574,
      16.026884018313574,
      16.026884018313574,
      16.026884018313574,
      16.026884018313574,
      16.026884018313574,
      16.026884018313574,
      16.026884018313574,
      16.026884018313574,
      16.026884018313574,
      16.026884018313574,
      16.026884018313574,
      16.026884018313574,
      16.026884018313574,
      16.026884018313574,
      16.026884018313574,
      0.7953966829233833,
      5.382697520040744
    ]
  },
  "execution_memory": {
    "total_memory_mb": 62007.57991027832,
    "layer_memory_total_mb": [
      1093.7656288146973,
      1478.4883308410645,
      1478.4883308410645,
      1478.4883308410645,
      1478.4883308410645,
      1478.4883308410645,
      1478.4883308410645,
      1478.4883308410645,
      1478.4883308410645,
      1478.4883308410645,
      1478.4883308410645,
      1478.4883308410645,
      1478.4883308410645,
      1478.4883308410645,
      1478.4883308410645,
      1478.4883308410645,
      1478.4883308410645,
      1478.4883308410645,
      1478.4883308410645,
      1478.4883308410645,
      1478.4883308410645,
      1478.4883308410645,
      1478.4883308410645,
      1478.4883308410645,
      1478.4883308410645,
      1478.4883308410645,
      1478.4883308410645,
      1478.4883308410645,
      1478.4883308410645,
      1478.4883308410645,
      1478.4883308410645,
      1478.4883308410645,
      1478.4883308410645,
      1478.4883308410645,
      1478.4883308410645,
      1478.4883308410645,
      1478.4883308410645,
      1478.4883308410645,
      1478.4883308410645,
      1478.4883308410645,
      1478.4883308410645,
      20.080081939697266,
      665.0000038146973
    ]
  }
}