{
  "model": {
    "model_name": "llama2_13B",
    "num_layers": 40,
    "parameters": {
      "total_parameters_bytes": 52063457280.0,
      "parameters_per_layer_bytes": [
        655360000,
        1268817920.0,
        1268817920.0,
        1268817920.0,
        1268817920.0,
        1268817920.0,
        1268817920.0,
        1268817920.0,
        1268817920.0,
        1268817920.0,
        1268817920.0,
        1268817920.0,
        1268817920.0,
        1268817920.0,
        1268817920.0,
        1268817920.0,
        1268817920.0,
        1268817920.0,
        1268817920.0,
        1268817920.0,
        1268817920.0,
        1268817920.0,
        1268817920.0,
        1268817920.0,
        1268817920.0,
        1268817920.0,
        1268817920.0,
        1268817920.0,
        1268817920.0,
        1268817920.0,
        1268817920.0,
        1268817920.0,
        1268817920.0,
        1268817920.0,
        1268817920.0,
        1268817920.0,
        1268817920.0,
        1268817920.0,
        1268817920.0,
        1268817920.0,
        1268817920.0,
        20480,
        655360000
      ],
      "activation_parameters_bytes": [
        83886080,
        1291845632.0,
        1291845632.0,
        1291845632.0,
        1291845632.0,
        1291845632.0,
        1291845632.0,
        1291845632.0,
        1291845632.0,
        1291845632.0,
        1291845632.0,
        1291845632.0,
        1291845632.0,
        1291845632.0,
        1291845632.0,
        1291845632.0,
        1291845632.0,
        1291845632.0,
        1291845632.0,
        1291845632.0,
        1291845632.0,
        1291845632.0,
        1291845632.0,
        1291845632.0,
        1291845632.0,
        1291845632.0,
        1291845632.0,
        1291845632.0,
        1291845632.0,
        1291845632.0,
        1291845632.0,
        1291845632.0,
        1291845632.0,
        1291845632.0,
        1291845632.0,
        1291845632.0,
        1291845632.0,
        1291845632.0,
        1291845632.0,
        1291845632.0,
        1291845632.0,
        83886080,
        524288000
      ]
    }
  },
  "execution_time": {
    "total_time_ms": 8163.993656578033,
    "forward_backward_time_ms": 7388.866070581354,
    "batch_generator_time_ms": 5.480367935912864,
    "layernorm_grads_all_reduce_time_ms": null,
    "embedding_grads_all_reduce_time_ms": null,
    "optimizer_time_ms": 755.8609386917096,
    "layer_compute_total_ms": [
      0.17713399462357796,
      182.4223861637555,
      182.4223861637555,
      182.4223861637555,
      182.4223861637555,
      182.4223861637555,
      182.4223861637555,
      182.4223861637555,
      182.4223861637555,
      182.4223861637555,
      182.4223861637555,
      182.4223861637555,
      182.4223861637555,
      182.4223861637555,
      182.4223861637555,
      182.4223861637555,
      182.4223861637555,
      182.4223861637555,
      182.4223861637555,
      182.4223861637555,
      182.4223861637555,
      182.4223861637555,
      182.4223861637555,
      182.4223861637555,
      182.4223861637555,
      182.4223861637555,
      182.4223861637555,
      182.4223861637555,
      182.4223861637555,
      182.4223861637555,
      182.4223861637555,
      182.4223861637555,
      182.4223861637555,
      182.4223861637555,
      182.4223861637555,
      182.4223861637555,
      182.4223861637555,
      182.4223861637555,
      182.4223861637555,
      182.4223861637555,
      182.4223861637555,
      1.725114671586985,
      83.56282831917136
    ]
  },
  "execution_memory": {
    "total_memory_mb": 269082.2517852783,
    "layer_memory_total_mb": [
      2500.0312538146973,
      6505.062549591064,
      6505.062549591064,
      6505.062549591064,
      6505.062549591064,
      6505.062549591064,
      6505.062549591064,
      6505.062549591064,
      6505.062549591064,
      6505.062549591064,
      6505.062549591064,
      6505.062549591064,
      6505.062549591064,
      6505.062549591064,
      6505.062549591064,
      6505.062549591064,
      6505.062549591064,
      6505.062549591064,
      6505.062549591064,
      6505.062549591064,
      6505.062549591064,
      6505.062549591064,
      6505.062549591064,
      6505.062549591064,
      6505.062549591064,
      6505.062549591064,
      6505.062549591064,
      6505.062549591064,
      6505.062549591064,
      6505.062549591064,
      6505.062549591064,
      6505.062549591064,
      6505.062549591064,
      6505.062549591064,
      6505.062549591064,
      6505.062549591064,
      6505.062549591064,
      6505.062549591064,
      6505.062549591064,
      6505.062549591064,
      6505.062549591064,
      160.09375381469727,
      2580.0000038146973
    ]
  }
}