{
  "model": {
    "model_name": "llama2_13B",
    "num_layers": 40,
    "parameters": {
      "total_parameters_bytes": 52063457280.0,
      "parameters_per_layer_bytes": [
        655360000,
        1268817920.0,
        1268817920.0,
        1268817920.0,
        1268817920.0,
        1268817920.0,
        1268817920.0,
        1268817920.0,
        1268817920.0,
        1268817920.0,
        1268817920.0,
        1268817920.0,
        1268817920.0,
        1268817920.0,
        1268817920.0,
        1268817920.0,
        1268817920.0,
        1268817920.0,
        1268817920.0,
        1268817920.0,
        1268817920.0,
        1268817920.0,
        1268817920.0,
        1268817920.0,
        1268817920.0,
        1268817920.0,
        1268817920.0,
        1268817920.0,
        1268817920.0,
        1268817920.0,
        1268817920.0,
        1268817920.0,
        1268817920.0,
        1268817920.0,
        1268817920.0,
        1268817920.0,
        1268817920.0,
        1268817920.0,
        1268817920.0,
        1268817920.0,
        1268817920.0,
        20480,
        655360000
      ],
      "activation_parameters_bytes": [
        335544320,
        5167382528.0,
        5167382528.0,
        5167382528.0,
        5167382528.0,
        5167382528.0,
        5167382528.0,
        5167382528.0,
        5167382528.0,
        5167382528.0,
        5167382528.0,
        5167382528.0,
        5167382528.0,
        5167382528.0,
        5167382528.0,
        5167382528.0,
        5167382528.0,
        5167382528.0,
        5167382528.0,
        5167382528.0,
        5167382528.0,
        5167382528.0,
        5167382528.0,
        5167382528.0,
        5167382528.0,
        5167382528.0,
        5167382528.0,
        5167382528.0,
        5167382528.0,
        5167382528.0,
        5167382528.0,
        5167382528.0,
        5167382528.0,
        5167382528.0,
        5167382528.0,
        5167382528.0,
        5167382528.0,
        5167382528.0,
        5167382528.0,
        5167382528.0,
        5167382528.0,
        335544320,
        2097152000
      ]
    }
  },
  "execution_time": {
    "total_time_ms": 16786.337921438164,
    "forward_backward_time_ms": 16354.26683063774,
    "batch_generator_time_ms": 20.330221693955572,
    "layernorm_grads_all_reduce_time_ms": null,
    "embedding_grads_all_reduce_time_ms": null,
    "optimizer_time_ms": 397.71080644372523,
    "layer_compute_total_ms": [
      6.070321934338737,
      403.69582246273444,
      403.69582246273444,
      403.69582246273444,
      403.69582246273444,
      403.69582246273444,
      403.69582246273444,
      403.69582246273444,
      403.69582246273444,
      403.69582246273444,
      403.69582246273444,
      403.69582246273444,
      403.69582246273444,
      403.69582246273444,
      403.69582246273444,
      403.69582246273444,
      403.69582246273444,
      403.69582246273444,
      403.69582246273444,
      403.69582246273444,
      403.69582246273444,
      403.69582246273444,
      403.69582246273444,
      403.69582246273444,
      403.69582246273444,
      403.69582246273444,
      403.69582246273444,
      403.69582246273444,
      403.69582246273444,
      403.69582246273444,
      403.69582246273444,
      403.69582246273444,
      403.69582246273444,
      403.69582246273444,
      403.69582246273444,
      403.69582246273444,
      403.69582246273444,
      403.69582246273444,
      403.69582246273444,
      403.69582246273444,
      403.69582246273444,
      3.5795657748953924,
      165.43750646359223
    ]
  },
  "execution_memory": {
    "total_memory_mb": 249733.87678527832,
    "layer_memory_total_mb": [
      1562.6250038146973,
      6069.718799591064,
      6069.718799591064,
      6069.718799591064,
      6069.718799591064,
      6069.718799591064,
      6069.718799591064,
      6069.718799591064,
      6069.718799591064,
      6069.718799591064,
      6069.718799591064,
      6069.718799591064,
      6069.718799591064,
      6069.718799591064,
      6069.718799591064,
      6069.718799591064,
      6069.718799591064,
      6069.718799591064,
      6069.718799591064,
      6069.718799591064,
      6069.718799591064,
      6069.718799591064,
      6069.718799591064,
      6069.718799591064,
      6069.718799591064,
      6069.718799591064,
      6069.718799591064,
      6069.718799591064,
      6069.718799591064,
      6069.718799591064,
      6069.718799591064,
      6069.718799591064,
      6069.718799591064,
      6069.718799591064,
      6069.718799591064,
      6069.718799591064,
      6069.718799591064,
      6069.718799591064,
      6069.718799591064,
      6069.718799591064,
      6069.718799591064,
      320.10937881469727,
      1570.0000038146973
    ]
  }
}