{
  "model": {
    "model_name": "llama2_13B",
    "num_layers": 40,
    "parameters": {
      "total_parameters_bytes": 52063457280.0,
      "parameters_per_layer_bytes": [
        655360000,
        1268817920.0,
        1268817920.0,
        1268817920.0,
        1268817920.0,
        1268817920.0,
        1268817920.0,
        1268817920.0,
        1268817920.0,
        1268817920.0,
        1268817920.0,
        1268817920.0,
        1268817920.0,
        1268817920.0,
        1268817920.0,
        1268817920.0,
        1268817920.0,
        1268817920.0,
        1268817920.0,
        1268817920.0,
        1268817920.0,
        1268817920.0,
        1268817920.0,
        1268817920.0,
        1268817920.0,
        1268817920.0,
        1268817920.0,
        1268817920.0,
        1268817920.0,
        1268817920.0,
        1268817920.0,
        1268817920.0,
        1268817920.0,
        1268817920.0,
        1268817920.0,
        1268817920.0,
        1268817920.0,
        1268817920.0,
        1268817920.0,
        1268817920.0,
        1268817920.0,
        20480,
        655360000
      ],
      "activation_parameters_bytes": [
        335544320,
        5167382528.0,
        5167382528.0,
        5167382528.0,
        5167382528.0,
        5167382528.0,
        5167382528.0,
        5167382528.0,
        5167382528.0,
        5167382528.0,
        5167382528.0,
        5167382528.0,
        5167382528.0,
        5167382528.0,
        5167382528.0,
        5167382528.0,
        5167382528.0,
        5167382528.0,
        5167382528.0,
        5167382528.0,
        5167382528.0,
        5167382528.0,
        5167382528.0,
        5167382528.0,
        5167382528.0,
        5167382528.0,
        5167382528.0,
        5167382528.0,
        5167382528.0,
        5167382528.0,
        5167382528.0,
        5167382528.0,
        5167382528.0,
        5167382528.0,
        5167382528.0,
        5167382528.0,
        5167382528.0,
        5167382528.0,
        5167382528.0,
        5167382528.0,
        5167382528.0,
        335544320,
        2097152000
      ]
    }
  },
  "execution_time": {
    "total_time_ms": 9771.996576683645,
    "forward_backward_time_ms": 9536.861252480117,
    "batch_generator_time_ms": 19.48882735805231,
    "layernorm_grads_all_reduce_time_ms": null,
    "embedding_grads_all_reduce_time_ms": null,
    "optimizer_time_ms": 204.0358241783589,
    "layer_compute_total_ms": [
      8.3176878721619,
      235.29851087723577,
      235.29851087723577,
      235.29851087723577,
      235.29851087723577,
      235.29851087723577,
      235.29851087723577,
      235.29851087723577,
      235.29851087723577,
      235.29851087723577,
      235.29851087723577,
      235.29851087723577,
      235.29851087723577,
      235.29851087723577,
      235.29851087723577,
      235.29851087723577,
      235.29851087723577,
      235.29851087723577,
      235.29851087723577,
      235.29851087723577,
      235.29851087723577,
      235.29851087723577,
      235.29851087723577,
      235.29851087723577,
      235.29851087723577,
      235.29851087723577,
      235.29851087723577,
      235.29851087723577,
      235.29851087723577,
      235.29851087723577,
      235.29851087723577,
      235.29851087723577,
      235.29851087723577,
      235.29851087723577,
      235.29851087723577,
      235.29851087723577,
      235.29851087723577,
      235.29851087723577,
      235.29851087723577,
      235.29851087723577,
      235.29851087723577,
      2.1812040481217574,
      82.79566171170923
    ]
  },
  "execution_memory": {
    "total_memory_mb": 138036.25178527832,
    "layer_memory_total_mb": [
      1093.8750038146973,
      3355.0625495910645,
      3355.0625495910645,
      3355.0625495910645,
      3355.0625495910645,
      3355.0625495910645,
      3355.0625495910645,
      3355.0625495910645,
      3355.0625495910645,
      3355.0625495910645,
      3355.0625495910645,
      3355.0625495910645,
      3355.0625495910645,
      3355.0625495910645,
      3355.0625495910645,
      3355.0625495910645,
      3355.0625495910645,
      3355.0625495910645,
      3355.0625495910645,
      3355.0625495910645,
      3355.0625495910645,
      3355.0625495910645,
      3355.0625495910645,
      3355.0625495910645,
      3355.0625495910645,
      3355.0625495910645,
      3355.0625495910645,
      3355.0625495910645,
      3355.0625495910645,
      3355.0625495910645,
      3355.0625495910645,
      3355.0625495910645,
      3355.0625495910645,
      3355.0625495910645,
      3355.0625495910645,
      3355.0625495910645,
      3355.0625495910645,
      3355.0625495910645,
      3355.0625495910645,
      3355.0625495910645,
      3355.0625495910645,
      160.09375381469727,
      945.0000038146973
    ]
  }
}