{
  "model": {
    "model_name": "llama2_13B",
    "num_layers": 40,
    "parameters": {
      "total_parameters_bytes": 52063457280.0,
      "parameters_per_layer_bytes": [
        655360000,
        1268817920.0,
        1268817920.0,
        1268817920.0,
        1268817920.0,
        1268817920.0,
        1268817920.0,
        1268817920.0,
        1268817920.0,
        1268817920.0,
        1268817920.0,
        1268817920.0,
        1268817920.0,
        1268817920.0,
        1268817920.0,
        1268817920.0,
        1268817920.0,
        1268817920.0,
        1268817920.0,
        1268817920.0,
        1268817920.0,
        1268817920.0,
        1268817920.0,
        1268817920.0,
        1268817920.0,
        1268817920.0,
        1268817920.0,
        1268817920.0,
        1268817920.0,
        1268817920.0,
        1268817920.0,
        1268817920.0,
        1268817920.0,
        1268817920.0,
        1268817920.0,
        1268817920.0,
        1268817920.0,
        1268817920.0,
        1268817920.0,
        1268817920.0,
        1268817920.0,
        20480,
        655360000
      ],
      "activation_parameters_bytes": [
        167772160,
        2583691264.0,
        2583691264.0,
        2583691264.0,
        2583691264.0,
        2583691264.0,
        2583691264.0,
        2583691264.0,
        2583691264.0,
        2583691264.0,
        2583691264.0,
        2583691264.0,
        2583691264.0,
        2583691264.0,
        2583691264.0,
        2583691264.0,
        2583691264.0,
        2583691264.0,
        2583691264.0,
        2583691264.0,
        2583691264.0,
        2583691264.0,
        2583691264.0,
        2583691264.0,
        2583691264.0,
        2583691264.0,
        2583691264.0,
        2583691264.0,
        2583691264.0,
        2583691264.0,
        2583691264.0,
        2583691264.0,
        2583691264.0,
        2583691264.0,
        2583691264.0,
        2583691264.0,
        2583691264.0,
        2583691264.0,
        2583691264.0,
        2583691264.0,
        2583691264.0,
        167772160,
        1048576000
      ]
    }
  },
  "execution_time": {
    "total_time_ms": 8562.710385696575,
    "forward_backward_time_ms": 8138.674804400965,
    "batch_generator_time_ms": 10.378847712139594,
    "layernorm_grads_all_reduce_time_ms": null,
    "embedding_grads_all_reduce_time_ms": null,
    "optimizer_time_ms": 398.2381202726572,
    "layer_compute_total_ms": [
      3.5741413804212994,
      200.81821375816057,
      200.81821375816057,
      200.81821375816057,
      200.81821375816057,
      200.81821375816057,
      200.81821375816057,
      200.81821375816057,
      200.81821375816057,
      200.81821375816057,
      200.81821375816057,
      200.81821375816057,
      200.81821375816057,
      200.81821375816057,
      200.81821375816057,
      200.81821375816057,
      200.81821375816057,
      200.81821375816057,
      200.81821375816057,
      200.81821375816057,
      200.81821375816057,
      200.81821375816057,
      200.81821375816057,
      200.81821375816057,
      200.81821375816057,
      200.81821375816057,
      200.81821375816057,
      200.81821375816057,
      200.81821375816057,
      200.81821375816057,
      200.81821375816057,
      200.81821375816057,
      200.81821375816057,
      200.81821375816057,
      200.81821375816057,
      200.81821375816057,
      200.81821375816057,
      200.81821375816057,
      200.81821375816057,
      200.81821375816057,
      200.81821375816057,
      1.964589895456301,
      82.54702004732283
    ]
  },
  "execution_memory": {
    "total_memory_mb": 174610.25178527832,
    "layer_memory_total_mb": [
      1562.5625038146973,
      4245.062549591064,
      4245.062549591064,
      4245.062549591064,
      4245.062549591064,
      4245.062549591064,
      4245.062549591064,
      4245.062549591064,
      4245.062549591064,
      4245.062549591064,
      4245.062549591064,
      4245.062549591064,
      4245.062549591064,
      4245.062549591064,
      4245.062549591064,
      4245.062549591064,
      4245.062549591064,
      4245.062549591064,
      4245.062549591064,
      4245.062549591064,
      4245.062549591064,
      4245.062549591064,
      4245.062549591064,
      4245.062549591064,
      4245.062549591064,
      4245.062549591064,
      4245.062549591064,
      4245.062549591064,
      4245.062549591064,
      4245.062549591064,
      4245.062549591064,
      4245.062549591064,
      4245.062549591064,
      4245.062549591064,
      4245.062549591064,
      4245.062549591064,
      4245.062549591064,
      4245.062549591064,
      4245.062549591064,
      4245.062549591064,
      4245.062549591064,
      160.09375381469727,
      1410.0000038146973
    ]
  }
}