{
  "model": {
    "model_name": "llama2_13B",
    "num_layers": 40,
    "parameters": {
      "total_parameters_bytes": 52063457280.0,
      "parameters_per_layer_bytes": [
        655360000,
        1268817920.0,
        1268817920.0,
        1268817920.0,
        1268817920.0,
        1268817920.0,
        1268817920.0,
        1268817920.0,
        1268817920.0,
        1268817920.0,
        1268817920.0,
        1268817920.0,
        1268817920.0,
        1268817920.0,
        1268817920.0,
        1268817920.0,
        1268817920.0,
        1268817920.0,
        1268817920.0,
        1268817920.0,
        1268817920.0,
        1268817920.0,
        1268817920.0,
        1268817920.0,
        1268817920.0,
        1268817920.0,
        1268817920.0,
        1268817920.0,
        1268817920.0,
        1268817920.0,
        1268817920.0,
        1268817920.0,
        1268817920.0,
        1268817920.0,
        1268817920.0,
        1268817920.0,
        1268817920.0,
        1268817920.0,
        1268817920.0,
        1268817920.0,
        1268817920.0,
        20480,
        655360000
      ],
      "activation_parameters_bytes": [
        41943040,
        645922816.0,
        645922816.0,
        645922816.0,
        645922816.0,
        645922816.0,
        645922816.0,
        645922816.0,
        645922816.0,
        645922816.0,
        645922816.0,
        645922816.0,
        645922816.0,
        645922816.0,
        645922816.0,
        645922816.0,
        645922816.0,
        645922816.0,
        645922816.0,
        645922816.0,
        645922816.0,
        645922816.0,
        645922816.0,
        645922816.0,
        645922816.0,
        645922816.0,
        645922816.0,
        645922816.0,
        645922816.0,
        645922816.0,
        645922816.0,
        645922816.0,
        645922816.0,
        645922816.0,
        645922816.0,
        645922816.0,
        645922816.0,
        645922816.0,
        645922816.0,
        645922816.0,
        645922816.0,
        41943040,
        262144000
      ]
    }
  },
  "execution_time": {
    "total_time_ms": 9750.567888117022,
    "forward_backward_time_ms": 8078.491619655065,
    "batch_generator_time_ms": 5.940164838518415,
    "layernorm_grads_all_reduce_time_ms": null,
    "embedding_grads_all_reduce_time_ms": null,
    "optimizer_time_ms": 1636.1378692833173,
    "layer_compute_total_ms": [
      0.3165176936558315,
      199.3451373917716,
      199.3451373917716,
      199.3451373917716,
      199.3451373917716,
      199.3451373917716,
      199.3451373917716,
      199.3451373917716,
      199.3451373917716,
      199.3451373917716,
      199.3451373917716,
      199.3451373917716,
      199.3451373917716,
      199.3451373917716,
      199.3451373917716,
      199.3451373917716,
      199.3451373917716,
      199.3451373917716,
      199.3451373917716,
      199.3451373917716,
      199.3451373917716,
      199.3451373917716,
      199.3451373917716,
      199.3451373917716,
      199.3451373917716,
      199.3451373917716,
      199.3451373917716,
      199.3451373917716,
      199.3451373917716,
      199.3451373917716,
      199.3451373917716,
      199.3451373917716,
      199.3451373917716,
      199.3451373917716,
      199.3451373917716,
      199.3451373917716,
      199.3451373917716,
      199.3451373917716,
      199.3451373917716,
      199.3451373917716,
      199.3451373917716,
      1.9727434430803572,
      92.24625996180943
    ]
  },
  "execution_memory": {
    "total_memory_mb": 236700.43928527832,
    "layer_memory_total_mb": [
      2500.0156288146973,
      5672.734424591064,
      5672.734424591064,
      5672.734424591064,
      5672.734424591064,
      5672.734424591064,
      5672.734424591064,
      5672.734424591064,
      5672.734424591064,
      5672.734424591064,
      5672.734424591064,
      5672.734424591064,
      5672.734424591064,
      5672.734424591064,
      5672.734424591064,
      5672.734424591064,
      5672.734424591064,
      5672.734424591064,
      5672.734424591064,
      5672.734424591064,
      5672.734424591064,
      5672.734424591064,
      5672.734424591064,
      5672.734424591064,
      5672.734424591064,
      5672.734424591064,
      5672.734424591064,
      5672.734424591064,
      5672.734424591064,
      5672.734424591064,
      5672.734424591064,
      5672.734424591064,
      5672.734424591064,
      5672.734424591064,
      5672.734424591064,
      5672.734424591064,
      5672.734424591064,
      5672.734424591064,
      5672.734424591064,
      5672.734424591064,
      5672.734424591064,
      80.08594131469727,
      2540.0000038146973
    ]
  }
}