{
  "model": {
    "model_name": "llama2_13B",
    "num_layers": 40,
    "parameters": {
      "total_parameters_bytes": 52063457280.0,
      "parameters_per_layer_bytes": [
        655360000,
        1268817920.0,
        1268817920.0,
        1268817920.0,
        1268817920.0,
        1268817920.0,
        1268817920.0,
        1268817920.0,
        1268817920.0,
        1268817920.0,
        1268817920.0,
        1268817920.0,
        1268817920.0,
        1268817920.0,
        1268817920.0,
        1268817920.0,
        1268817920.0,
        1268817920.0,
        1268817920.0,
        1268817920.0,
        1268817920.0,
        1268817920.0,
        1268817920.0,
        1268817920.0,
        1268817920.0,
        1268817920.0,
        1268817920.0,
        1268817920.0,
        1268817920.0,
        1268817920.0,
        1268817920.0,
        1268817920.0,
        1268817920.0,
        1268817920.0,
        1268817920.0,
        1268817920.0,
        1268817920.0,
        1268817920.0,
        1268817920.0,
        1268817920.0,
        1268817920.0,
        20480,
        655360000
      ],
      "activation_parameters_bytes": [
        83886080,
        1291845632.0,
        1291845632.0,
        1291845632.0,
        1291845632.0,
        1291845632.0,
        1291845632.0,
        1291845632.0,
        1291845632.0,
        1291845632.0,
        1291845632.0,
        1291845632.0,
        1291845632.0,
        1291845632.0,
        1291845632.0,
        1291845632.0,
        1291845632.0,
        1291845632.0,
        1291845632.0,
        1291845632.0,
        1291845632.0,
        1291845632.0,
        1291845632.0,
        1291845632.0,
        1291845632.0,
        1291845632.0,
        1291845632.0,
        1291845632.0,
        1291845632.0,
        1291845632.0,
        1291845632.0,
        1291845632.0,
        1291845632.0,
        1291845632.0,
        1291845632.0,
        1291845632.0,
        1291845632.0,
        1291845632.0,
        1291845632.0,
        1291845632.0,
        1291845632.0,
        83886080,
        524288000
      ]
    }
  },
  "execution_time": {
    "total_time_ms": 5724.470293679825,
    "forward_backward_time_ms": 5234.893662588937,
    "batch_generator_time_ms": 16.642468316214426,
    "layernorm_grads_all_reduce_time_ms": null,
    "embedding_grads_all_reduce_time_ms": null,
    "optimizer_time_ms": 441.04414512897364,
    "layer_compute_total_ms": [
      4.81513568333217,
      128.80350010735648,
      128.80350010735648,
      128.80350010735648,
      128.80350010735648,
      128.80350010735648,
      128.80350010735648,
      128.80350010735648,
      128.80350010735648,
      128.80350010735648,
      128.80350010735648,
      128.80350010735648,
      128.80350010735648,
      128.80350010735648,
      128.80350010735648,
      128.80350010735648,
      128.80350010735648,
      128.80350010735648,
      128.80350010735648,
      128.80350010735648,
      128.80350010735648,
      128.80350010735648,
      128.80350010735648,
      128.80350010735648,
      128.80350010735648,
      128.80350010735648,
      128.80350010735648,
      128.80350010735648,
      128.80350010735648,
      128.80350010735648,
      128.80350010735648,
      128.80350010735648,
      128.80350010735648,
      128.80350010735648,
      128.80350010735648,
      128.80350010735648,
      128.80350010735648,
      128.80350010735648,
      128.80350010735648,
      128.80350010735648,
      128.80350010735648,
      3.8494723183768134,
      44.524839946201865
    ]
  },
  "execution_memory": {
    "total_memory_mb": 286442.1321411133,
    "layer_memory_total_mb": [
      4375.125015258789,
      6986.281448364258,
      6986.281448364258,
      6986.281448364258,
      6986.281448364258,
      6986.281448364258,
      6986.281448364258,
      6986.281448364258,
      6986.281448364258,
      6986.281448364258,
      6986.281448364258,
      6986.281448364258,
      6986.281448364258,
      6986.281448364258,
      6986.281448364258,
      6986.281448364258,
      6986.281448364258,
      6986.281448364258,
      6986.281448364258,
      6986.281448364258,
      6986.281448364258,
      6986.281448364258,
      6986.281448364258,
      6986.281448364258,
      6986.281448364258,
      6986.281448364258,
      6986.281448364258,
      6986.281448364258,
      6986.281448364258,
      6986.281448364258,
      6986.281448364258,
      6986.281448364258,
      6986.281448364258,
      6986.281448364258,
      6986.281448364258,
      6986.281448364258,
      6986.281448364258,
      6986.281448364258,
      6986.281448364258,
      6986.281448364258,
      6986.281448364258,
      160.32814025878906,
      2820.000015258789
    ]
  }
}