{
  "model": {
    "model_name": "llama2_13B",
    "num_layers": 40,
    "parameters": {
      "total_parameters_bytes": 52063457280.0,
      "parameters_per_layer_bytes": [
        655360000,
        1268817920.0,
        1268817920.0,
        1268817920.0,
        1268817920.0,
        1268817920.0,
        1268817920.0,
        1268817920.0,
        1268817920.0,
        1268817920.0,
        1268817920.0,
        1268817920.0,
        1268817920.0,
        1268817920.0,
        1268817920.0,
        1268817920.0,
        1268817920.0,
        1268817920.0,
        1268817920.0,
        1268817920.0,
        1268817920.0,
        1268817920.0,
        1268817920.0,
        1268817920.0,
        1268817920.0,
        1268817920.0,
        1268817920.0,
        1268817920.0,
        1268817920.0,
        1268817920.0,
        1268817920.0,
        1268817920.0,
        1268817920.0,
        1268817920.0,
        1268817920.0,
        1268817920.0,
        1268817920.0,
        1268817920.0,
        1268817920.0,
        1268817920.0,
        1268817920.0,
        20480,
        655360000
      ],
      "activation_parameters_bytes": [
        41943040,
        645922816.0,
        645922816.0,
        645922816.0,
        645922816.0,
        645922816.0,
        645922816.0,
        645922816.0,
        645922816.0,
        645922816.0,
        645922816.0,
        645922816.0,
        645922816.0,
        645922816.0,
        645922816.0,
        645922816.0,
        645922816.0,
        645922816.0,
        645922816.0,
        645922816.0,
        645922816.0,
        645922816.0,
        645922816.0,
        645922816.0,
        645922816.0,
        645922816.0,
        645922816.0,
        645922816.0,
        645922816.0,
        645922816.0,
        645922816.0,
        645922816.0,
        645922816.0,
        645922816.0,
        645922816.0,
        645922816.0,
        645922816.0,
        645922816.0,
        645922816.0,
        645922816.0,
        645922816.0,
        41943040,
        262144000
      ]
    }
  },
  "execution_time": {
    "total_time_ms": 2294.20289428291,
    "forward_backward_time_ms": 2022.5092342921664,
    "batch_generator_time_ms": 7.072312491280692,
    "layernorm_grads_all_reduce_time_ms": null,
    "embedding_grads_all_reduce_time_ms": null,
    "optimizer_time_ms": 238.07946730057594,
    "layer_compute_total_ms": [
      4.381213869367327,
      49.47765384401593,
      49.47765384401593,
      49.47765384401593,
      49.47765384401593,
      49.47765384401593,
      49.47765384401593,
      49.47765384401593,
      49.47765384401593,
      49.47765384401593,
      49.47765384401593,
      49.47765384401593,
      49.47765384401593,
      49.47765384401593,
      49.47765384401593,
      49.47765384401593,
      49.47765384401593,
      49.47765384401593,
      49.47765384401593,
      49.47765384401593,
      49.47765384401593,
      49.47765384401593,
      49.47765384401593,
      49.47765384401593,
      49.47765384401593,
      49.47765384401593,
      49.47765384401593,
      49.47765384401593,
      49.47765384401593,
      49.47765384401593,
      49.47765384401593,
      49.47765384401593,
      49.47765384401593,
      49.47765384401593,
      49.47765384401593,
      49.47765384401593,
      49.47765384401593,
      49.47765384401593,
      49.47765384401593,
      49.47765384401593,
      49.47765384401593,
      2.9523032052176337,
      10.809762137276786
    ]
  },
  "execution_memory": {
    "total_memory_mb": 262336.82678222656,
    "layer_memory_total_mb": [
      6875.125030517578,
      6235.578521728516,
      6235.578521728516,
      6235.578521728516,
      6235.578521728516,
      6235.578521728516,
      6235.578521728516,
      6235.578521728516,
      6235.578521728516,
      6235.578521728516,
      6235.578521728516,
      6235.578521728516,
      6235.578521728516,
      6235.578521728516,
      6235.578521728516,
      6235.578521728516,
      6235.578521728516,
      6235.578521728516,
      6235.578521728516,
      6235.578521728516,
      6235.578521728516,
      6235.578521728516,
      6235.578521728516,
      6235.578521728516,
      6235.578521728516,
      6235.578521728516,
      6235.578521728516,
      6235.578521728516,
      6235.578521728516,
      6235.578521728516,
      6235.578521728516,
      6235.578521728516,
      6235.578521728516,
      6235.578521728516,
      6235.578521728516,
      6235.578521728516,
      6235.578521728516,
      6235.578521728516,
      6235.578521728516,
      6235.578521728516,
      6235.578521728516,
      80.63284301757812,
      2820.000030517578
    ]
  }
}