{
  "model": {
    "model_name": "llama2_13B",
    "num_layers": 40,
    "parameters": {
      "total_parameters_bytes": 52063457280.0,
      "parameters_per_layer_bytes": [
        655360000,
        1268817920.0,
        1268817920.0,
        1268817920.0,
        1268817920.0,
        1268817920.0,
        1268817920.0,
        1268817920.0,
        1268817920.0,
        1268817920.0,
        1268817920.0,
        1268817920.0,
        1268817920.0,
        1268817920.0,
        1268817920.0,
        1268817920.0,
        1268817920.0,
        1268817920.0,
        1268817920.0,
        1268817920.0,
        1268817920.0,
        1268817920.0,
        1268817920.0,
        1268817920.0,
        1268817920.0,
        1268817920.0,
        1268817920.0,
        1268817920.0,
        1268817920.0,
        1268817920.0,
        1268817920.0,
        1268817920.0,
        1268817920.0,
        1268817920.0,
        1268817920.0,
        1268817920.0,
        1268817920.0,
        1268817920.0,
        1268817920.0,
        1268817920.0,
        1268817920.0,
        20480,
        655360000
      ],
      "activation_parameters_bytes": [
        167772160,
        2583691264.0,
        2583691264.0,
        2583691264.0,
        2583691264.0,
        2583691264.0,
        2583691264.0,
        2583691264.0,
        2583691264.0,
        2583691264.0,
        2583691264.0,
        2583691264.0,
        2583691264.0,
        2583691264.0,
        2583691264.0,
        2583691264.0,
        2583691264.0,
        2583691264.0,
        2583691264.0,
        2583691264.0,
        2583691264.0,
        2583691264.0,
        2583691264.0,
        2583691264.0,
        2583691264.0,
        2583691264.0,
        2583691264.0,
        2583691264.0,
        2583691264.0,
        2583691264.0,
        2583691264.0,
        2583691264.0,
        2583691264.0,
        2583691264.0,
        2583691264.0,
        2583691264.0,
        2583691264.0,
        2583691264.0,
        2583691264.0,
        2583691264.0,
        2583691264.0,
        167772160,
        1048576000
      ]
    }
  },
  "execution_time": {
    "total_time_ms": 3732.2077010672324,
    "forward_backward_time_ms": 3602.633554835922,
    "batch_generator_time_ms": 9.991561669571869,
    "layernorm_grads_all_reduce_time_ms": null,
    "embedding_grads_all_reduce_time_ms": null,
    "optimizer_time_ms": 108.29706110541673,
    "layer_compute_total_ms": [
      6.320630224273707,
      88.78207455268678,
      88.78207455268678,
      88.78207455268678,
      88.78207455268678,
      88.78207455268678,
      88.78207455268678,
      88.78207455268678,
      88.78207455268678,
      88.78207455268678,
      88.78207455268678,
      88.78207455268678,
      88.78207455268678,
      88.78207455268678,
      88.78207455268678,
      88.78207455268678,
      88.78207455268678,
      88.78207455268678,
      88.78207455268678,
      88.78207455268678,
      88.78207455268678,
      88.78207455268678,
      88.78207455268678,
      88.78207455268678,
      88.78207455268678,
      88.78207455268678,
      88.78207455268678,
      88.78207455268678,
      88.78207455268678,
      88.78207455268678,
      88.78207455268678,
      88.78207455268678,
      88.78207455268678,
      88.78207455268678,
      88.78207455268678,
      88.78207455268678,
      88.78207455268678,
      88.78207455268678,
      88.78207455268678,
      88.78207455268678,
      88.78207455268678,
      1.4360966448542836,
      19.850264981734792
    ]
  },
  "execution_memory": {
    "total_memory_mb": 53626.53303527832,
    "layer_memory_total_mb": [
      859.4375038146973,
      1301.5703620910645,
      1301.5703620910645,
      1301.5703620910645,
      1301.5703620910645,
      1301.5703620910645,
      1301.5703620910645,
      1301.5703620910645,
      1301.5703620910645,
      1301.5703620910645,
      1301.5703620910645,
      1301.5703620910645,
      1301.5703620910645,
      1301.5703620910645,
      1301.5703620910645,
      1301.5703620910645,
      1301.5703620910645,
      1301.5703620910645,
      1301.5703620910645,
      1301.5703620910645,
      1301.5703620910645,
      1301.5703620910645,
      1301.5703620910645,
      1301.5703620910645,
      1301.5703620910645,
      1301.5703620910645,
      1301.5703620910645,
      1301.5703620910645,
      1301.5703620910645,
      1301.5703620910645,
      1301.5703620910645,
      1301.5703620910645,
      1301.5703620910645,
      1301.5703620910645,
      1301.5703620910645,
      1301.5703620910645,
      1301.5703620910645,
      1301.5703620910645,
      1301.5703620910645,
      1301.5703620910645,
      1301.5703620910645,
      40.082035064697266,
      472.50000381469727
    ]
  }
}