{
  "model": {
    "model_name": "llama2_13B",
    "num_layers": 40,
    "parameters": {
      "total_parameters_bytes": 52063457280.0,
      "parameters_per_layer_bytes": [
        655360000,
        1268817920.0,
        1268817920.0,
        1268817920.0,
        1268817920.0,
        1268817920.0,
        1268817920.0,
        1268817920.0,
        1268817920.0,
        1268817920.0,
        1268817920.0,
        1268817920.0,
        1268817920.0,
        1268817920.0,
        1268817920.0,
        1268817920.0,
        1268817920.0,
        1268817920.0,
        1268817920.0,
        1268817920.0,
        1268817920.0,
        1268817920.0,
        1268817920.0,
        1268817920.0,
        1268817920.0,
        1268817920.0,
        1268817920.0,
        1268817920.0,
        1268817920.0,
        1268817920.0,
        1268817920.0,
        1268817920.0,
        1268817920.0,
        1268817920.0,
        1268817920.0,
        1268817920.0,
        1268817920.0,
        1268817920.0,
        1268817920.0,
        1268817920.0,
        1268817920.0,
        20480,
        655360000
      ],
      "activation_parameters_bytes": [
        1342177280,
        20669530112.0,
        20669530112.0,
        20669530112.0,
        20669530112.0,
        20669530112.0,
        20669530112.0,
        20669530112.0,
        20669530112.0,
        20669530112.0,
        20669530112.0,
        20669530112.0,
        20669530112.0,
        20669530112.0,
        20669530112.0,
        20669530112.0,
        20669530112.0,
        20669530112.0,
        20669530112.0,
        20669530112.0,
        20669530112.0,
        20669530112.0,
        20669530112.0,
        20669530112.0,
        20669530112.0,
        20669530112.0,
        20669530112.0,
        20669530112.0,
        20669530112.0,
        20669530112.0,
        20669530112.0,
        20669530112.0,
        20669530112.0,
        20669530112.0,
        20669530112.0,
        20669530112.0,
        20669530112.0,
        20669530112.0,
        20669530112.0,
        20669530112.0,
        20669530112.0,
        1342177280,
        8388608000
      ]
    }
  },
  "execution_time": {
    "total_time_ms": 28569.061163736198,
    "forward_backward_time_ms": 28375.50743447763,
    "batch_generator_time_ms": 74.50825611130705,
    "layernorm_grads_all_reduce_time_ms": null,
    "embedding_grads_all_reduce_time_ms": null,
    "optimizer_time_ms": 107.50129255037785,
    "layer_compute_total_ms": [
      42.84026382236994,
      700.5308458040353,
      700.5308458040353,
      700.5308458040353,
      700.5308458040353,
      700.5308458040353,
      700.5308458040353,
      700.5308458040353,
      700.5308458040353,
      700.5308458040353,
      700.5308458040353,
      700.5308458040353,
      700.5308458040353,
      700.5308458040353,
      700.5308458040353,
      700.5308458040353,
      700.5308458040353,
      700.5308458040353,
      700.5308458040353,
      700.5308458040353,
      700.5308458040353,
      700.5308458040353,
      700.5308458040353,
      700.5308458040353,
      700.5308458040353,
      700.5308458040353,
      700.5308458040353,
      700.5308458040353,
      700.5308458040353,
      700.5308458040353,
      700.5308458040353,
      700.5308458040353,
      700.5308458040353,
      700.5308458040353,
      700.5308458040353,
      700.5308458040353,
      700.5308458040353,
      700.5308458040353,
      700.5308458040353,
      700.5308458040353,
      700.5308458040353,
      3.5529469347660023,
      169.53128911174912
    ]
  },
  "execution_memory": {
    "total_memory_mb": 255575.87678527832,
    "layer_memory_total_mb": [
      859.8750038146973,
      6174.718799591064,
      6174.718799591064,
      6174.718799591064,
      6174.718799591064,
      6174.718799591064,
      6174.718799591064,
      6174.718799591064,
      6174.718799591064,
      6174.718799591064,
      6174.718799591064,
      6174.718799591064,
      6174.718799591064,
      6174.718799591064,
      6174.718799591064,
      6174.718799591064,
      6174.718799591064,
      6174.718799591064,
      6174.718799591064,
      6174.718799591064,
      6174.718799591064,
      6174.718799591064,
      6174.718799591064,
      6174.718799591064,
      6174.718799591064,
      6174.718799591064,
      6174.718799591064,
      6174.718799591064,
      6174.718799591064,
      6174.718799591064,
      6174.718799591064,
      6174.718799591064,
      6174.718799591064,
      6174.718799591064,
      6174.718799591064,
      6174.718799591064,
      6174.718799591064,
      6174.718799591064,
      6174.718799591064,
      6174.718799591064,
      6174.718799591064,
      320.10937881469727,
      1592.5000038146973
    ]
  }
}