{
  "model": {
    "model_name": "llama2_13B",
    "num_layers": 40,
    "parameters": {
      "total_parameters_bytes": 52063457280.0,
      "parameters_per_layer_bytes": [
        655360000,
        1268817920.0,
        1268817920.0,
        1268817920.0,
        1268817920.0,
        1268817920.0,
        1268817920.0,
        1268817920.0,
        1268817920.0,
        1268817920.0,
        1268817920.0,
        1268817920.0,
        1268817920.0,
        1268817920.0,
        1268817920.0,
        1268817920.0,
        1268817920.0,
        1268817920.0,
        1268817920.0,
        1268817920.0,
        1268817920.0,
        1268817920.0,
        1268817920.0,
        1268817920.0,
        1268817920.0,
        1268817920.0,
        1268817920.0,
        1268817920.0,
        1268817920.0,
        1268817920.0,
        1268817920.0,
        1268817920.0,
        1268817920.0,
        1268817920.0,
        1268817920.0,
        1268817920.0,
        1268817920.0,
        1268817920.0,
        1268817920.0,
        1268817920.0,
        1268817920.0,
        20480,
        655360000
      ],
      "activation_parameters_bytes": [
        83886080,
        1291845632.0,
        1291845632.0,
        1291845632.0,
        1291845632.0,
        1291845632.0,
        1291845632.0,
        1291845632.0,
        1291845632.0,
        1291845632.0,
        1291845632.0,
        1291845632.0,
        1291845632.0,
        1291845632.0,
        1291845632.0,
        1291845632.0,
        1291845632.0,
        1291845632.0,
        1291845632.0,
        1291845632.0,
        1291845632.0,
        1291845632.0,
        1291845632.0,
        1291845632.0,
        1291845632.0,
        1291845632.0,
        1291845632.0,
        1291845632.0,
        1291845632.0,
        1291845632.0,
        1291845632.0,
        1291845632.0,
        1291845632.0,
        1291845632.0,
        1291845632.0,
        1291845632.0,
        1291845632.0,
        1291845632.0,
        1291845632.0,
        1291845632.0,
        1291845632.0,
        83886080,
        524288000
      ]
    }
  },
  "execution_time": {
    "total_time_ms": 1930.045413452165,
    "forward_backward_time_ms": 1798.9153193698671,
    "batch_generator_time_ms": 5.8407835722306585,
    "layernorm_grads_all_reduce_time_ms": null,
    "embedding_grads_all_reduce_time_ms": null,
    "optimizer_time_ms": 113.78556916706053,
    "layer_compute_total_ms": [
      3.931192319876903,
      44.25063390067862,
      44.25063390067862,
      44.25063390067862,
      44.25063390067862,
      44.25063390067862,
      44.25063390067862,
      44.25063390067862,
      44.25063390067862,
      44.25063390067862,
      44.25063390067862,
      44.25063390067862,
      44.25063390067862,
      44.25063390067862,
      44.25063390067862,
      44.25063390067862,
      44.25063390067862,
      44.25063390067862,
      44.25063390067862,
      44.25063390067862,
      44.25063390067862,
      44.25063390067862,
      44.25063390067862,
      44.25063390067862,
      44.25063390067862,
      44.25063390067862,
      44.25063390067862,
      44.25063390067862,
      44.25063390067862,
      44.25063390067862,
      44.25063390067862,
      44.25063390067862,
      44.25063390067862,
      44.25063390067862,
      44.25063390067862,
      44.25063390067862,
      44.25063390067862,
      44.25063390067862,
      44.25063390067862,
      44.25063390067862,
      44.25063390067862,
      1.4185970765943832,
      9.595360752607592
    ]
  },
  "execution_memory": {
    "total_memory_mb": 39129.57991027832,
    "layer_memory_total_mb": [
      859.4062538146973,
      953.4883308410645,
      953.4883308410645,
      953.4883308410645,
      953.4883308410645,
      953.4883308410645,
      953.4883308410645,
      953.4883308410645,
      953.4883308410645,
      953.4883308410645,
      953.4883308410645,
      953.4883308410645,
      953.4883308410645,
      953.4883308410645,
      953.4883308410645,
      953.4883308410645,
      953.4883308410645,
      953.4883308410645,
      953.4883308410645,
      953.4883308410645,
      953.4883308410645,
      953.4883308410645,
      953.4883308410645,
      953.4883308410645,
      953.4883308410645,
      953.4883308410645,
      953.4883308410645,
      953.4883308410645,
      953.4883308410645,
      953.4883308410645,
      953.4883308410645,
      953.4883308410645,
      953.4883308410645,
      953.4883308410645,
      953.4883308410645,
      953.4883308410645,
      953.4883308410645,
      953.4883308410645,
      953.4883308410645,
      953.4883308410645,
      953.4883308410645,
      20.080081939697266,
      392.50000381469727
    ]
  }
}