{
  "model": {
    "model_name": "llama2_13B",
    "num_layers": 40,
    "parameters": {
      "total_parameters_bytes": 52063457280.0,
      "parameters_per_layer_bytes": [
        655360000,
        1268817920.0,
        1268817920.0,
        1268817920.0,
        1268817920.0,
        1268817920.0,
        1268817920.0,
        1268817920.0,
        1268817920.0,
        1268817920.0,
        1268817920.0,
        1268817920.0,
        1268817920.0,
        1268817920.0,
        1268817920.0,
        1268817920.0,
        1268817920.0,
        1268817920.0,
        1268817920.0,
        1268817920.0,
        1268817920.0,
        1268817920.0,
        1268817920.0,
        1268817920.0,
        1268817920.0,
        1268817920.0,
        1268817920.0,
        1268817920.0,
        1268817920.0,
        1268817920.0,
        1268817920.0,
        1268817920.0,
        1268817920.0,
        1268817920.0,
        1268817920.0,
        1268817920.0,
        1268817920.0,
        1268817920.0,
        1268817920.0,
        1268817920.0,
        1268817920.0,
        20480,
        655360000
      ],
      "activation_parameters_bytes": [
        1342177280,
        20669530112.0,
        20669530112.0,
        20669530112.0,
        20669530112.0,
        20669530112.0,
        20669530112.0,
        20669530112.0,
        20669530112.0,
        20669530112.0,
        20669530112.0,
        20669530112.0,
        20669530112.0,
        20669530112.0,
        20669530112.0,
        20669530112.0,
        20669530112.0,
        20669530112.0,
        20669530112.0,
        20669530112.0,
        20669530112.0,
        20669530112.0,
        20669530112.0,
        20669530112.0,
        20669530112.0,
        20669530112.0,
        20669530112.0,
        20669530112.0,
        20669530112.0,
        20669530112.0,
        20669530112.0,
        20669530112.0,
        20669530112.0,
        20669530112.0,
        20669530112.0,
        20669530112.0,
        20669530112.0,
        20669530112.0,
        20669530112.0,
        20669530112.0,
        20669530112.0,
        1342177280,
        8388608000
      ]
    }
  },
  "execution_time": {
    "total_time_ms": 61887.91540306236,
    "forward_backward_time_ms": 61468.62837246485,
    "batch_generator_time_ms": 161.4039966038295,
    "layernorm_grads_all_reduce_time_ms": null,
    "embedding_grads_all_reduce_time_ms": null,
    "optimizer_time_ms": 232.87537735130718,
    "layer_compute_total_ms": [
      92.8030014038086,
      1517.5295216696602,
      1517.5295216696602,
      1517.5295216696602,
      1517.5295216696602,
      1517.5295216696602,
      1517.5295216696602,
      1517.5295216696602,
      1517.5295216696602,
      1517.5295216696602,
      1517.5295216696602,
      1517.5295216696602,
      1517.5295216696602,
      1517.5295216696602,
      1517.5295216696602,
      1517.5295216696602,
      1517.5295216696602,
      1517.5295216696602,
      1517.5295216696602,
      1517.5295216696602,
      1517.5295216696602,
      1517.5295216696602,
      1517.5295216696602,
      1517.5295216696602,
      1517.5295216696602,
      1517.5295216696602,
      1517.5295216696602,
      1517.5295216696602,
      1517.5295216696602,
      1517.5295216696602,
      1517.5295216696602,
      1517.5295216696602,
      1517.5295216696602,
      1517.5295216696602,
      1517.5295216696602,
      1517.5295216696602,
      1517.5295216696602,
      1517.5295216696602,
      1517.5295216696602,
      1517.5295216696602,
      1517.5295216696602,
      7.696594510759627,
      367.24826267787387
    ]
  },
  "execution_memory": {
    "total_memory_mb": 2044607.0142822266,
    "layer_memory_total_mb": [
      6879.000030517578,
      49397.750396728516,
      49397.750396728516,
      49397.750396728516,
      49397.750396728516,
      49397.750396728516,
      49397.750396728516,
      49397.750396728516,
      49397.750396728516,
      49397.750396728516,
      49397.750396728516,
      49397.750396728516,
      49397.750396728516,
      49397.750396728516,
      49397.750396728516,
      49397.750396728516,
      49397.750396728516,
      49397.750396728516,
      49397.750396728516,
      49397.750396728516,
      49397.750396728516,
      49397.750396728516,
      49397.750396728516,
      49397.750396728516,
      49397.750396728516,
      49397.750396728516,
      49397.750396728516,
      49397.750396728516,
      49397.750396728516,
      49397.750396728516,
      49397.750396728516,
      49397.750396728516,
      49397.750396728516,
      49397.750396728516,
      49397.750396728516,
      49397.750396728516,
      49397.750396728516,
      49397.750396728516,
      49397.750396728516,
      49397.750396728516,
      49397.750396728516,
      2560.875030517578,
      12740.000030517578
    ]
  }
}