{
  "model": {
    "model_name": "llama2_13B",
    "num_layers": 40,
    "parameters": {
      "total_parameters_bytes": 52063457280.0,
      "parameters_per_layer_bytes": [
        655360000,
        1268817920.0,
        1268817920.0,
        1268817920.0,
        1268817920.0,
        1268817920.0,
        1268817920.0,
        1268817920.0,
        1268817920.0,
        1268817920.0,
        1268817920.0,
        1268817920.0,
        1268817920.0,
        1268817920.0,
        1268817920.0,
        1268817920.0,
        1268817920.0,
        1268817920.0,
        1268817920.0,
        1268817920.0,
        1268817920.0,
        1268817920.0,
        1268817920.0,
        1268817920.0,
        1268817920.0,
        1268817920.0,
        1268817920.0,
        1268817920.0,
        1268817920.0,
        1268817920.0,
        1268817920.0,
        1268817920.0,
        1268817920.0,
        1268817920.0,
        1268817920.0,
        1268817920.0,
        1268817920.0,
        1268817920.0,
        1268817920.0,
        1268817920.0,
        1268817920.0,
        20480,
        655360000
      ],
      "activation_parameters_bytes": [
        41943040,
        645922816.0,
        645922816.0,
        645922816.0,
        645922816.0,
        645922816.0,
        645922816.0,
        645922816.0,
        645922816.0,
        645922816.0,
        645922816.0,
        645922816.0,
        645922816.0,
        645922816.0,
        645922816.0,
        645922816.0,
        645922816.0,
        645922816.0,
        645922816.0,
        645922816.0,
        645922816.0,
        645922816.0,
        645922816.0,
        645922816.0,
        645922816.0,
        645922816.0,
        645922816.0,
        645922816.0,
        645922816.0,
        645922816.0,
        645922816.0,
        645922816.0,
        645922816.0,
        645922816.0,
        645922816.0,
        645922816.0,
        645922816.0,
        645922816.0,
        645922816.0,
        645922816.0,
        645922816.0,
        41943040,
        262144000
      ]
    }
  },
  "execution_time": {
    "total_time_ms": 3144.291804577181,
    "forward_backward_time_ms": 2669.922317777361,
    "batch_generator_time_ms": 5.91731071472168,
    "layernorm_grads_all_reduce_time_ms": null,
    "embedding_grads_all_reduce_time_ms": null,
    "optimizer_time_ms": 441.8060729073466,
    "layer_compute_total_ms": [
      3.405775342668806,
      65.50908088684082,
      65.50908088684082,
      65.50908088684082,
      65.50908088684082,
      65.50908088684082,
      65.50908088684082,
      65.50908088684082,
      65.50908088684082,
      65.50908088684082,
      65.50908088684082,
      65.50908088684082,
      65.50908088684082,
      65.50908088684082,
      65.50908088684082,
      65.50908088684082,
      65.50908088684082,
      65.50908088684082,
      65.50908088684082,
      65.50908088684082,
      65.50908088684082,
      65.50908088684082,
      65.50908088684082,
      65.50908088684082,
      65.50908088684082,
      65.50908088684082,
      65.50908088684082,
      65.50908088684082,
      65.50908088684082,
      65.50908088684082,
      65.50908088684082,
      65.50908088684082,
      65.50908088684082,
      65.50908088684082,
      65.50908088684082,
      65.50908088684082,
      65.50908088684082,
      65.50908088684082,
      65.50908088684082,
      65.50908088684082,
      65.50908088684082,
      3.2511438642229353,
      22.00150489807129
    ]
  },
  "execution_memory": {
    "total_memory_mb": 248030.31964111328,
    "layer_memory_total_mb": [
      4375.062515258789,
      5913.953323364258,
      5913.953323364258,
      5913.953323364258,
      5913.953323364258,
      5913.953323364258,
      5913.953323364258,
      5913.953323364258,
      5913.953323364258,
      5913.953323364258,
      5913.953323364258,
      5913.953323364258,
      5913.953323364258,
      5913.953323364258,
      5913.953323364258,
      5913.953323364258,
      5913.953323364258,
      5913.953323364258,
      5913.953323364258,
      5913.953323364258,
      5913.953323364258,
      5913.953323364258,
      5913.953323364258,
      5913.953323364258,
      5913.953323364258,
      5913.953323364258,
      5913.953323364258,
      5913.953323364258,
      5913.953323364258,
      5913.953323364258,
      5913.953323364258,
      5913.953323364258,
      5913.953323364258,
      5913.953323364258,
      5913.953323364258,
      5913.953323364258,
      5913.953323364258,
      5913.953323364258,
      5913.953323364258,
      5913.953323364258,
      5913.953323364258,
      80.32032775878906,
      2660.000015258789
    ]
  }
}