{
  "model": {
    "model_name": "llama2_13B",
    "num_layers": 40,
    "parameters": {
      "total_parameters_bytes": 52063457280.0,
      "parameters_per_layer_bytes": [
        655360000,
        1268817920.0,
        1268817920.0,
        1268817920.0,
        1268817920.0,
        1268817920.0,
        1268817920.0,
        1268817920.0,
        1268817920.0,
        1268817920.0,
        1268817920.0,
        1268817920.0,
        1268817920.0,
        1268817920.0,
        1268817920.0,
        1268817920.0,
        1268817920.0,
        1268817920.0,
        1268817920.0,
        1268817920.0,
        1268817920.0,
        1268817920.0,
        1268817920.0,
        1268817920.0,
        1268817920.0,
        1268817920.0,
        1268817920.0,
        1268817920.0,
        1268817920.0,
        1268817920.0,
        1268817920.0,
        1268817920.0,
        1268817920.0,
        1268817920.0,
        1268817920.0,
        1268817920.0,
        1268817920.0,
        1268817920.0,
        1268817920.0,
        1268817920.0,
        1268817920.0,
        20480,
        655360000
      ],
      "activation_parameters_bytes": [
        167772160,
        2583691264.0,
        2583691264.0,
        2583691264.0,
        2583691264.0,
        2583691264.0,
        2583691264.0,
        2583691264.0,
        2583691264.0,
        2583691264.0,
        2583691264.0,
        2583691264.0,
        2583691264.0,
        2583691264.0,
        2583691264.0,
        2583691264.0,
        2583691264.0,
        2583691264.0,
        2583691264.0,
        2583691264.0,
        2583691264.0,
        2583691264.0,
        2583691264.0,
        2583691264.0,
        2583691264.0,
        2583691264.0,
        2583691264.0,
        2583691264.0,
        2583691264.0,
        2583691264.0,
        2583691264.0,
        2583691264.0,
        2583691264.0,
        2583691264.0,
        2583691264.0,
        2583691264.0,
        2583691264.0,
        2583691264.0,
        2583691264.0,
        2583691264.0,
        2583691264.0,
        167772160,
        1048576000
      ]
    }
  },
  "execution_time": {
    "total_time_ms": 15654.158767582387,
    "forward_backward_time_ms": 14870.296508406958,
    "batch_generator_time_ms": 10.783963503500422,
    "layernorm_grads_all_reduce_time_ms": null,
    "embedding_grads_all_reduce_time_ms": null,
    "optimizer_time_ms": 758.0755683270098,
    "layer_compute_total_ms": [
      0.2998825385634211,
      367.1912749704292,
      367.1912749704292,
      367.1912749704292,
      367.1912749704292,
      367.1912749704292,
      367.1912749704292,
      367.1912749704292,
      367.1912749704292,
      367.1912749704292,
      367.1912749704292,
      367.1912749704292,
      367.1912749704292,
      367.1912749704292,
      367.1912749704292,
      367.1912749704292,
      367.1912749704292,
      367.1912749704292,
      367.1912749704292,
      367.1912749704292,
      367.1912749704292,
      367.1912749704292,
      367.1912749704292,
      367.1912749704292,
      367.1912749704292,
      367.1912749704292,
      367.1912749704292,
      367.1912749704292,
      367.1912749704292,
      367.1912749704292,
      367.1912749704292,
      367.1912749704292,
      367.1912749704292,
      367.1912749704292,
      367.1912749704292,
      367.1912749704292,
      367.1912749704292,
      367.1912749704292,
      367.1912749704292,
      367.1912749704292,
      367.1912749704292,
      3.36065608138003,
      167.98510084339455
    ]
  },
  "execution_memory": {
    "total_memory_mb": 333165.8767852783,
    "layer_memory_total_mb": [
      2500.0625038146973,
      8169.718799591064,
      8169.718799591064,
      8169.718799591064,
      8169.718799591064,
      8169.718799591064,
      8169.718799591064,
      8169.718799591064,
      8169.718799591064,
      8169.718799591064,
      8169.718799591064,
      8169.718799591064,
      8169.718799591064,
      8169.718799591064,
      8169.718799591064,
      8169.718799591064,
      8169.718799591064,
      8169.718799591064,
      8169.718799591064,
      8169.718799591064,
      8169.718799591064,
      8169.718799591064,
      8169.718799591064,
      8169.718799591064,
      8169.718799591064,
      8169.718799591064,
      8169.718799591064,
      8169.718799591064,
      8169.718799591064,
      8169.718799591064,
      8169.718799591064,
      8169.718799591064,
      8169.718799591064,
      8169.718799591064,
      8169.718799591064,
      8169.718799591064,
      8169.718799591064,
      8169.718799591064,
      8169.718799591064,
      8169.718799591064,
      8169.718799591064,
      320.10937881469727,
      2660.0000038146973
    ]
  }
}