{
  "model": {
    "model_name": "llama2_13B",
    "num_layers": 40,
    "parameters": {
      "total_parameters_bytes": 52063457280.0,
      "parameters_per_layer_bytes": [
        655360000,
        1268817920.0,
        1268817920.0,
        1268817920.0,
        1268817920.0,
        1268817920.0,
        1268817920.0,
        1268817920.0,
        1268817920.0,
        1268817920.0,
        1268817920.0,
        1268817920.0,
        1268817920.0,
        1268817920.0,
        1268817920.0,
        1268817920.0,
        1268817920.0,
        1268817920.0,
        1268817920.0,
        1268817920.0,
        1268817920.0,
        1268817920.0,
        1268817920.0,
        1268817920.0,
        1268817920.0,
        1268817920.0,
        1268817920.0,
        1268817920.0,
        1268817920.0,
        1268817920.0,
        1268817920.0,
        1268817920.0,
        1268817920.0,
        1268817920.0,
        1268817920.0,
        1268817920.0,
        1268817920.0,
        1268817920.0,
        1268817920.0,
        1268817920.0,
        1268817920.0,
        20480,
        655360000
      ],
      "activation_parameters_bytes": [
        167772160,
        2583691264.0,
        2583691264.0,
        2583691264.0,
        2583691264.0,
        2583691264.0,
        2583691264.0,
        2583691264.0,
        2583691264.0,
        2583691264.0,
        2583691264.0,
        2583691264.0,
        2583691264.0,
        2583691264.0,
        2583691264.0,
        2583691264.0,
        2583691264.0,
        2583691264.0,
        2583691264.0,
        2583691264.0,
        2583691264.0,
        2583691264.0,
        2583691264.0,
        2583691264.0,
        2583691264.0,
        2583691264.0,
        2583691264.0,
        2583691264.0,
        2583691264.0,
        2583691264.0,
        2583691264.0,
        2583691264.0,
        2583691264.0,
        2583691264.0,
        2583691264.0,
        2583691264.0,
        2583691264.0,
        2583691264.0,
        2583691264.0,
        2583691264.0,
        2583691264.0,
        167772160,
        1048576000
      ]
    }
  },
  "execution_time": {
    "total_time_ms": 1977.9862949731012,
    "forward_backward_time_ms": 1909.314906359042,
    "batch_generator_time_ms": 5.295303378249929,
    "layernorm_grads_all_reduce_time_ms": null,
    "embedding_grads_all_reduce_time_ms": null,
    "optimizer_time_ms": 57.39501115951424,
    "layer_compute_total_ms": [
      3.3497921232066328,
      47.05250639032727,
      47.05250639032727,
      47.05250639032727,
      47.05250639032727,
      47.05250639032727,
      47.05250639032727,
      47.05250639032727,
      47.05250639032727,
      47.05250639032727,
      47.05250639032727,
      47.05250639032727,
      47.05250639032727,
      47.05250639032727,
      47.05250639032727,
      47.05250639032727,
      47.05250639032727,
      47.05250639032727,
      47.05250639032727,
      47.05250639032727,
      47.05250639032727,
      47.05250639032727,
      47.05250639032727,
      47.05250639032727,
      47.05250639032727,
      47.05250639032727,
      47.05250639032727,
      47.05250639032727,
      47.05250639032727,
      47.05250639032727,
      47.05250639032727,
      47.05250639032727,
      47.05250639032727,
      47.05250639032727,
      47.05250639032727,
      47.05250639032727,
      47.05250639032727,
      47.05250639032727,
      47.05250639032727,
      47.05250639032727,
      47.05250639032727,
      0.7610989819688643,
      10.520194809690897
    ]
  },
  "execution_memory": {
    "total_memory_mb": 53626.53303527832,
    "layer_memory_total_mb": [
      859.4375038146973,
      1301.5703620910645,
      1301.5703620910645,
      1301.5703620910645,
      1301.5703620910645,
      1301.5703620910645,
      1301.5703620910645,
      1301.5703620910645,
      1301.5703620910645,
      1301.5703620910645,
      1301.5703620910645,
      1301.5703620910645,
      1301.5703620910645,
      1301.5703620910645,
      1301.5703620910645,
      1301.5703620910645,
      1301.5703620910645,
      1301.5703620910645,
      1301.5703620910645,
      1301.5703620910645,
      1301.5703620910645,
      1301.5703620910645,
      1301.5703620910645,
      1301.5703620910645,
      1301.5703620910645,
      1301.5703620910645,
      1301.5703620910645,
      1301.5703620910645,
      1301.5703620910645,
      1301.5703620910645,
      1301.5703620910645,
      1301.5703620910645,
      1301.5703620910645,
      1301.5703620910645,
      1301.5703620910645,
      1301.5703620910645,
      1301.5703620910645,
      1301.5703620910645,
      1301.5703620910645,
      1301.5703620910645,
      1301.5703620910645,
      40.082035064697266,
      472.50000381469727
    ]
  }
}