{
  "model": {
    "model_name": "llama2_13B",
    "num_layers": 40,
    "parameters": {
      "total_parameters_bytes": 52063457280.0,
      "parameters_per_layer_bytes": [
        655360000,
        1268817920.0,
        1268817920.0,
        1268817920.0,
        1268817920.0,
        1268817920.0,
        1268817920.0,
        1268817920.0,
        1268817920.0,
        1268817920.0,
        1268817920.0,
        1268817920.0,
        1268817920.0,
        1268817920.0,
        1268817920.0,
        1268817920.0,
        1268817920.0,
        1268817920.0,
        1268817920.0,
        1268817920.0,
        1268817920.0,
        1268817920.0,
        1268817920.0,
        1268817920.0,
        1268817920.0,
        1268817920.0,
        1268817920.0,
        1268817920.0,
        1268817920.0,
        1268817920.0,
        1268817920.0,
        1268817920.0,
        1268817920.0,
        1268817920.0,
        1268817920.0,
        1268817920.0,
        1268817920.0,
        1268817920.0,
        1268817920.0,
        1268817920.0,
        1268817920.0,
        20480,
        655360000
      ],
      "activation_parameters_bytes": [
        41943040,
        645922816.0,
        645922816.0,
        645922816.0,
        645922816.0,
        645922816.0,
        645922816.0,
        645922816.0,
        645922816.0,
        645922816.0,
        645922816.0,
        645922816.0,
        645922816.0,
        645922816.0,
        645922816.0,
        645922816.0,
        645922816.0,
        645922816.0,
        645922816.0,
        645922816.0,
        645922816.0,
        645922816.0,
        645922816.0,
        645922816.0,
        645922816.0,
        645922816.0,
        645922816.0,
        645922816.0,
        645922816.0,
        645922816.0,
        645922816.0,
        645922816.0,
        645922816.0,
        645922816.0,
        645922816.0,
        645922816.0,
        645922816.0,
        645922816.0,
        645922816.0,
        645922816.0,
        645922816.0,
        41943040,
        262144000
      ]
    }
  },
  "execution_time": {
    "total_time_ms": 2385.4894396318014,
    "forward_backward_time_ms": 1976.4137502521103,
    "batch_generator_time_ms": 1.4532692510378795,
    "layernorm_grads_all_reduce_time_ms": null,
    "embedding_grads_all_reduce_time_ms": null,
    "optimizer_time_ms": 400.2833120841697,
    "layer_compute_total_ms": [
      0.07743647594031682,
      48.77005375959231,
      48.77005375959231,
      48.77005375959231,
      48.77005375959231,
      48.77005375959231,
      48.77005375959231,
      48.77005375959231,
      48.77005375959231,
      48.77005375959231,
      48.77005375959231,
      48.77005375959231,
      48.77005375959231,
      48.77005375959231,
      48.77005375959231,
      48.77005375959231,
      48.77005375959231,
      48.77005375959231,
      48.77005375959231,
      48.77005375959231,
      48.77005375959231,
      48.77005375959231,
      48.77005375959231,
      48.77005375959231,
      48.77005375959231,
      48.77005375959231,
      48.77005375959231,
      48.77005375959231,
      48.77005375959231,
      48.77005375959231,
      48.77005375959231,
      48.77005375959231,
      48.77005375959231,
      48.77005375959231,
      48.77005375959231,
      48.77005375959231,
      48.77005375959231,
      48.77005375959231,
      48.77005375959231,
      48.77005375959231,
      48.77005375959231,
      0.4826343146952706,
      22.568170542415615
    ]
  },
  "execution_memory": {
    "total_memory_mb": 236700.43928527832,
    "layer_memory_total_mb": [
      2500.0156288146973,
      5672.734424591064,
      5672.734424591064,
      5672.734424591064,
      5672.734424591064,
      5672.734424591064,
      5672.734424591064,
      5672.734424591064,
      5672.734424591064,
      5672.734424591064,
      5672.734424591064,
      5672.734424591064,
      5672.734424591064,
      5672.734424591064,
      5672.734424591064,
      5672.734424591064,
      5672.734424591064,
      5672.734424591064,
      5672.734424591064,
      5672.734424591064,
      5672.734424591064,
      5672.734424591064,
      5672.734424591064,
      5672.734424591064,
      5672.734424591064,
      5672.734424591064,
      5672.734424591064,
      5672.734424591064,
      5672.734424591064,
      5672.734424591064,
      5672.734424591064,
      5672.734424591064,
      5672.734424591064,
      5672.734424591064,
      5672.734424591064,
      5672.734424591064,
      5672.734424591064,
      5672.734424591064,
      5672.734424591064,
      5672.734424591064,
      5672.734424591064,
      80.08594131469727,
      2540.0000038146973
    ]
  }
}