{
  "model": {
    "model_name": "llama2_13B",
    "num_layers": 40,
    "parameters": {
      "total_parameters_bytes": 52063457280.0,
      "parameters_per_layer_bytes": [
        655360000,
        1268817920.0,
        1268817920.0,
        1268817920.0,
        1268817920.0,
        1268817920.0,
        1268817920.0,
        1268817920.0,
        1268817920.0,
        1268817920.0,
        1268817920.0,
        1268817920.0,
        1268817920.0,
        1268817920.0,
        1268817920.0,
        1268817920.0,
        1268817920.0,
        1268817920.0,
        1268817920.0,
        1268817920.0,
        1268817920.0,
        1268817920.0,
        1268817920.0,
        1268817920.0,
        1268817920.0,
        1268817920.0,
        1268817920.0,
        1268817920.0,
        1268817920.0,
        1268817920.0,
        1268817920.0,
        1268817920.0,
        1268817920.0,
        1268817920.0,
        1268817920.0,
        1268817920.0,
        1268817920.0,
        1268817920.0,
        1268817920.0,
        1268817920.0,
        1268817920.0,
        20480,
        655360000
      ],
      "activation_parameters_bytes": [
        41943040,
        645922816.0,
        645922816.0,
        645922816.0,
        645922816.0,
        645922816.0,
        645922816.0,
        645922816.0,
        645922816.0,
        645922816.0,
        645922816.0,
        645922816.0,
        645922816.0,
        645922816.0,
        645922816.0,
        645922816.0,
        645922816.0,
        645922816.0,
        645922816.0,
        645922816.0,
        645922816.0,
        645922816.0,
        645922816.0,
        645922816.0,
        645922816.0,
        645922816.0,
        645922816.0,
        645922816.0,
        645922816.0,
        645922816.0,
        645922816.0,
        645922816.0,
        645922816.0,
        645922816.0,
        645922816.0,
        645922816.0,
        645922816.0,
        645922816.0,
        645922816.0,
        645922816.0,
        645922816.0,
        41943040,
        262144000
      ]
    }
  },
  "execution_time": {
    "total_time_ms": 2486.418892217665,
    "forward_backward_time_ms": 2075.2745231942304,
    "batch_generator_time_ms": 2.6839589400162653,
    "layernorm_grads_all_reduce_time_ms": null,
    "embedding_grads_all_reduce_time_ms": null,
    "optimizer_time_ms": 395.224887566631,
    "layer_compute_total_ms": [
      0.9899441300807487,
      51.10071647138889,
      51.10071647138889,
      51.10071647138889,
      51.10071647138889,
      51.10071647138889,
      51.10071647138889,
      51.10071647138889,
      51.10071647138889,
      51.10071647138889,
      51.10071647138889,
      51.10071647138889,
      51.10071647138889,
      51.10071647138889,
      51.10071647138889,
      51.10071647138889,
      51.10071647138889,
      51.10071647138889,
      51.10071647138889,
      51.10071647138889,
      51.10071647138889,
      51.10071647138889,
      51.10071647138889,
      51.10071647138889,
      51.10071647138889,
      51.10071647138889,
      51.10071647138889,
      51.10071647138889,
      51.10071647138889,
      51.10071647138889,
      51.10071647138889,
      51.10071647138889,
      51.10071647138889,
      51.10071647138889,
      51.10071647138889,
      51.10071647138889,
      51.10071647138889,
      51.10071647138889,
      51.10071647138889,
      51.10071647138889,
      51.10071647138889,
      1.401427688867688,
      21.06915000438734
    ]
  },
  "execution_memory": {
    "total_memory_mb": 120808.53303527832,
    "layer_memory_total_mb": [
      1562.5156288146973,
      2876.5703620910645,
      2876.5703620910645,
      2876.5703620910645,
      2876.5703620910645,
      2876.5703620910645,
      2876.5703620910645,
      2876.5703620910645,
      2876.5703620910645,
      2876.5703620910645,
      2876.5703620910645,
      2876.5703620910645,
      2876.5703620910645,
      2876.5703620910645,
      2876.5703620910645,
      2876.5703620910645,
      2876.5703620910645,
      2876.5703620910645,
      2876.5703620910645,
      2876.5703620910645,
      2876.5703620910645,
      2876.5703620910645,
      2876.5703620910645,
      2876.5703620910645,
      2876.5703620910645,
      2876.5703620910645,
      2876.5703620910645,
      2876.5703620910645,
      2876.5703620910645,
      2876.5703620910645,
      2876.5703620910645,
      2876.5703620910645,
      2876.5703620910645,
      2876.5703620910645,
      2876.5703620910645,
      2876.5703620910645,
      2876.5703620910645,
      2876.5703620910645,
      2876.5703620910645,
      2876.5703620910645,
      2876.5703620910645,
      40.082035064697266,
      1290.0000038146973
    ]
  }
}