{
  "model": {
    "model_name": "llama2_13B",
    "num_layers": 40,
    "parameters": {
      "total_parameters_bytes": 52063457280.0,
      "parameters_per_layer_bytes": [
        655360000,
        1268817920.0,
        1268817920.0,
        1268817920.0,
        1268817920.0,
        1268817920.0,
        1268817920.0,
        1268817920.0,
        1268817920.0,
        1268817920.0,
        1268817920.0,
        1268817920.0,
        1268817920.0,
        1268817920.0,
        1268817920.0,
        1268817920.0,
        1268817920.0,
        1268817920.0,
        1268817920.0,
        1268817920.0,
        1268817920.0,
        1268817920.0,
        1268817920.0,
        1268817920.0,
        1268817920.0,
        1268817920.0,
        1268817920.0,
        1268817920.0,
        1268817920.0,
        1268817920.0,
        1268817920.0,
        1268817920.0,
        1268817920.0,
        1268817920.0,
        1268817920.0,
        1268817920.0,
        1268817920.0,
        1268817920.0,
        1268817920.0,
        1268817920.0,
        1268817920.0,
        20480,
        655360000
      ],
      "activation_parameters_bytes": [
        41943040,
        645922816.0,
        645922816.0,
        645922816.0,
        645922816.0,
        645922816.0,
        645922816.0,
        645922816.0,
        645922816.0,
        645922816.0,
        645922816.0,
        645922816.0,
        645922816.0,
        645922816.0,
        645922816.0,
        645922816.0,
        645922816.0,
        645922816.0,
        645922816.0,
        645922816.0,
        645922816.0,
        645922816.0,
        645922816.0,
        645922816.0,
        645922816.0,
        645922816.0,
        645922816.0,
        645922816.0,
        645922816.0,
        645922816.0,
        645922816.0,
        645922816.0,
        645922816.0,
        645922816.0,
        645922816.0,
        645922816.0,
        645922816.0,
        645922816.0,
        645922816.0,
        645922816.0,
        645922816.0,
        41943040,
        262144000
      ]
    }
  },
  "execution_time": {
    "total_time_ms": 561.2797982109607,
    "forward_backward_time_ms": 494.80958189538626,
    "batch_generator_time_ms": 1.7302506844023613,
    "layernorm_grads_all_reduce_time_ms": null,
    "embedding_grads_all_reduce_time_ms": null,
    "optimizer_time_ms": 58.24645923760297,
    "layer_compute_total_ms": [
      1.0718698170268774,
      12.104774008752717,
      12.104774008752717,
      12.104774008752717,
      12.104774008752717,
      12.104774008752717,
      12.104774008752717,
      12.104774008752717,
      12.104774008752717,
      12.104774008752717,
      12.104774008752717,
      12.104774008752717,
      12.104774008752717,
      12.104774008752717,
      12.104774008752717,
      12.104774008752717,
      12.104774008752717,
      12.104774008752717,
      12.104774008752717,
      12.104774008752717,
      12.104774008752717,
      12.104774008752717,
      12.104774008752717,
      12.104774008752717,
      12.104774008752717,
      12.104774008752717,
      12.104774008752717,
      12.104774008752717,
      12.104774008752717,
      12.104774008752717,
      12.104774008752717,
      12.104774008752717,
      12.104774008752717,
      12.104774008752717,
      12.104774008752717,
      12.104774008752717,
      12.104774008752717,
      12.104774008752717,
      12.104774008752717,
      12.104774008752717,
      12.104774008752717,
      0.7222849170888476,
      2.6446227254959638
    ]
  },
  "execution_memory": {
    "total_memory_mb": 32792.10334777832,
    "layer_memory_total_mb": [
      859.3906288146973,
      779.4473152160645,
      779.4473152160645,
      779.4473152160645,
      779.4473152160645,
      779.4473152160645,
      779.4473152160645,
      779.4473152160645,
      779.4473152160645,
      779.4473152160645,
      779.4473152160645,
      779.4473152160645,
      779.4473152160645,
      779.4473152160645,
      779.4473152160645,
      779.4473152160645,
      779.4473152160645,
      779.4473152160645,
      779.4473152160645,
      779.4473152160645,
      779.4473152160645,
      779.4473152160645,
      779.4473152160645,
      779.4473152160645,
      779.4473152160645,
      779.4473152160645,
      779.4473152160645,
      779.4473152160645,
      779.4473152160645,
      779.4473152160645,
      779.4473152160645,
      779.4473152160645,
      779.4473152160645,
      779.4473152160645,
      779.4473152160645,
      779.4473152160645,
      779.4473152160645,
      779.4473152160645,
      779.4473152160645,
      779.4473152160645,
      779.4473152160645,
      10.079105377197266,
      352.50000381469727
    ]
  }
}