{
  "model": {
    "model_name": "llama2_13B",
    "num_layers": 40,
    "parameters": {
      "total_parameters_bytes": 52063457280.0,
      "parameters_per_layer_bytes": [
        655360000,
        1268817920.0,
        1268817920.0,
        1268817920.0,
        1268817920.0,
        1268817920.0,
        1268817920.0,
        1268817920.0,
        1268817920.0,
        1268817920.0,
        1268817920.0,
        1268817920.0,
        1268817920.0,
        1268817920.0,
        1268817920.0,
        1268817920.0,
        1268817920.0,
        1268817920.0,
        1268817920.0,
        1268817920.0,
        1268817920.0,
        1268817920.0,
        1268817920.0,
        1268817920.0,
        1268817920.0,
        1268817920.0,
        1268817920.0,
        1268817920.0,
        1268817920.0,
        1268817920.0,
        1268817920.0,
        1268817920.0,
        1268817920.0,
        1268817920.0,
        1268817920.0,
        1268817920.0,
        1268817920.0,
        1268817920.0,
        1268817920.0,
        1268817920.0,
        1268817920.0,
        20480,
        655360000
      ],
      "activation_parameters_bytes": [
        167772160,
        2583691264.0,
        2583691264.0,
        2583691264.0,
        2583691264.0,
        2583691264.0,
        2583691264.0,
        2583691264.0,
        2583691264.0,
        2583691264.0,
        2583691264.0,
        2583691264.0,
        2583691264.0,
        2583691264.0,
        2583691264.0,
        2583691264.0,
        2583691264.0,
        2583691264.0,
        2583691264.0,
        2583691264.0,
        2583691264.0,
        2583691264.0,
        2583691264.0,
        2583691264.0,
        2583691264.0,
        2583691264.0,
        2583691264.0,
        2583691264.0,
        2583691264.0,
        2583691264.0,
        2583691264.0,
        2583691264.0,
        2583691264.0,
        2583691264.0,
        2583691264.0,
        2583691264.0,
        2583691264.0,
        2583691264.0,
        2583691264.0,
        2583691264.0,
        2583691264.0,
        167772160,
        1048576000
      ]
    }
  },
  "execution_time": {
    "total_time_ms": 5001.962144626845,
    "forward_backward_time_ms": 4775.554255521088,
    "batch_generator_time_ms": 10.58686144805917,
    "layernorm_grads_all_reduce_time_ms": null,
    "embedding_grads_all_reduce_time_ms": null,
    "optimizer_time_ms": 203.6680256033489,
    "layer_compute_total_ms": [
      4.243605995819607,
      117.71925371165747,
      117.71925371165747,
      117.71925371165747,
      117.71925371165747,
      117.71925371165747,
      117.71925371165747,
      117.71925371165747,
      117.71925371165747,
      117.71925371165747,
      117.71925371165747,
      117.71925371165747,
      117.71925371165747,
      117.71925371165747,
      117.71925371165747,
      117.71925371165747,
      117.71925371165747,
      117.71925371165747,
      117.71925371165747,
      117.71925371165747,
      117.71925371165747,
      117.71925371165747,
      117.71925371165747,
      117.71925371165747,
      117.71925371165747,
      117.71925371165747,
      117.71925371165747,
      117.71925371165747,
      117.71925371165747,
      117.71925371165747,
      117.71925371165747,
      117.71925371165747,
      117.71925371165747,
      117.71925371165747,
      117.71925371165747,
      117.71925371165747,
      117.71925371165747,
      117.71925371165747,
      117.71925371165747,
      117.71925371165747,
      117.71925371165747,
      1.9175627537982924,
      41.10132873703592
    ]
  },
  "execution_memory": {
    "total_memory_mb": 93298.43928527832,
    "layer_memory_total_mb": [
      1093.8125038146973,
      2282.7344245910645,
      2282.7344245910645,
      2282.7344245910645,
      2282.7344245910645,
      2282.7344245910645,
      2282.7344245910645,
      2282.7344245910645,
      2282.7344245910645,
      2282.7344245910645,
      2282.7344245910645,
      2282.7344245910645,
      2282.7344245910645,
      2282.7344245910645,
      2282.7344245910645,
      2282.7344245910645,
      2282.7344245910645,
      2282.7344245910645,
      2282.7344245910645,
      2282.7344245910645,
      2282.7344245910645,
      2282.7344245910645,
      2282.7344245910645,
      2282.7344245910645,
      2282.7344245910645,
      2282.7344245910645,
      2282.7344245910645,
      2282.7344245910645,
      2282.7344245910645,
      2282.7344245910645,
      2282.7344245910645,
      2282.7344245910645,
      2282.7344245910645,
      2282.7344245910645,
      2282.7344245910645,
      2282.7344245910645,
      2282.7344245910645,
      2282.7344245910645,
      2282.7344245910645,
      2282.7344245910645,
      2282.7344245910645,
      80.08594131469727,
      785.0000038146973
    ]
  }
}