{
  "model": {
    "model_name": "llama2_13B",
    "num_layers": 40,
    "parameters": {
      "total_parameters_bytes": 52063457280.0,
      "parameters_per_layer_bytes": [
        655360000,
        1268817920.0,
        1268817920.0,
        1268817920.0,
        1268817920.0,
        1268817920.0,
        1268817920.0,
        1268817920.0,
        1268817920.0,
        1268817920.0,
        1268817920.0,
        1268817920.0,
        1268817920.0,
        1268817920.0,
        1268817920.0,
        1268817920.0,
        1268817920.0,
        1268817920.0,
        1268817920.0,
        1268817920.0,
        1268817920.0,
        1268817920.0,
        1268817920.0,
        1268817920.0,
        1268817920.0,
        1268817920.0,
        1268817920.0,
        1268817920.0,
        1268817920.0,
        1268817920.0,
        1268817920.0,
        1268817920.0,
        1268817920.0,
        1268817920.0,
        1268817920.0,
        1268817920.0,
        1268817920.0,
        1268817920.0,
        1268817920.0,
        1268817920.0,
        1268817920.0,
        20480,
        655360000
      ],
      "activation_parameters_bytes": [
        671088640,
        10334765056.0,
        10334765056.0,
        10334765056.0,
        10334765056.0,
        10334765056.0,
        10334765056.0,
        10334765056.0,
        10334765056.0,
        10334765056.0,
        10334765056.0,
        10334765056.0,
        10334765056.0,
        10334765056.0,
        10334765056.0,
        10334765056.0,
        10334765056.0,
        10334765056.0,
        10334765056.0,
        10334765056.0,
        10334765056.0,
        10334765056.0,
        10334765056.0,
        10334765056.0,
        10334765056.0,
        10334765056.0,
        10334765056.0,
        10334765056.0,
        10334765056.0,
        10334765056.0,
        10334765056.0,
        10334765056.0,
        10334765056.0,
        10334765056.0,
        10334765056.0,
        10334765056.0,
        10334765056.0,
        10334765056.0,
        10334765056.0,
        10334765056.0,
        10334765056.0,
        671088640,
        4194304000
      ]
    }
  },
  "execution_time": {
    "total_time_ms": 14304.31786450113,
    "forward_backward_time_ms": 14144.882738765418,
    "batch_generator_time_ms": 38.30778130576044,
    "layernorm_grads_all_reduce_time_ms": null,
    "embedding_grads_all_reduce_time_ms": null,
    "optimizer_time_ms": 110.08700360385801,
    "layer_compute_total_ms": [
      23.293843545597046,
      349.07961096277455,
      349.07961096277455,
      349.07961096277455,
      349.07961096277455,
      349.07961096277455,
      349.07961096277455,
      349.07961096277455,
      349.07961096277455,
      349.07961096277455,
      349.07961096277455,
      349.07961096277455,
      349.07961096277455,
      349.07961096277455,
      349.07961096277455,
      349.07961096277455,
      349.07961096277455,
      349.07961096277455,
      349.07961096277455,
      349.07961096277455,
      349.07961096277455,
      349.07961096277455,
      349.07961096277455,
      349.07961096277455,
      349.07961096277455,
      349.07961096277455,
      349.07961096277455,
      349.07961096277455,
      349.07961096277455,
      349.07961096277455,
      349.07961096277455,
      349.07961096277455,
      349.07961096277455,
      349.07961096277455,
      349.07961096277455,
      349.07961096277455,
      349.07961096277455,
      349.07961096277455,
      349.07961096277455,
      349.07961096277455,
      349.07961096277455,
      1.9967274673549869,
      82.53494487353701
    ]
  },
  "execution_memory": {
    "total_memory_mb": 140466.25178527832,
    "layer_memory_total_mb": [
      859.6250038146973,
      3390.0625495910645,
      3390.0625495910645,
      3390.0625495910645,
      3390.0625495910645,
      3390.0625495910645,
      3390.0625495910645,
      3390.0625495910645,
      3390.0625495910645,
      3390.0625495910645,
      3390.0625495910645,
      3390.0625495910645,
      3390.0625495910645,
      3390.0625495910645,
      3390.0625495910645,
      3390.0625495910645,
      3390.0625495910645,
      3390.0625495910645,
      3390.0625495910645,
      3390.0625495910645,
      3390.0625495910645,
      3390.0625495910645,
      3390.0625495910645,
      3390.0625495910645,
      3390.0625495910645,
      3390.0625495910645,
      3390.0625495910645,
      3390.0625495910645,
      3390.0625495910645,
      3390.0625495910645,
      3390.0625495910645,
      3390.0625495910645,
      3390.0625495910645,
      3390.0625495910645,
      3390.0625495910645,
      3390.0625495910645,
      3390.0625495910645,
      3390.0625495910645,
      3390.0625495910645,
      3390.0625495910645,
      3390.0625495910645,
      160.09375381469727,
      952.5000038146973
    ]
  }
}