{
  "model": {
    "model_name": "llama2_13B",
    "num_layers": 40,
    "parameters": {
      "total_parameters_bytes": 52063457280.0,
      "parameters_per_layer_bytes": [
        655360000,
        1268817920.0,
        1268817920.0,
        1268817920.0,
        1268817920.0,
        1268817920.0,
        1268817920.0,
        1268817920.0,
        1268817920.0,
        1268817920.0,
        1268817920.0,
        1268817920.0,
        1268817920.0,
        1268817920.0,
        1268817920.0,
        1268817920.0,
        1268817920.0,
        1268817920.0,
        1268817920.0,
        1268817920.0,
        1268817920.0,
        1268817920.0,
        1268817920.0,
        1268817920.0,
        1268817920.0,
        1268817920.0,
        1268817920.0,
        1268817920.0,
        1268817920.0,
        1268817920.0,
        1268817920.0,
        1268817920.0,
        1268817920.0,
        1268817920.0,
        1268817920.0,
        1268817920.0,
        1268817920.0,
        1268817920.0,
        1268817920.0,
        1268817920.0,
        1268817920.0,
        20480,
        655360000
      ],
      "activation_parameters_bytes": [
        83886080,
        1291845632.0,
        1291845632.0,
        1291845632.0,
        1291845632.0,
        1291845632.0,
        1291845632.0,
        1291845632.0,
        1291845632.0,
        1291845632.0,
        1291845632.0,
        1291845632.0,
        1291845632.0,
        1291845632.0,
        1291845632.0,
        1291845632.0,
        1291845632.0,
        1291845632.0,
        1291845632.0,
        1291845632.0,
        1291845632.0,
        1291845632.0,
        1291845632.0,
        1291845632.0,
        1291845632.0,
        1291845632.0,
        1291845632.0,
        1291845632.0,
        1291845632.0,
        1291845632.0,
        1291845632.0,
        1291845632.0,
        1291845632.0,
        1291845632.0,
        1291845632.0,
        1291845632.0,
        1291845632.0,
        1291845632.0,
        1291845632.0,
        1291845632.0,
        1291845632.0,
        83886080,
        524288000
      ]
    }
  },
  "execution_time": {
    "total_time_ms": 2642.56342914464,
    "forward_backward_time_ms": 2416.5622037538847,
    "batch_generator_time_ms": 7.68259347798205,
    "layernorm_grads_all_reduce_time_ms": null,
    "embedding_grads_all_reduce_time_ms": null,
    "optimizer_time_ms": 203.59737561097273,
    "layer_compute_total_ms": [
      2.2227910724231386,
      59.45902441057636,
      59.45902441057636,
      59.45902441057636,
      59.45902441057636,
      59.45902441057636,
      59.45902441057636,
      59.45902441057636,
      59.45902441057636,
      59.45902441057636,
      59.45902441057636,
      59.45902441057636,
      59.45902441057636,
      59.45902441057636,
      59.45902441057636,
      59.45902441057636,
      59.45902441057636,
      59.45902441057636,
      59.45902441057636,
      59.45902441057636,
      59.45902441057636,
      59.45902441057636,
      59.45902441057636,
      59.45902441057636,
      59.45902441057636,
      59.45902441057636,
      59.45902441057636,
      59.45902441057636,
      59.45902441057636,
      59.45902441057636,
      59.45902441057636,
      59.45902441057636,
      59.45902441057636,
      59.45902441057636,
      59.45902441057636,
      59.45902441057636,
      59.45902441057636,
      59.45902441057636,
      59.45902441057636,
      59.45902441057636,
      59.45902441057636,
      1.77701590683041,
      20.553816806465946
    ]
  },
  "execution_memory": {
    "total_memory_mb": 71610.53303527832,
    "layer_memory_total_mb": [
      1093.7812538146973,
      1746.5703620910645,
      1746.5703620910645,
      1746.5703620910645,
      1746.5703620910645,
      1746.5703620910645,
      1746.5703620910645,
      1746.5703620910645,
      1746.5703620910645,
      1746.5703620910645,
      1746.5703620910645,
      1746.5703620910645,
      1746.5703620910645,
      1746.5703620910645,
      1746.5703620910645,
      1746.5703620910645,
      1746.5703620910645,
      1746.5703620910645,
      1746.5703620910645,
      1746.5703620910645,
      1746.5703620910645,
      1746.5703620910645,
      1746.5703620910645,
      1746.5703620910645,
      1746.5703620910645,
      1746.5703620910645,
      1746.5703620910645,
      1746.5703620910645,
      1746.5703620910645,
      1746.5703620910645,
      1746.5703620910645,
      1746.5703620910645,
      1746.5703620910645,
      1746.5703620910645,
      1746.5703620910645,
      1746.5703620910645,
      1746.5703620910645,
      1746.5703620910645,
      1746.5703620910645,
      1746.5703620910645,
      1746.5703620910645,
      40.082035064697266,
      705.0000038146973
    ]
  }
}