{
  "model": {
    "model_name": "llama2_13B",
    "num_layers": 40,
    "parameters": {
      "total_parameters_bytes": 52063457280.0,
      "parameters_per_layer_bytes": [
        655360000,
        1268817920.0,
        1268817920.0,
        1268817920.0,
        1268817920.0,
        1268817920.0,
        1268817920.0,
        1268817920.0,
        1268817920.0,
        1268817920.0,
        1268817920.0,
        1268817920.0,
        1268817920.0,
        1268817920.0,
        1268817920.0,
        1268817920.0,
        1268817920.0,
        1268817920.0,
        1268817920.0,
        1268817920.0,
        1268817920.0,
        1268817920.0,
        1268817920.0,
        1268817920.0,
        1268817920.0,
        1268817920.0,
        1268817920.0,
        1268817920.0,
        1268817920.0,
        1268817920.0,
        1268817920.0,
        1268817920.0,
        1268817920.0,
        1268817920.0,
        1268817920.0,
        1268817920.0,
        1268817920.0,
        1268817920.0,
        1268817920.0,
        1268817920.0,
        1268817920.0,
        20480,
        655360000
      ],
      "activation_parameters_bytes": [
        167772160,
        2583691264.0,
        2583691264.0,
        2583691264.0,
        2583691264.0,
        2583691264.0,
        2583691264.0,
        2583691264.0,
        2583691264.0,
        2583691264.0,
        2583691264.0,
        2583691264.0,
        2583691264.0,
        2583691264.0,
        2583691264.0,
        2583691264.0,
        2583691264.0,
        2583691264.0,
        2583691264.0,
        2583691264.0,
        2583691264.0,
        2583691264.0,
        2583691264.0,
        2583691264.0,
        2583691264.0,
        2583691264.0,
        2583691264.0,
        2583691264.0,
        2583691264.0,
        2583691264.0,
        2583691264.0,
        2583691264.0,
        2583691264.0,
        2583691264.0,
        2583691264.0,
        2583691264.0,
        2583691264.0,
        2583691264.0,
        2583691264.0,
        2583691264.0,
        2583691264.0,
        167772160,
        1048576000
      ]
    }
  },
  "execution_time": {
    "total_time_ms": 2650.927644572676,
    "forward_backward_time_ms": 2530.9365461145385,
    "batch_generator_time_ms": 5.610798896602698,
    "layernorm_grads_all_reduce_time_ms": null,
    "embedding_grads_all_reduce_time_ms": null,
    "optimizer_time_ms": 107.93948130283808,
    "layer_compute_total_ms": [
      2.2490159105016154,
      62.38856171630983,
      62.38856171630983,
      62.38856171630983,
      62.38856171630983,
      62.38856171630983,
      62.38856171630983,
      62.38856171630983,
      62.38856171630983,
      62.38856171630983,
      62.38856171630983,
      62.38856171630983,
      62.38856171630983,
      62.38856171630983,
      62.38856171630983,
      62.38856171630983,
      62.38856171630983,
      62.38856171630983,
      62.38856171630983,
      62.38856171630983,
      62.38856171630983,
      62.38856171630983,
      62.38856171630983,
      62.38856171630983,
      62.38856171630983,
      62.38856171630983,
      62.38856171630983,
      62.38856171630983,
      62.38856171630983,
      62.38856171630983,
      62.38856171630983,
      62.38856171630983,
      62.38856171630983,
      62.38856171630983,
      62.38856171630983,
      62.38856171630983,
      62.38856171630983,
      62.38856171630983,
      62.38856171630983,
      62.38856171630983,
      62.38856171630983,
      1.0162652109847237,
      21.782781521991353
    ]
  },
  "execution_memory": {
    "total_memory_mb": 93298.43928527832,
    "layer_memory_total_mb": [
      1093.8125038146973,
      2282.7344245910645,
      2282.7344245910645,
      2282.7344245910645,
      2282.7344245910645,
      2282.7344245910645,
      2282.7344245910645,
      2282.7344245910645,
      2282.7344245910645,
      2282.7344245910645,
      2282.7344245910645,
      2282.7344245910645,
      2282.7344245910645,
      2282.7344245910645,
      2282.7344245910645,
      2282.7344245910645,
      2282.7344245910645,
      2282.7344245910645,
      2282.7344245910645,
      2282.7344245910645,
      2282.7344245910645,
      2282.7344245910645,
      2282.7344245910645,
      2282.7344245910645,
      2282.7344245910645,
      2282.7344245910645,
      2282.7344245910645,
      2282.7344245910645,
      2282.7344245910645,
      2282.7344245910645,
      2282.7344245910645,
      2282.7344245910645,
      2282.7344245910645,
      2282.7344245910645,
      2282.7344245910645,
      2282.7344245910645,
      2282.7344245910645,
      2282.7344245910645,
      2282.7344245910645,
      2282.7344245910645,
      2282.7344245910645,
      80.08594131469727,
      785.0000038146973
    ]
  }
}