{
  "model": {
    "model_name": "llama2_13B",
    "num_layers": 40,
    "parameters": {
      "total_parameters_bytes": 52063457280.0,
      "parameters_per_layer_bytes": [
        655360000,
        1268817920.0,
        1268817920.0,
        1268817920.0,
        1268817920.0,
        1268817920.0,
        1268817920.0,
        1268817920.0,
        1268817920.0,
        1268817920.0,
        1268817920.0,
        1268817920.0,
        1268817920.0,
        1268817920.0,
        1268817920.0,
        1268817920.0,
        1268817920.0,
        1268817920.0,
        1268817920.0,
        1268817920.0,
        1268817920.0,
        1268817920.0,
        1268817920.0,
        1268817920.0,
        1268817920.0,
        1268817920.0,
        1268817920.0,
        1268817920.0,
        1268817920.0,
        1268817920.0,
        1268817920.0,
        1268817920.0,
        1268817920.0,
        1268817920.0,
        1268817920.0,
        1268817920.0,
        1268817920.0,
        1268817920.0,
        1268817920.0,
        1268817920.0,
        1268817920.0,
        20480,
        655360000
      ],
      "activation_parameters_bytes": [
        335544320,
        5167382528.0,
        5167382528.0,
        5167382528.0,
        5167382528.0,
        5167382528.0,
        5167382528.0,
        5167382528.0,
        5167382528.0,
        5167382528.0,
        5167382528.0,
        5167382528.0,
        5167382528.0,
        5167382528.0,
        5167382528.0,
        5167382528.0,
        5167382528.0,
        5167382528.0,
        5167382528.0,
        5167382528.0,
        5167382528.0,
        5167382528.0,
        5167382528.0,
        5167382528.0,
        5167382528.0,
        5167382528.0,
        5167382528.0,
        5167382528.0,
        5167382528.0,
        5167382528.0,
        5167382528.0,
        5167382528.0,
        5167382528.0,
        5167382528.0,
        5167382528.0,
        5167382528.0,
        5167382528.0,
        5167382528.0,
        5167382528.0,
        5167382528.0,
        5167382528.0,
        335544320,
        2097152000
      ]
    }
  },
  "execution_time": {
    "total_time_ms": 7346.33263641285,
    "forward_backward_time_ms": 7204.431202621944,
    "batch_generator_time_ms": 21.65014195976906,
    "layernorm_grads_all_reduce_time_ms": null,
    "embedding_grads_all_reduce_time_ms": null,
    "optimizer_time_ms": 109.78939585345506,
    "layer_compute_total_ms": [
      11.954422047949473,
      177.75160124165978,
      177.75160124165978,
      177.75160124165978,
      177.75160124165978,
      177.75160124165978,
      177.75160124165978,
      177.75160124165978,
      177.75160124165978,
      177.75160124165978,
      177.75160124165978,
      177.75160124165978,
      177.75160124165978,
      177.75160124165978,
      177.75160124165978,
      177.75160124165978,
      177.75160124165978,
      177.75160124165978,
      177.75160124165978,
      177.75160124165978,
      177.75160124165978,
      177.75160124165978,
      177.75160124165978,
      177.75160124165978,
      177.75160124165978,
      177.75160124165978,
      177.75160124165978,
      177.75160124165978,
      177.75160124165978,
      177.75160124165978,
      177.75160124165978,
      177.75160124165978,
      177.75160124165978,
      177.75160124165978,
      177.75160124165978,
      177.75160124165978,
      177.75160124165978,
      177.75160124165978,
      177.75160124165978,
      177.75160124165978,
      177.75160124165978,
      1.5977907688298632,
      40.33181942007629
    ]
  },
  "execution_memory": {
    "total_memory_mb": 82456.43928527832,
    "layer_memory_total_mb": [
      859.5000038146973,
      1997.7344245910645,
      1997.7344245910645,
      1997.7344245910645,
      1997.7344245910645,
      1997.7344245910645,
      1997.7344245910645,
      1997.7344245910645,
      1997.7344245910645,
      1997.7344245910645,
      1997.7344245910645,
      1997.7344245910645,
      1997.7344245910645,
      1997.7344245910645,
      1997.7344245910645,
      1997.7344245910645,
      1997.7344245910645,
      1997.7344245910645,
      1997.7344245910645,
      1997.7344245910645,
      1997.7344245910645,
      1997.7344245910645,
      1997.7344245910645,
      1997.7344245910645,
      1997.7344245910645,
      1997.7344245910645,
      1997.7344245910645,
      1997.7344245910645,
      1997.7344245910645,
      1997.7344245910645,
      1997.7344245910645,
      1997.7344245910645,
      1997.7344245910645,
      1997.7344245910645,
      1997.7344245910645,
      1997.7344245910645,
      1997.7344245910645,
      1997.7344245910645,
      1997.7344245910645,
      1997.7344245910645,
      1997.7344245910645,
      80.08594131469727,
      632.5000038146973
    ]
  }
}