{
  "model": {
    "model_name": "llama2_13B",
    "num_layers": 40,
    "parameters": {
      "total_parameters_bytes": 52063457280.0,
      "parameters_per_layer_bytes": [
        655360000,
        1268817920.0,
        1268817920.0,
        1268817920.0,
        1268817920.0,
        1268817920.0,
        1268817920.0,
        1268817920.0,
        1268817920.0,
        1268817920.0,
        1268817920.0,
        1268817920.0,
        1268817920.0,
        1268817920.0,
        1268817920.0,
        1268817920.0,
        1268817920.0,
        1268817920.0,
        1268817920.0,
        1268817920.0,
        1268817920.0,
        1268817920.0,
        1268817920.0,
        1268817920.0,
        1268817920.0,
        1268817920.0,
        1268817920.0,
        1268817920.0,
        1268817920.0,
        1268817920.0,
        1268817920.0,
        1268817920.0,
        1268817920.0,
        1268817920.0,
        1268817920.0,
        1268817920.0,
        1268817920.0,
        1268817920.0,
        1268817920.0,
        1268817920.0,
        1268817920.0,
        20480,
        655360000
      ],
      "activation_parameters_bytes": [
        335544320,
        5167382528.0,
        5167382528.0,
        5167382528.0,
        5167382528.0,
        5167382528.0,
        5167382528.0,
        5167382528.0,
        5167382528.0,
        5167382528.0,
        5167382528.0,
        5167382528.0,
        5167382528.0,
        5167382528.0,
        5167382528.0,
        5167382528.0,
        5167382528.0,
        5167382528.0,
        5167382528.0,
        5167382528.0,
        5167382528.0,
        5167382528.0,
        5167382528.0,
        5167382528.0,
        5167382528.0,
        5167382528.0,
        5167382528.0,
        5167382528.0,
        5167382528.0,
        5167382528.0,
        5167382528.0,
        5167382528.0,
        5167382528.0,
        5167382528.0,
        5167382528.0,
        5167382528.0,
        5167382528.0,
        5167382528.0,
        5167382528.0,
        5167382528.0,
        5167382528.0,
        335544320,
        2097152000
      ]
    }
  },
  "execution_time": {
    "total_time_ms": 21168.65142997657,
    "forward_backward_time_ms": 20659.28799765451,
    "batch_generator_time_ms": 42.217799595424104,
    "layernorm_grads_all_reduce_time_ms": null,
    "embedding_grads_all_reduce_time_ms": null,
    "optimizer_time_ms": 441.9939372026954,
    "layer_compute_total_ms": [
      18.018245697021484,
      509.7169365201678,
      509.7169365201678,
      509.7169365201678,
      509.7169365201678,
      509.7169365201678,
      509.7169365201678,
      509.7169365201678,
      509.7169365201678,
      509.7169365201678,
      509.7169365201678,
      509.7169365201678,
      509.7169365201678,
      509.7169365201678,
      509.7169365201678,
      509.7169365201678,
      509.7169365201678,
      509.7169365201678,
      509.7169365201678,
      509.7169365201678,
      509.7169365201678,
      509.7169365201678,
      509.7169365201678,
      509.7169365201678,
      509.7169365201678,
      509.7169365201678,
      509.7169365201678,
      509.7169365201678,
      509.7169365201678,
      509.7169365201678,
      509.7169365201678,
      509.7169365201678,
      509.7169365201678,
      509.7169365201678,
      509.7169365201678,
      509.7169365201678,
      509.7169365201678,
      509.7169365201678,
      509.7169365201678,
      509.7169365201678,
      509.7169365201678,
      4.725047520228794,
      179.35664313180104
    ]
  },
  "execution_memory": {
    "total_memory_mb": 552145.0071411133,
    "layer_memory_total_mb": [
      4375.500015258789,
      13420.250198364258,
      13420.250198364258,
      13420.250198364258,
      13420.250198364258,
      13420.250198364258,
      13420.250198364258,
      13420.250198364258,
      13420.250198364258,
      13420.250198364258,
      13420.250198364258,
      13420.250198364258,
      13420.250198364258,
      13420.250198364258,
      13420.250198364258,
      13420.250198364258,
      13420.250198364258,
      13420.250198364258,
      13420.250198364258,
      13420.250198364258,
      13420.250198364258,
      13420.250198364258,
      13420.250198364258,
      13420.250198364258,
      13420.250198364258,
      13420.250198364258,
      13420.250198364258,
      13420.250198364258,
      13420.250198364258,
      13420.250198364258,
      13420.250198364258,
      13420.250198364258,
      13420.250198364258,
      13420.250198364258,
      13420.250198364258,
      13420.250198364258,
      13420.250198364258,
      13420.250198364258,
      13420.250198364258,
      13420.250198364258,
      13420.250198364258,
      640.3750152587891,
      3780.000015258789
    ]
  }
}