{
  "model": {
    "model_name": "llama2_13B",
    "num_layers": 40,
    "parameters": {
      "total_parameters_bytes": 52063457280.0,
      "parameters_per_layer_bytes": [
        655360000,
        1268817920.0,
        1268817920.0,
        1268817920.0,
        1268817920.0,
        1268817920.0,
        1268817920.0,
        1268817920.0,
        1268817920.0,
        1268817920.0,
        1268817920.0,
        1268817920.0,
        1268817920.0,
        1268817920.0,
        1268817920.0,
        1268817920.0,
        1268817920.0,
        1268817920.0,
        1268817920.0,
        1268817920.0,
        1268817920.0,
        1268817920.0,
        1268817920.0,
        1268817920.0,
        1268817920.0,
        1268817920.0,
        1268817920.0,
        1268817920.0,
        1268817920.0,
        1268817920.0,
        1268817920.0,
        1268817920.0,
        1268817920.0,
        1268817920.0,
        1268817920.0,
        1268817920.0,
        1268817920.0,
        1268817920.0,
        1268817920.0,
        1268817920.0,
        1268817920.0,
        20480,
        655360000
      ],
      "activation_parameters_bytes": [
        335544320,
        5167382528.0,
        5167382528.0,
        5167382528.0,
        5167382528.0,
        5167382528.0,
        5167382528.0,
        5167382528.0,
        5167382528.0,
        5167382528.0,
        5167382528.0,
        5167382528.0,
        5167382528.0,
        5167382528.0,
        5167382528.0,
        5167382528.0,
        5167382528.0,
        5167382528.0,
        5167382528.0,
        5167382528.0,
        5167382528.0,
        5167382528.0,
        5167382528.0,
        5167382528.0,
        5167382528.0,
        5167382528.0,
        5167382528.0,
        5167382528.0,
        5167382528.0,
        5167382528.0,
        5167382528.0,
        5167382528.0,
        5167382528.0,
        5167382528.0,
        5167382528.0,
        5167382528.0,
        5167382528.0,
        5167382528.0,
        5167382528.0,
        5167382528.0,
        5167382528.0,
        335544320,
        2097152000
      ]
    }
  },
  "execution_time": {
    "total_time_ms": 36363.51419653447,
    "forward_backward_time_ms": 35427.537373134066,
    "batch_generator_time_ms": 44.04047557285854,
    "layernorm_grads_all_reduce_time_ms": null,
    "embedding_grads_all_reduce_time_ms": null,
    "optimizer_time_ms": 861.5436329183901,
    "layer_compute_total_ms": [
      13.149874550955635,
      874.5087129729135,
      874.5087129729135,
      874.5087129729135,
      874.5087129729135,
      874.5087129729135,
      874.5087129729135,
      874.5087129729135,
      874.5087129729135,
      874.5087129729135,
      874.5087129729135,
      874.5087129729135,
      874.5087129729135,
      874.5087129729135,
      874.5087129729135,
      874.5087129729135,
      874.5087129729135,
      874.5087129729135,
      874.5087129729135,
      874.5087129729135,
      874.5087129729135,
      874.5087129729135,
      874.5087129729135,
      874.5087129729135,
      874.5087129729135,
      874.5087129729135,
      874.5087129729135,
      874.5087129729135,
      874.5087129729135,
      874.5087129729135,
      874.5087129729135,
      874.5087129729135,
      874.5087129729135,
      874.5087129729135,
      874.5087129729135,
      874.5087129729135,
      874.5087129729135,
      874.5087129729135,
      874.5087129729135,
      874.5087129729135,
      874.5087129729135,
      7.754257747105189,
      358.3800792694092
    ]
  },
  "execution_memory": {
    "total_memory_mb": 499467.75357055664,
    "layer_memory_total_mb": [
      3125.2500076293945,
      12139.437599182129,
      12139.437599182129,
      12139.437599182129,
      12139.437599182129,
      12139.437599182129,
      12139.437599182129,
      12139.437599182129,
      12139.437599182129,
      12139.437599182129,
      12139.437599182129,
      12139.437599182129,
      12139.437599182129,
      12139.437599182129,
      12139.437599182129,
      12139.437599182129,
      12139.437599182129,
      12139.437599182129,
      12139.437599182129,
      12139.437599182129,
      12139.437599182129,
      12139.437599182129,
      12139.437599182129,
      12139.437599182129,
      12139.437599182129,
      12139.437599182129,
      12139.437599182129,
      12139.437599182129,
      12139.437599182129,
      12139.437599182129,
      12139.437599182129,
      12139.437599182129,
      12139.437599182129,
      12139.437599182129,
      12139.437599182129,
      12139.437599182129,
      12139.437599182129,
      12139.437599182129,
      12139.437599182129,
      12139.437599182129,
      12139.437599182129,
      640.2187576293945,
      3140.0000076293945
    ]
  }
}