{
  "model": {
    "model_name": "llama2_13B",
    "num_layers": 40,
    "parameters": {
      "total_parameters_bytes": 52063457280.0,
      "parameters_per_layer_bytes": [
        655360000,
        1268817920.0,
        1268817920.0,
        1268817920.0,
        1268817920.0,
        1268817920.0,
        1268817920.0,
        1268817920.0,
        1268817920.0,
        1268817920.0,
        1268817920.0,
        1268817920.0,
        1268817920.0,
        1268817920.0,
        1268817920.0,
        1268817920.0,
        1268817920.0,
        1268817920.0,
        1268817920.0,
        1268817920.0,
        1268817920.0,
        1268817920.0,
        1268817920.0,
        1268817920.0,
        1268817920.0,
        1268817920.0,
        1268817920.0,
        1268817920.0,
        1268817920.0,
        1268817920.0,
        1268817920.0,
        1268817920.0,
        1268817920.0,
        1268817920.0,
        1268817920.0,
        1268817920.0,
        1268817920.0,
        1268817920.0,
        1268817920.0,
        1268817920.0,
        1268817920.0,
        20480,
        655360000
      ],
      "activation_parameters_bytes": [
        335544320,
        5167382528.0,
        5167382528.0,
        5167382528.0,
        5167382528.0,
        5167382528.0,
        5167382528.0,
        5167382528.0,
        5167382528.0,
        5167382528.0,
        5167382528.0,
        5167382528.0,
        5167382528.0,
        5167382528.0,
        5167382528.0,
        5167382528.0,
        5167382528.0,
        5167382528.0,
        5167382528.0,
        5167382528.0,
        5167382528.0,
        5167382528.0,
        5167382528.0,
        5167382528.0,
        5167382528.0,
        5167382528.0,
        5167382528.0,
        5167382528.0,
        5167382528.0,
        5167382528.0,
        5167382528.0,
        5167382528.0,
        5167382528.0,
        5167382528.0,
        5167382528.0,
        5167382528.0,
        5167382528.0,
        5167382528.0,
        5167382528.0,
        5167382528.0,
        5167382528.0,
        335544320,
        2097152000
      ]
    }
  },
  "execution_time": {
    "total_time_ms": 5178.938808169004,
    "forward_backward_time_ms": 5054.322365036528,
    "batch_generator_time_ms": 10.32864098327144,
    "layernorm_grads_all_reduce_time_ms": null,
    "embedding_grads_all_reduce_time_ms": null,
    "optimizer_time_ms": 108.13440629066027,
    "layer_compute_total_ms": [
      4.40818784342995,
      124.702928406065,
      124.702928406065,
      124.702928406065,
      124.702928406065,
      124.702928406065,
      124.702928406065,
      124.702928406065,
      124.702928406065,
      124.702928406065,
      124.702928406065,
      124.702928406065,
      124.702928406065,
      124.702928406065,
      124.702928406065,
      124.702928406065,
      124.702928406065,
      124.702928406065,
      124.702928406065,
      124.702928406065,
      124.702928406065,
      124.702928406065,
      124.702928406065,
      124.702928406065,
      124.702928406065,
      124.702928406065,
      124.702928406065,
      124.702928406065,
      124.702928406065,
      124.702928406065,
      124.702928406065,
      124.702928406065,
      124.702928406065,
      124.702928406065,
      124.702928406065,
      124.702928406065,
      124.702928406065,
      124.702928406065,
      124.702928406065,
      124.702928406065,
      124.702928406065,
      1.1559891783329679,
      43.87984197721901
    ]
  },
  "execution_memory": {
    "total_memory_mb": 138036.25178527832,
    "layer_memory_total_mb": [
      1093.8750038146973,
      3355.0625495910645,
      3355.0625495910645,
      3355.0625495910645,
      3355.0625495910645,
      3355.0625495910645,
      3355.0625495910645,
      3355.0625495910645,
      3355.0625495910645,
      3355.0625495910645,
      3355.0625495910645,
      3355.0625495910645,
      3355.0625495910645,
      3355.0625495910645,
      3355.0625495910645,
      3355.0625495910645,
      3355.0625495910645,
      3355.0625495910645,
      3355.0625495910645,
      3355.0625495910645,
      3355.0625495910645,
      3355.0625495910645,
      3355.0625495910645,
      3355.0625495910645,
      3355.0625495910645,
      3355.0625495910645,
      3355.0625495910645,
      3355.0625495910645,
      3355.0625495910645,
      3355.0625495910645,
      3355.0625495910645,
      3355.0625495910645,
      3355.0625495910645,
      3355.0625495910645,
      3355.0625495910645,
      3355.0625495910645,
      3355.0625495910645,
      3355.0625495910645,
      3355.0625495910645,
      3355.0625495910645,
      3355.0625495910645,
      160.09375381469727,
      945.0000038146973
    ]
  }
}