{
  "model": {
    "model_name": "llama2_13B",
    "num_layers": 40,
    "parameters": {
      "total_parameters_bytes": 52063457280.0,
      "parameters_per_layer_bytes": [
        655360000,
        1268817920.0,
        1268817920.0,
        1268817920.0,
        1268817920.0,
        1268817920.0,
        1268817920.0,
        1268817920.0,
        1268817920.0,
        1268817920.0,
        1268817920.0,
        1268817920.0,
        1268817920.0,
        1268817920.0,
        1268817920.0,
        1268817920.0,
        1268817920.0,
        1268817920.0,
        1268817920.0,
        1268817920.0,
        1268817920.0,
        1268817920.0,
        1268817920.0,
        1268817920.0,
        1268817920.0,
        1268817920.0,
        1268817920.0,
        1268817920.0,
        1268817920.0,
        1268817920.0,
        1268817920.0,
        1268817920.0,
        1268817920.0,
        1268817920.0,
        1268817920.0,
        1268817920.0,
        1268817920.0,
        1268817920.0,
        1268817920.0,
        1268817920.0,
        1268817920.0,
        20480,
        655360000
      ],
      "activation_parameters_bytes": [
        671088640,
        10334765056.0,
        10334765056.0,
        10334765056.0,
        10334765056.0,
        10334765056.0,
        10334765056.0,
        10334765056.0,
        10334765056.0,
        10334765056.0,
        10334765056.0,
        10334765056.0,
        10334765056.0,
        10334765056.0,
        10334765056.0,
        10334765056.0,
        10334765056.0,
        10334765056.0,
        10334765056.0,
        10334765056.0,
        10334765056.0,
        10334765056.0,
        10334765056.0,
        10334765056.0,
        10334765056.0,
        10334765056.0,
        10334765056.0,
        10334765056.0,
        10334765056.0,
        10334765056.0,
        10334765056.0,
        10334765056.0,
        10334765056.0,
        10334765056.0,
        10334765056.0,
        10334765056.0,
        10334765056.0,
        10334765056.0,
        10334765056.0,
        10334765056.0,
        10334765056.0,
        671088640,
        4194304000
      ]
    }
  },
  "execution_time": {
    "total_time_ms": 30986.822031815995,
    "forward_backward_time_ms": 30641.444649015153,
    "batch_generator_time_ms": 82.98448153904506,
    "layernorm_grads_all_reduce_time_ms": null,
    "embedding_grads_all_reduce_time_ms": null,
    "optimizer_time_ms": 238.47669081475652,
    "layer_compute_total_ms": [
      50.46044077192034,
      756.1959879738944,
      756.1959879738944,
      756.1959879738944,
      756.1959879738944,
      756.1959879738944,
      756.1959879738944,
      756.1959879738944,
      756.1959879738944,
      756.1959879738944,
      756.1959879738944,
      756.1959879738944,
      756.1959879738944,
      756.1959879738944,
      756.1959879738944,
      756.1959879738944,
      756.1959879738944,
      756.1959879738944,
      756.1959879738944,
      756.1959879738944,
      756.1959879738944,
      756.1959879738944,
      756.1959879738944,
      756.1959879738944,
      756.1959879738944,
      756.1959879738944,
      756.1959879738944,
      756.1959879738944,
      756.1959879738944,
      756.1959879738944,
      756.1959879738944,
      756.1959879738944,
      756.1959879738944,
      756.1959879738944,
      756.1959879738944,
      756.1959879738944,
      756.1959879738944,
      756.1959879738944,
      756.1959879738944,
      756.1959879738944,
      756.1959879738944,
      4.325423921857562,
      178.79186357770647
    ]
  },
  "execution_memory": {
    "total_memory_mb": 1123730.0142822266,
    "layer_memory_total_mb": [
      6877.000030517578,
      27120.500396728516,
      27120.500396728516,
      27120.500396728516,
      27120.500396728516,
      27120.500396728516,
      27120.500396728516,
      27120.500396728516,
      27120.500396728516,
      27120.500396728516,
      27120.500396728516,
      27120.500396728516,
      27120.500396728516,
      27120.500396728516,
      27120.500396728516,
      27120.500396728516,
      27120.500396728516,
      27120.500396728516,
      27120.500396728516,
      27120.500396728516,
      27120.500396728516,
      27120.500396728516,
      27120.500396728516,
      27120.500396728516,
      27120.500396728516,
      27120.500396728516,
      27120.500396728516,
      27120.500396728516,
      27120.500396728516,
      27120.500396728516,
      27120.500396728516,
      27120.500396728516,
      27120.500396728516,
      27120.500396728516,
      27120.500396728516,
      27120.500396728516,
      27120.500396728516,
      27120.500396728516,
      27120.500396728516,
      27120.500396728516,
      27120.500396728516,
      1280.7500305175781,
      7620.000030517578
    ]
  }
}