{
  "model": {
    "model_name": "llama2_13B",
    "num_layers": 40,
    "parameters": {
      "total_parameters_bytes": 52063457280.0,
      "parameters_per_layer_bytes": [
        655360000,
        1268817920.0,
        1268817920.0,
        1268817920.0,
        1268817920.0,
        1268817920.0,
        1268817920.0,
        1268817920.0,
        1268817920.0,
        1268817920.0,
        1268817920.0,
        1268817920.0,
        1268817920.0,
        1268817920.0,
        1268817920.0,
        1268817920.0,
        1268817920.0,
        1268817920.0,
        1268817920.0,
        1268817920.0,
        1268817920.0,
        1268817920.0,
        1268817920.0,
        1268817920.0,
        1268817920.0,
        1268817920.0,
        1268817920.0,
        1268817920.0,
        1268817920.0,
        1268817920.0,
        1268817920.0,
        1268817920.0,
        1268817920.0,
        1268817920.0,
        1268817920.0,
        1268817920.0,
        1268817920.0,
        1268817920.0,
        1268817920.0,
        1268817920.0,
        1268817920.0,
        20480,
        655360000
      ],
      "activation_parameters_bytes": [
        671088640,
        10334765056.0,
        10334765056.0,
        10334765056.0,
        10334765056.0,
        10334765056.0,
        10334765056.0,
        10334765056.0,
        10334765056.0,
        10334765056.0,
        10334765056.0,
        10334765056.0,
        10334765056.0,
        10334765056.0,
        10334765056.0,
        10334765056.0,
        10334765056.0,
        10334765056.0,
        10334765056.0,
        10334765056.0,
        10334765056.0,
        10334765056.0,
        10334765056.0,
        10334765056.0,
        10334765056.0,
        10334765056.0,
        10334765056.0,
        10334765056.0,
        10334765056.0,
        10334765056.0,
        10334765056.0,
        10334765056.0,
        10334765056.0,
        10334765056.0,
        10334765056.0,
        10334765056.0,
        10334765056.0,
        10334765056.0,
        10334765056.0,
        10334765056.0,
        10334765056.0,
        671088640,
        4194304000
      ]
    }
  },
  "execution_time": {
    "total_time_ms": 19590.06490050406,
    "forward_backward_time_ms": 19335.013527079693,
    "batch_generator_time_ms": 39.12455360761608,
    "layernorm_grads_all_reduce_time_ms": null,
    "embedding_grads_all_reduce_time_ms": null,
    "optimizer_time_ms": 204.12461099460873,
    "layer_compute_total_ms": [
      14.600441672412154,
      477.29075205054704,
      477.29075205054704,
      477.29075205054704,
      477.29075205054704,
      477.29075205054704,
      477.29075205054704,
      477.29075205054704,
      477.29075205054704,
      477.29075205054704,
      477.29075205054704,
      477.29075205054704,
      477.29075205054704,
      477.29075205054704,
      477.29075205054704,
      477.29075205054704,
      477.29075205054704,
      477.29075205054704,
      477.29075205054704,
      477.29075205054704,
      477.29075205054704,
      477.29075205054704,
      477.29075205054704,
      477.29075205054704,
      477.29075205054704,
      477.29075205054704,
      477.29075205054704,
      477.29075205054704,
      477.29075205054704,
      477.29075205054704,
      477.29075205054704,
      477.29075205054704,
      477.29075205054704,
      477.29075205054704,
      477.29075205054704,
      477.29075205054704,
      477.29075205054704,
      477.29075205054704,
      477.29075205054704,
      477.29075205054704,
      477.29075205054704,
      3.545557179975208,
      168.09860433240465
    ]
  },
  "execution_memory": {
    "total_memory_mb": 228181.87678527832,
    "layer_memory_total_mb": [
      1094.0000038146973,
      5499.718799591064,
      5499.718799591064,
      5499.718799591064,
      5499.718799591064,
      5499.718799591064,
      5499.718799591064,
      5499.718799591064,
      5499.718799591064,
      5499.718799591064,
      5499.718799591064,
      5499.718799591064,
      5499.718799591064,
      5499.718799591064,
      5499.718799591064,
      5499.718799591064,
      5499.718799591064,
      5499.718799591064,
      5499.718799591064,
      5499.718799591064,
      5499.718799591064,
      5499.718799591064,
      5499.718799591064,
      5499.718799591064,
      5499.718799591064,
      5499.718799591064,
      5499.718799591064,
      5499.718799591064,
      5499.718799591064,
      5499.718799591064,
      5499.718799591064,
      5499.718799591064,
      5499.718799591064,
      5499.718799591064,
      5499.718799591064,
      5499.718799591064,
      5499.718799591064,
      5499.718799591064,
      5499.718799591064,
      5499.718799591064,
      5499.718799591064,
      320.10937881469727,
      1265.0000038146973
    ]
  }
}