{
  "model": {
    "model_name": "llama2_7B",
    "num_layers": 32,
    "parameters": {
      "total_parameters_bytes": 26953662464.0,
      "parameters_per_layer_bytes": [
        524288000,
        809533440.0,
        809533440.0,
        809533440.0,
        809533440.0,
        809533440.0,
        809533440.0,
        809533440.0,
        809533440.0,
        809533440.0,
        809533440.0,
        809533440.0,
        809533440.0,
        809533440.0,
        809533440.0,
        809533440.0,
        809533440.0,
        809533440.0,
        809533440.0,
        809533440.0,
        809533440.0,
        809533440.0,
        809533440.0,
        809533440.0,
        809533440.0,
        809533440.0,
        809533440.0,
        809533440.0,
        809533440.0,
        809533440.0,
        809533440.0,
        809533440.0,
        809533440.0,
        16384,
        524288000
      ],
      "activation_parameters_bytes": [
        33554432,
        515899392.0,
        515899392.0,
        515899392.0,
        515899392.0,
        515899392.0,
        515899392.0,
        515899392.0,
        515899392.0,
        515899392.0,
        515899392.0,
        515899392.0,
        515899392.0,
        515899392.0,
        515899392.0,
        515899392.0,
        515899392.0,
        515899392.0,
        515899392.0,
        515899392.0,
        515899392.0,
        515899392.0,
        515899392.0,
        515899392.0,
        515899392.0,
        515899392.0,
        515899392.0,
        515899392.0,
        515899392.0,
        515899392.0,
        515899392.0,
        515899392.0,
        515899392.0,
        33554432,
        262144000
      ]
    }
  },
  "execution_time": {
    "total_time_ms": 1370.4487385709206,
    "forward_backward_time_ms": 1208.9502470833916,
    "batch_generator_time_ms": 6.281205586024693,
    "layernorm_grads_all_reduce_time_ms": null,
    "embedding_grads_all_reduce_time_ms": null,
    "optimizer_time_ms": 130.0257744748511,
    "layer_compute_total_ms": [
      6.375483104160853,
      36.47049835750035,
      36.47049835750035,
      36.47049835750035,
      36.47049835750035,
      36.47049835750035,
      36.47049835750035,
      36.47049835750035,
      36.47049835750035,
      36.47049835750035,
      36.47049835750035,
      36.47049835750035,
      36.47049835750035,
      36.47049835750035,
      36.47049835750035,
      36.47049835750035,
      36.47049835750035,
      36.47049835750035,
      36.47049835750035,
      36.47049835750035,
      36.47049835750035,
      36.47049835750035,
      36.47049835750035,
      36.47049835750035,
      36.47049835750035,
      36.47049835750035,
      36.47049835750035,
      36.47049835750035,
      36.47049835750035,
      36.47049835750035,
      36.47049835750035,
      36.47049835750035,
      36.47049835750035,
      3.012350627354213,
      9.197780064174108
    ]
  },
  "execution_memory": {
    "total_memory_mb": 143787.44860839844,
    "layer_memory_total_mb": [
      5500.125030517578,
      4203.266021728516,
      4203.266021728516,
      4203.266021728516,
      4203.266021728516,
      4203.266021728516,
      4203.266021728516,
      4203.266021728516,
      4203.266021728516,
      4203.266021728516,
      4203.266021728516,
      4203.266021728516,
      4203.266021728516,
      4203.266021728516,
      4203.266021728516,
      4203.266021728516,
      4203.266021728516,
      4203.266021728516,
      4203.266021728516,
      4203.266021728516,
      4203.266021728516,
      4203.266021728516,
      4203.266021728516,
      4203.266021728516,
      4203.266021728516,
      4203.266021728516,
      4203.266021728516,
      4203.266021728516,
      4203.266021728516,
      4203.266021728516,
      4203.266021728516,
      4203.266021728516,
      4203.266021728516,
      64.50784301757812,
      2256.000030517578
    ]
  }
}