{
  "model": {
    "model_name": "llama2_7B",
    "num_layers": 32,
    "parameters": {
      "total_parameters_bytes": 26953662464.0,
      "parameters_per_layer_bytes": [
        524288000,
        809533440.0,
        809533440.0,
        809533440.0,
        809533440.0,
        809533440.0,
        809533440.0,
        809533440.0,
        809533440.0,
        809533440.0,
        809533440.0,
        809533440.0,
        809533440.0,
        809533440.0,
        809533440.0,
        809533440.0,
        809533440.0,
        809533440.0,
        809533440.0,
        809533440.0,
        809533440.0,
        809533440.0,
        809533440.0,
        809533440.0,
        809533440.0,
        809533440.0,
        809533440.0,
        809533440.0,
        809533440.0,
        809533440.0,
        809533440.0,
        809533440.0,
        809533440.0,
        16384,
        524288000
      ],
      "activation_parameters_bytes": [
        268435456,
        4127195136.0,
        4127195136.0,
        4127195136.0,
        4127195136.0,
        4127195136.0,
        4127195136.0,
        4127195136.0,
        4127195136.0,
        4127195136.0,
        4127195136.0,
        4127195136.0,
        4127195136.0,
        4127195136.0,
        4127195136.0,
        4127195136.0,
        4127195136.0,
        4127195136.0,
        4127195136.0,
        4127195136.0,
        4127195136.0,
        4127195136.0,
        4127195136.0,
        4127195136.0,
        4127195136.0,
        4127195136.0,
        4127195136.0,
        4127195136.0,
        4127195136.0,
        4127195136.0,
        4127195136.0,
        4127195136.0,
        4127195136.0,
        268435456,
        2097152000
      ]
    }
  },
  "execution_time": {
    "total_time_ms": 20036.068167190577,
    "forward_backward_time_ms": 19506.088767732894,
    "batch_generator_time_ms": 42.666503361293245,
    "layernorm_grads_all_reduce_time_ms": null,
    "embedding_grads_all_reduce_time_ms": null,
    "optimizer_time_ms": 462.4952931213621,
    "layer_compute_total_ms": [
      10.753256934029716,
      598.2457654816764,
      598.2457654816764,
      598.2457654816764,
      598.2457654816764,
      598.2457654816764,
      598.2457654816764,
      598.2457654816764,
      598.2457654816764,
      598.2457654816764,
      598.2457654816764,
      598.2457654816764,
      598.2457654816764,
      598.2457654816764,
      598.2457654816764,
      598.2457654816764,
      598.2457654816764,
      598.2457654816764,
      598.2457654816764,
      598.2457654816764,
      598.2457654816764,
      598.2457654816764,
      598.2457654816764,
      598.2457654816764,
      598.2457654816764,
      598.2457654816764,
      598.2457654816764,
      598.2457654816764,
      598.2457654816764,
      598.2457654816764,
      598.2457654816764,
      598.2457654816764,
      598.2457654816764,
      6.257397787911552,
      285.71888378688266
    ]
  },
  "execution_memory": {
    "total_memory_mb": 300412.5027770996,
    "layer_memory_total_mb": [
      2500.2500076293945,
      8914.875099182129,
      8914.875099182129,
      8914.875099182129,
      8914.875099182129,
      8914.875099182129,
      8914.875099182129,
      8914.875099182129,
      8914.875099182129,
      8914.875099182129,
      8914.875099182129,
      8914.875099182129,
      8914.875099182129,
      8914.875099182129,
      8914.875099182129,
      8914.875099182129,
      8914.875099182129,
      8914.875099182129,
      8914.875099182129,
      8914.875099182129,
      8914.875099182129,
      8914.875099182129,
      8914.875099182129,
      8914.875099182129,
      8914.875099182129,
      8914.875099182129,
      8914.875099182129,
      8914.875099182129,
      8914.875099182129,
      8914.875099182129,
      8914.875099182129,
      8914.875099182129,
      8914.875099182129,
      512.1875076293945,
      2512.0000076293945
    ]
  }
}