{
  "model": {
    "model_name": "llama2_7B",
    "num_layers": 32,
    "parameters": {
      "total_parameters_bytes": 26953662464.0,
      "parameters_per_layer_bytes": [
        524288000,
        809533440.0,
        809533440.0,
        809533440.0,
        809533440.0,
        809533440.0,
        809533440.0,
        809533440.0,
        809533440.0,
        809533440.0,
        809533440.0,
        809533440.0,
        809533440.0,
        809533440.0,
        809533440.0,
        809533440.0,
        809533440.0,
        809533440.0,
        809533440.0,
        809533440.0,
        809533440.0,
        809533440.0,
        809533440.0,
        809533440.0,
        809533440.0,
        809533440.0,
        809533440.0,
        809533440.0,
        809533440.0,
        809533440.0,
        809533440.0,
        809533440.0,
        809533440.0,
        16384,
        524288000
      ],
      "activation_parameters_bytes": [
        33554432,
        515899392.0,
        515899392.0,
        515899392.0,
        515899392.0,
        515899392.0,
        515899392.0,
        515899392.0,
        515899392.0,
        515899392.0,
        515899392.0,
        515899392.0,
        515899392.0,
        515899392.0,
        515899392.0,
        515899392.0,
        515899392.0,
        515899392.0,
        515899392.0,
        515899392.0,
        515899392.0,
        515899392.0,
        515899392.0,
        515899392.0,
        515899392.0,
        515899392.0,
        515899392.0,
        515899392.0,
        515899392.0,
        515899392.0,
        515899392.0,
        515899392.0,
        515899392.0,
        33554432,
        262144000
      ]
    }
  },
  "execution_time": {
    "total_time_ms": 335.2821118656898,
    "forward_backward_time_ms": 295.77129050835396,
    "batch_generator_time_ms": 1.5367053248128058,
    "layernorm_grads_all_reduce_time_ms": null,
    "embedding_grads_all_reduce_time_ms": null,
    "optimizer_time_ms": 31.81097916027154,
    "layer_compute_total_ms": [
      1.559770445376972,
      8.922556069370334,
      8.922556069370334,
      8.922556069370334,
      8.922556069370334,
      8.922556069370334,
      8.922556069370334,
      8.922556069370334,
      8.922556069370334,
      8.922556069370334,
      8.922556069370334,
      8.922556069370334,
      8.922556069370334,
      8.922556069370334,
      8.922556069370334,
      8.922556069370334,
      8.922556069370334,
      8.922556069370334,
      8.922556069370334,
      8.922556069370334,
      8.922556069370334,
      8.922556069370334,
      8.922556069370334,
      8.922556069370334,
      8.922556069370334,
      8.922556069370334,
      8.922556069370334,
      8.922556069370334,
      8.922556069370334,
      8.922556069370334,
      8.922556069370334,
      8.922556069370334,
      8.922556069370334,
      0.7369755990088712,
      2.250249161167618
    ]
  },
  "execution_memory": {
    "total_memory_mb": 17973.431076049805,
    "layer_memory_total_mb": [
      687.5156288146973,
      525.4082527160645,
      525.4082527160645,
      525.4082527160645,
      525.4082527160645,
      525.4082527160645,
      525.4082527160645,
      525.4082527160645,
      525.4082527160645,
      525.4082527160645,
      525.4082527160645,
      525.4082527160645,
      525.4082527160645,
      525.4082527160645,
      525.4082527160645,
      525.4082527160645,
      525.4082527160645,
      525.4082527160645,
      525.4082527160645,
      525.4082527160645,
      525.4082527160645,
      525.4082527160645,
      525.4082527160645,
      525.4082527160645,
      525.4082527160645,
      525.4082527160645,
      525.4082527160645,
      525.4082527160645,
      525.4082527160645,
      525.4082527160645,
      525.4082527160645,
      525.4082527160645,
      525.4082527160645,
      8.063480377197266,
      282.00000381469727
    ]
  }
}