{
  "model": {
    "model_name": "llama2_7B",
    "num_layers": 32,
    "parameters": {
      "total_parameters_bytes": 26953662464.0,
      "parameters_per_layer_bytes": [
        524288000,
        809533440.0,
        809533440.0,
        809533440.0,
        809533440.0,
        809533440.0,
        809533440.0,
        809533440.0,
        809533440.0,
        809533440.0,
        809533440.0,
        809533440.0,
        809533440.0,
        809533440.0,
        809533440.0,
        809533440.0,
        809533440.0,
        809533440.0,
        809533440.0,
        809533440.0,
        809533440.0,
        809533440.0,
        809533440.0,
        809533440.0,
        809533440.0,
        809533440.0,
        809533440.0,
        809533440.0,
        809533440.0,
        809533440.0,
        809533440.0,
        809533440.0,
        809533440.0,
        16384,
        524288000
      ],
      "activation_parameters_bytes": [
        1073741824,
        16508780544.0,
        16508780544.0,
        16508780544.0,
        16508780544.0,
        16508780544.0,
        16508780544.0,
        16508780544.0,
        16508780544.0,
        16508780544.0,
        16508780544.0,
        16508780544.0,
        16508780544.0,
        16508780544.0,
        16508780544.0,
        16508780544.0,
        16508780544.0,
        16508780544.0,
        16508780544.0,
        16508780544.0,
        16508780544.0,
        16508780544.0,
        16508780544.0,
        16508780544.0,
        16508780544.0,
        16508780544.0,
        16508780544.0,
        16508780544.0,
        16508780544.0,
        16508780544.0,
        16508780544.0,
        16508780544.0,
        16508780544.0,
        1073741824,
        8388608000
      ]
    }
  },
  "execution_time": {
    "total_time_ms": 11448.195225702135,
    "forward_backward_time_ms": 11344.350498172282,
    "batch_generator_time_ms": 39.405658557608355,
    "layernorm_grads_all_reduce_time_ms": null,
    "embedding_grads_all_reduce_time_ms": null,
    "optimizer_time_ms": 58.49830886028654,
    "layer_compute_total_ms": [
      12.486846314326423,
      348.0283959403628,
      348.0283959403628,
      348.0283959403628,
      348.0283959403628,
      348.0283959403628,
      348.0283959403628,
      348.0283959403628,
      348.0283959403628,
      348.0283959403628,
      348.0283959403628,
      348.0283959403628,
      348.0283959403628,
      348.0283959403628,
      348.0283959403628,
      348.0283959403628,
      348.0283959403628,
      348.0283959403628,
      348.0283959403628,
      348.0283959403628,
      348.0283959403628,
      348.0283959403628,
      348.0283959403628,
      348.0283959403628,
      348.0283959403628,
      348.0283959403628,
      348.0283959403628,
      348.0283959403628,
      348.0283959403628,
      348.0283959403628,
      348.0283959403628,
      348.0283959403628,
      348.0283959403628,
      2.915696221548309,
      142.99892282123872
    ]
  },
  "execution_memory": {
    "total_memory_mb": 257416.0013885498,
    "layer_memory_total_mb": [
      875.5000038146973,
      7622.500049591064,
      7622.500049591064,
      7622.500049591064,
      7622.500049591064,
      7622.500049591064,
      7622.500049591064,
      7622.500049591064,
      7622.500049591064,
      7622.500049591064,
      7622.500049591064,
      7622.500049591064,
      7622.500049591064,
      7622.500049591064,
      7622.500049591064,
      7622.500049591064,
      7622.500049591064,
      7622.500049591064,
      7622.500049591064,
      7622.500049591064,
      7622.500049591064,
      7622.500049591064,
      7622.500049591064,
      7622.500049591064,
      7622.500049591064,
      7622.500049591064,
      7622.500049591064,
      7622.500049591064,
      7622.500049591064,
      7622.500049591064,
      7622.500049591064,
      7622.500049591064,
      7622.500049591064,
      512.1250038146973,
      1524.0000038146973
    ]
  }
}