{
  "model": {
    "model_name": "llama2_7B",
    "num_layers": 32,
    "parameters": {
      "total_parameters_bytes": 26953662464.0,
      "parameters_per_layer_bytes": [
        524288000,
        809533440.0,
        809533440.0,
        809533440.0,
        809533440.0,
        809533440.0,
        809533440.0,
        809533440.0,
        809533440.0,
        809533440.0,
        809533440.0,
        809533440.0,
        809533440.0,
        809533440.0,
        809533440.0,
        809533440.0,
        809533440.0,
        809533440.0,
        809533440.0,
        809533440.0,
        809533440.0,
        809533440.0,
        809533440.0,
        809533440.0,
        809533440.0,
        809533440.0,
        809533440.0,
        809533440.0,
        809533440.0,
        809533440.0,
        809533440.0,
        809533440.0,
        809533440.0,
        16384,
        524288000
      ],
      "activation_parameters_bytes": [
        1073741824,
        16508780544.0,
        16508780544.0,
        16508780544.0,
        16508780544.0,
        16508780544.0,
        16508780544.0,
        16508780544.0,
        16508780544.0,
        16508780544.0,
        16508780544.0,
        16508780544.0,
        16508780544.0,
        16508780544.0,
        16508780544.0,
        16508780544.0,
        16508780544.0,
        16508780544.0,
        16508780544.0,
        16508780544.0,
        16508780544.0,
        16508780544.0,
        16508780544.0,
        16508780544.0,
        16508780544.0,
        16508780544.0,
        16508780544.0,
        16508780544.0,
        16508780544.0,
        16508780544.0,
        16508780544.0,
        16508780544.0,
        16508780544.0,
        1073741824,
        8388608000
      ]
    }
  },
  "execution_time": {
    "total_time_ms": 21601.283332080762,
    "forward_backward_time_ms": 21405.3415842602,
    "batch_generator_time_ms": 74.3534486098812,
    "layernorm_grads_all_reduce_time_ms": null,
    "embedding_grads_all_reduce_time_ms": null,
    "optimizer_time_ms": 110.37884306005265,
    "layer_compute_total_ms": [
      23.561085380020707,
      656.6851665351716,
      656.6851665351716,
      656.6851665351716,
      656.6851665351716,
      656.6851665351716,
      656.6851665351716,
      656.6851665351716,
      656.6851665351716,
      656.6851665351716,
      656.6851665351716,
      656.6851665351716,
      656.6851665351716,
      656.6851665351716,
      656.6851665351716,
      656.6851665351716,
      656.6851665351716,
      656.6851665351716,
      656.6851665351716,
      656.6851665351716,
      656.6851665351716,
      656.6851665351716,
      656.6851665351716,
      656.6851665351716,
      656.6851665351716,
      656.6851665351716,
      656.6851665351716,
      656.6851665351716,
      656.6851665351716,
      656.6851665351716,
      656.6851665351716,
      656.6851665351716,
      656.6851665351716,
      5.501546658685628,
      269.82071733970423
    ]
  },
  "execution_memory": {
    "total_memory_mb": 257416.0013885498,
    "layer_memory_total_mb": [
      875.5000038146973,
      7622.500049591064,
      7622.500049591064,
      7622.500049591064,
      7622.500049591064,
      7622.500049591064,
      7622.500049591064,
      7622.500049591064,
      7622.500049591064,
      7622.500049591064,
      7622.500049591064,
      7622.500049591064,
      7622.500049591064,
      7622.500049591064,
      7622.500049591064,
      7622.500049591064,
      7622.500049591064,
      7622.500049591064,
      7622.500049591064,
      7622.500049591064,
      7622.500049591064,
      7622.500049591064,
      7622.500049591064,
      7622.500049591064,
      7622.500049591064,
      7622.500049591064,
      7622.500049591064,
      7622.500049591064,
      7622.500049591064,
      7622.500049591064,
      7622.500049591064,
      7622.500049591064,
      7622.500049591064,
      512.1250038146973,
      1524.0000038146973
    ]
  }
}