{
  "model": {
    "model_name": "llama2_7B",
    "num_layers": 32,
    "parameters": {
      "total_parameters_bytes": 26953662464.0,
      "parameters_per_layer_bytes": [
        524288000,
        809533440.0,
        809533440.0,
        809533440.0,
        809533440.0,
        809533440.0,
        809533440.0,
        809533440.0,
        809533440.0,
        809533440.0,
        809533440.0,
        809533440.0,
        809533440.0,
        809533440.0,
        809533440.0,
        809533440.0,
        809533440.0,
        809533440.0,
        809533440.0,
        809533440.0,
        809533440.0,
        809533440.0,
        809533440.0,
        809533440.0,
        809533440.0,
        809533440.0,
        809533440.0,
        809533440.0,
        809533440.0,
        809533440.0,
        809533440.0,
        809533440.0,
        809533440.0,
        16384,
        524288000
      ],
      "activation_parameters_bytes": [
        33554432,
        515899392.0,
        515899392.0,
        515899392.0,
        515899392.0,
        515899392.0,
        515899392.0,
        515899392.0,
        515899392.0,
        515899392.0,
        515899392.0,
        515899392.0,
        515899392.0,
        515899392.0,
        515899392.0,
        515899392.0,
        515899392.0,
        515899392.0,
        515899392.0,
        515899392.0,
        515899392.0,
        515899392.0,
        515899392.0,
        515899392.0,
        515899392.0,
        515899392.0,
        515899392.0,
        515899392.0,
        515899392.0,
        515899392.0,
        515899392.0,
        515899392.0,
        515899392.0,
        33554432,
        262144000
      ]
    }
  },
  "execution_time": {
    "total_time_ms": 2441.0396335612136,
    "forward_backward_time_ms": 2027.4160498451408,
    "batch_generator_time_ms": 3.044437467864195,
    "layernorm_grads_all_reduce_time_ms": null,
    "embedding_grads_all_reduce_time_ms": null,
    "optimizer_time_ms": 399.8451186196351,
    "layer_compute_total_ms": [
      0.10373957895671641,
      62.09176213001877,
      62.09176213001877,
      62.09176213001877,
      62.09176213001877,
      62.09176213001877,
      62.09176213001877,
      62.09176213001877,
      62.09176213001877,
      62.09176213001877,
      62.09176213001877,
      62.09176213001877,
      62.09176213001877,
      62.09176213001877,
      62.09176213001877,
      62.09176213001877,
      62.09176213001877,
      62.09176213001877,
      62.09176213001877,
      62.09176213001877,
      62.09176213001877,
      62.09176213001877,
      62.09176213001877,
      62.09176213001877,
      62.09176213001877,
      62.09176213001877,
      62.09176213001877,
      62.09176213001877,
      62.09176213001877,
      62.09176213001877,
      62.09176213001877,
      62.09176213001877,
      62.09176213001877,
      0.7528430614740067,
      34.60898891261273
    ]
  },
  "execution_memory": {
    "total_memory_mb": 127807.9388885498,
    "layer_memory_total_mb": [
      2000.0156288146973,
      3752.6406745910645,
      3752.6406745910645,
      3752.6406745910645,
      3752.6406745910645,
      3752.6406745910645,
      3752.6406745910645,
      3752.6406745910645,
      3752.6406745910645,
      3752.6406745910645,
      3752.6406745910645,
      3752.6406745910645,
      3752.6406745910645,
      3752.6406745910645,
      3752.6406745910645,
      3752.6406745910645,
      3752.6406745910645,
      3752.6406745910645,
      3752.6406745910645,
      3752.6406745910645,
      3752.6406745910645,
      3752.6406745910645,
      3752.6406745910645,
      3752.6406745910645,
      3752.6406745910645,
      3752.6406745910645,
      3752.6406745910645,
      3752.6406745910645,
      3752.6406745910645,
      3752.6406745910645,
      3752.6406745910645,
      3752.6406745910645,
      3752.6406745910645,
      64.07031631469727,
      2032.0000038146973
    ]
  }
}