{
  "model": {
    "model_name": "llama2_7B",
    "num_layers": 32,
    "parameters": {
      "total_parameters_bytes": 26953662464.0,
      "parameters_per_layer_bytes": [
        524288000,
        809533440.0,
        809533440.0,
        809533440.0,
        809533440.0,
        809533440.0,
        809533440.0,
        809533440.0,
        809533440.0,
        809533440.0,
        809533440.0,
        809533440.0,
        809533440.0,
        809533440.0,
        809533440.0,
        809533440.0,
        809533440.0,
        809533440.0,
        809533440.0,
        809533440.0,
        809533440.0,
        809533440.0,
        809533440.0,
        809533440.0,
        809533440.0,
        809533440.0,
        809533440.0,
        809533440.0,
        809533440.0,
        809533440.0,
        809533440.0,
        809533440.0,
        809533440.0,
        16384,
        524288000
      ],
      "activation_parameters_bytes": [
        33554432,
        515899392.0,
        515899392.0,
        515899392.0,
        515899392.0,
        515899392.0,
        515899392.0,
        515899392.0,
        515899392.0,
        515899392.0,
        515899392.0,
        515899392.0,
        515899392.0,
        515899392.0,
        515899392.0,
        515899392.0,
        515899392.0,
        515899392.0,
        515899392.0,
        515899392.0,
        515899392.0,
        515899392.0,
        515899392.0,
        515899392.0,
        515899392.0,
        515899392.0,
        515899392.0,
        515899392.0,
        515899392.0,
        515899392.0,
        515899392.0,
        515899392.0,
        515899392.0,
        33554432,
        262144000
      ]
    }
  },
  "execution_time": {
    "total_time_ms": 1293.6962054093524,
    "forward_backward_time_ms": 1074.4849917263355,
    "batch_generator_time_ms": 1.6134835115462698,
    "layernorm_grads_all_reduce_time_ms": null,
    "embedding_grads_all_reduce_time_ms": null,
    "optimizer_time_ms": 211.90893650301834,
    "layer_compute_total_ms": [
      0.05497964793438182,
      32.907239993312075,
      32.907239993312075,
      32.907239993312075,
      32.907239993312075,
      32.907239993312075,
      32.907239993312075,
      32.907239993312075,
      32.907239993312075,
      32.907239993312075,
      32.907239993312075,
      32.907239993312075,
      32.907239993312075,
      32.907239993312075,
      32.907239993312075,
      32.907239993312075,
      32.907239993312075,
      32.907239993312075,
      32.907239993312075,
      32.907239993312075,
      32.907239993312075,
      32.907239993312075,
      32.907239993312075,
      32.907239993312075,
      32.907239993312075,
      32.907239993312075,
      32.907239993312075,
      32.907239993312075,
      32.907239993312075,
      32.907239993312075,
      32.907239993312075,
      32.907239993312075,
      32.907239993312075,
      0.3989899215510868,
      18.34198716551837
    ]
  },
  "execution_memory": {
    "total_memory_mb": 127807.9388885498,
    "layer_memory_total_mb": [
      2000.0156288146973,
      3752.6406745910645,
      3752.6406745910645,
      3752.6406745910645,
      3752.6406745910645,
      3752.6406745910645,
      3752.6406745910645,
      3752.6406745910645,
      3752.6406745910645,
      3752.6406745910645,
      3752.6406745910645,
      3752.6406745910645,
      3752.6406745910645,
      3752.6406745910645,
      3752.6406745910645,
      3752.6406745910645,
      3752.6406745910645,
      3752.6406745910645,
      3752.6406745910645,
      3752.6406745910645,
      3752.6406745910645,
      3752.6406745910645,
      3752.6406745910645,
      3752.6406745910645,
      3752.6406745910645,
      3752.6406745910645,
      3752.6406745910645,
      3752.6406745910645,
      3752.6406745910645,
      3752.6406745910645,
      3752.6406745910645,
      3752.6406745910645,
      3752.6406745910645,
      64.07031631469727,
      2032.0000038146973
    ]
  }
}