{
  "model": {
    "model_name": "llama2_7B",
    "num_layers": 32,
    "parameters": {
      "total_parameters_bytes": 26953662464.0,
      "parameters_per_layer_bytes": [
        524288000,
        809533440.0,
        809533440.0,
        809533440.0,
        809533440.0,
        809533440.0,
        809533440.0,
        809533440.0,
        809533440.0,
        809533440.0,
        809533440.0,
        809533440.0,
        809533440.0,
        809533440.0,
        809533440.0,
        809533440.0,
        809533440.0,
        809533440.0,
        809533440.0,
        809533440.0,
        809533440.0,
        809533440.0,
        809533440.0,
        809533440.0,
        809533440.0,
        809533440.0,
        809533440.0,
        809533440.0,
        809533440.0,
        809533440.0,
        809533440.0,
        809533440.0,
        809533440.0,
        16384,
        524288000
      ],
      "activation_parameters_bytes": [
        67108864,
        1031798784.0,
        1031798784.0,
        1031798784.0,
        1031798784.0,
        1031798784.0,
        1031798784.0,
        1031798784.0,
        1031798784.0,
        1031798784.0,
        1031798784.0,
        1031798784.0,
        1031798784.0,
        1031798784.0,
        1031798784.0,
        1031798784.0,
        1031798784.0,
        1031798784.0,
        1031798784.0,
        1031798784.0,
        1031798784.0,
        1031798784.0,
        1031798784.0,
        1031798784.0,
        1031798784.0,
        1031798784.0,
        1031798784.0,
        1031798784.0,
        1031798784.0,
        1031798784.0,
        1031798784.0,
        1031798784.0,
        1031798784.0,
        67108864,
        524288000
      ]
    }
  },
  "execution_time": {
    "total_time_ms": 2304.657945312705,
    "forward_backward_time_ms": 2084.3963786209647,
    "batch_generator_time_ms": 2.9189710020330333,
    "layernorm_grads_all_reduce_time_ms": null,
    "embedding_grads_all_reduce_time_ms": null,
    "optimizer_time_ms": 212.10901317418123,
    "layer_compute_total_ms": [
      0.07217849506026303,
      63.888819484277384,
      63.888819484277384,
      63.888819484277384,
      63.888819484277384,
      63.888819484277384,
      63.888819484277384,
      63.888819484277384,
      63.888819484277384,
      63.888819484277384,
      63.888819484277384,
      63.888819484277384,
      63.888819484277384,
      63.888819484277384,
      63.888819484277384,
      63.888819484277384,
      63.888819484277384,
      63.888819484277384,
      63.888819484277384,
      63.888819484277384,
      63.888819484277384,
      63.888819484277384,
      63.888819484277384,
      63.888819484277384,
      63.888819484277384,
      63.888819484277384,
      63.888819484277384,
      63.888819484277384,
      63.888819484277384,
      63.888819484277384,
      63.888819484277384,
      63.888819484277384,
      63.888819484277384,
      0.7416169545559235,
      35.84467225784869
    ]
  },
  "execution_memory": {
    "total_memory_mb": 144839.3763885498,
    "layer_memory_total_mb": [
      2000.0312538146973,
      4416.906299591064,
      4416.906299591064,
      4416.906299591064,
      4416.906299591064,
      4416.906299591064,
      4416.906299591064,
      4416.906299591064,
      4416.906299591064,
      4416.906299591064,
      4416.906299591064,
      4416.906299591064,
      4416.906299591064,
      4416.906299591064,
      4416.906299591064,
      4416.906299591064,
      4416.906299591064,
      4416.906299591064,
      4416.906299591064,
      4416.906299591064,
      4416.906299591064,
      4416.906299591064,
      4416.906299591064,
      4416.906299591064,
      4416.906299591064,
      4416.906299591064,
      4416.906299591064,
      4416.906299591064,
      4416.906299591064,
      4416.906299591064,
      4416.906299591064,
      4416.906299591064,
      4416.906299591064,
      128.07812881469727,
      2064.0000038146973
    ]
  }
}