{
  "model": {
    "model_name": "llama2_7B",
    "num_layers": 32,
    "parameters": {
      "total_parameters_bytes": 26953662464.0,
      "parameters_per_layer_bytes": [
        524288000,
        809533440.0,
        809533440.0,
        809533440.0,
        809533440.0,
        809533440.0,
        809533440.0,
        809533440.0,
        809533440.0,
        809533440.0,
        809533440.0,
        809533440.0,
        809533440.0,
        809533440.0,
        809533440.0,
        809533440.0,
        809533440.0,
        809533440.0,
        809533440.0,
        809533440.0,
        809533440.0,
        809533440.0,
        809533440.0,
        809533440.0,
        809533440.0,
        809533440.0,
        809533440.0,
        809533440.0,
        809533440.0,
        809533440.0,
        809533440.0,
        809533440.0,
        809533440.0,
        16384,
        524288000
      ],
      "activation_parameters_bytes": [
        268435456,
        4127195136.0,
        4127195136.0,
        4127195136.0,
        4127195136.0,
        4127195136.0,
        4127195136.0,
        4127195136.0,
        4127195136.0,
        4127195136.0,
        4127195136.0,
        4127195136.0,
        4127195136.0,
        4127195136.0,
        4127195136.0,
        4127195136.0,
        4127195136.0,
        4127195136.0,
        4127195136.0,
        4127195136.0,
        4127195136.0,
        4127195136.0,
        4127195136.0,
        4127195136.0,
        4127195136.0,
        4127195136.0,
        4127195136.0,
        4127195136.0,
        4127195136.0,
        4127195136.0,
        4127195136.0,
        4127195136.0,
        4127195136.0,
        268435456,
        2097152000
      ]
    }
  },
  "execution_time": {
    "total_time_ms": 5412.688197651044,
    "forward_backward_time_ms": 5271.617425717764,
    "batch_generator_time_ms": 19.185910303159904,
    "layernorm_grads_all_reduce_time_ms": null,
    "embedding_grads_all_reduce_time_ms": null,
    "optimizer_time_ms": 110.08384774705166,
    "layer_compute_total_ms": [
      6.230915456536964,
      161.57409155959706,
      161.57409155959706,
      161.57409155959706,
      161.57409155959706,
      161.57409155959706,
      161.57409155959706,
      161.57409155959706,
      161.57409155959706,
      161.57409155959706,
      161.57409155959706,
      161.57409155959706,
      161.57409155959706,
      161.57409155959706,
      161.57409155959706,
      161.57409155959706,
      161.57409155959706,
      161.57409155959706,
      161.57409155959706,
      161.57409155959706,
      161.57409155959706,
      161.57409155959706,
      161.57409155959706,
      161.57409155959706,
      161.57409155959706,
      161.57409155959706,
      161.57409155959706,
      161.57409155959706,
      161.57409155959706,
      161.57409155959706,
      161.57409155959706,
      161.57409155959706,
      161.57409155959706,
      1.7733524752000807,
      66.46137916790394
    ]
  },
  "execution_memory": {
    "total_memory_mb": 83039.3763885498,
    "layer_memory_total_mb": [
      875.1250038146973,
      2484.9062995910645,
      2484.9062995910645,
      2484.9062995910645,
      2484.9062995910645,
      2484.9062995910645,
      2484.9062995910645,
      2484.9062995910645,
      2484.9062995910645,
      2484.9062995910645,
      2484.9062995910645,
      2484.9062995910645,
      2484.9062995910645,
      2484.9062995910645,
      2484.9062995910645,
      2484.9062995910645,
      2484.9062995910645,
      2484.9062995910645,
      2484.9062995910645,
      2484.9062995910645,
      2484.9062995910645,
      2484.9062995910645,
      2484.9062995910645,
      2484.9062995910645,
      2484.9062995910645,
      2484.9062995910645,
      2484.9062995910645,
      2484.9062995910645,
      2484.9062995910645,
      2484.9062995910645,
      2484.9062995910645,
      2484.9062995910645,
      2484.9062995910645,
      128.07812881469727,
      756.0000038146973
    ]
  }
}