{
  "model": {
    "model_name": "llama2_7B",
    "num_layers": 32,
    "parameters": {
      "total_parameters_bytes": 26953662464.0,
      "parameters_per_layer_bytes": [
        524288000,
        809533440.0,
        809533440.0,
        809533440.0,
        809533440.0,
        809533440.0,
        809533440.0,
        809533440.0,
        809533440.0,
        809533440.0,
        809533440.0,
        809533440.0,
        809533440.0,
        809533440.0,
        809533440.0,
        809533440.0,
        809533440.0,
        809533440.0,
        809533440.0,
        809533440.0,
        809533440.0,
        809533440.0,
        809533440.0,
        809533440.0,
        809533440.0,
        809533440.0,
        809533440.0,
        809533440.0,
        809533440.0,
        809533440.0,
        809533440.0,
        809533440.0,
        809533440.0,
        16384,
        524288000
      ],
      "activation_parameters_bytes": [
        268435456,
        4127195136.0,
        4127195136.0,
        4127195136.0,
        4127195136.0,
        4127195136.0,
        4127195136.0,
        4127195136.0,
        4127195136.0,
        4127195136.0,
        4127195136.0,
        4127195136.0,
        4127195136.0,
        4127195136.0,
        4127195136.0,
        4127195136.0,
        4127195136.0,
        4127195136.0,
        4127195136.0,
        4127195136.0,
        4127195136.0,
        4127195136.0,
        4127195136.0,
        4127195136.0,
        4127195136.0,
        4127195136.0,
        4127195136.0,
        4127195136.0,
        4127195136.0,
        4127195136.0,
        4127195136.0,
        4127195136.0,
        4127195136.0,
        268435456,
        2097152000
      ]
    }
  },
  "execution_time": {
    "total_time_ms": 9249.166872421933,
    "forward_backward_time_ms": 9004.51468499541,
    "batch_generator_time_ms": 19.695960612550003,
    "layernorm_grads_all_reduce_time_ms": null,
    "embedding_grads_all_reduce_time_ms": null,
    "optimizer_time_ms": 213.49977990162654,
    "layer_compute_total_ms": [
      4.963981304861722,
      276.16570623974314,
      276.16570623974314,
      276.16570623974314,
      276.16570623974314,
      276.16570623974314,
      276.16570623974314,
      276.16570623974314,
      276.16570623974314,
      276.16570623974314,
      276.16570623974314,
      276.16570623974314,
      276.16570623974314,
      276.16570623974314,
      276.16570623974314,
      276.16570623974314,
      276.16570623974314,
      276.16570623974314,
      276.16570623974314,
      276.16570623974314,
      276.16570623974314,
      276.16570623974314,
      276.16570623974314,
      276.16570623974314,
      276.16570623974314,
      276.16570623974314,
      276.16570623974314,
      276.16570623974314,
      276.16570623974314,
      276.16570623974314,
      276.16570623974314,
      276.16570623974314,
      276.16570623974314,
      2.888576533308583,
      131.8952207935893
    ]
  },
  "execution_memory": {
    "total_memory_mb": 150206.2513885498,
    "layer_memory_total_mb": [
      1250.1250038146973,
      4457.437549591064,
      4457.437549591064,
      4457.437549591064,
      4457.437549591064,
      4457.437549591064,
      4457.437549591064,
      4457.437549591064,
      4457.437549591064,
      4457.437549591064,
      4457.437549591064,
      4457.437549591064,
      4457.437549591064,
      4457.437549591064,
      4457.437549591064,
      4457.437549591064,
      4457.437549591064,
      4457.437549591064,
      4457.437549591064,
      4457.437549591064,
      4457.437549591064,
      4457.437549591064,
      4457.437549591064,
      4457.437549591064,
      4457.437549591064,
      4457.437549591064,
      4457.437549591064,
      4457.437549591064,
      4457.437549591064,
      4457.437549591064,
      4457.437549591064,
      4457.437549591064,
      4457.437549591064,
      256.09375381469727,
      1256.0000038146973
    ]
  }
}