{
  "model": {
    "model_name": "llama2_7B",
    "num_layers": 32,
    "parameters": {
      "total_parameters_bytes": 26953662464.0,
      "parameters_per_layer_bytes": [
        524288000,
        809533440.0,
        809533440.0,
        809533440.0,
        809533440.0,
        809533440.0,
        809533440.0,
        809533440.0,
        809533440.0,
        809533440.0,
        809533440.0,
        809533440.0,
        809533440.0,
        809533440.0,
        809533440.0,
        809533440.0,
        809533440.0,
        809533440.0,
        809533440.0,
        809533440.0,
        809533440.0,
        809533440.0,
        809533440.0,
        809533440.0,
        809533440.0,
        809533440.0,
        809533440.0,
        809533440.0,
        809533440.0,
        809533440.0,
        809533440.0,
        809533440.0,
        809533440.0,
        16384,
        524288000
      ],
      "activation_parameters_bytes": [
        33554432,
        515899392.0,
        515899392.0,
        515899392.0,
        515899392.0,
        515899392.0,
        515899392.0,
        515899392.0,
        515899392.0,
        515899392.0,
        515899392.0,
        515899392.0,
        515899392.0,
        515899392.0,
        515899392.0,
        515899392.0,
        515899392.0,
        515899392.0,
        515899392.0,
        515899392.0,
        515899392.0,
        515899392.0,
        515899392.0,
        515899392.0,
        515899392.0,
        515899392.0,
        515899392.0,
        515899392.0,
        515899392.0,
        515899392.0,
        515899392.0,
        515899392.0,
        515899392.0,
        33554432,
        262144000
      ]
    }
  },
  "execution_time": {
    "total_time_ms": 827.9337001701185,
    "forward_backward_time_ms": 704.3747761258506,
    "batch_generator_time_ms": 2.8201191027572725,
    "layernorm_grads_all_reduce_time_ms": null,
    "embedding_grads_all_reduce_time_ms": null,
    "optimizer_time_ms": 109.19226591224786,
    "layer_compute_total_ms": [
      1.1400033209814613,
      21.422643641669712,
      21.422643641669712,
      21.422643641669712,
      21.422643641669712,
      21.422643641669712,
      21.422643641669712,
      21.422643641669712,
      21.422643641669712,
      21.422643641669712,
      21.422643641669712,
      21.422643641669712,
      21.422643641669712,
      21.422643641669712,
      21.422643641669712,
      21.422643641669712,
      21.422643641669712,
      21.422643641669712,
      21.422643641669712,
      21.422643641669712,
      21.422643641669712,
      21.422643641669712,
      21.422643641669712,
      21.422643641669712,
      21.422643641669712,
      21.422643641669712,
      21.422643641669712,
      21.422643641669712,
      21.422643641669712,
      21.422643641669712,
      21.422643641669712,
      21.422643641669712,
      21.422643641669712,
      1.4747277672393477,
      8.020541115159324
    ]
  },
  "execution_memory": {
    "total_memory_mb": 33608.360763549805,
    "layer_memory_total_mb": [
      875.0156288146973,
      986.4414558410645,
      986.4414558410645,
      986.4414558410645,
      986.4414558410645,
      986.4414558410645,
      986.4414558410645,
      986.4414558410645,
      986.4414558410645,
      986.4414558410645,
      986.4414558410645,
      986.4414558410645,
      986.4414558410645,
      986.4414558410645,
      986.4414558410645,
      986.4414558410645,
      986.4414558410645,
      986.4414558410645,
      986.4414558410645,
      986.4414558410645,
      986.4414558410645,
      986.4414558410645,
      986.4414558410645,
      986.4414558410645,
      986.4414558410645,
      986.4414558410645,
      986.4414558410645,
      986.4414558410645,
      986.4414558410645,
      986.4414558410645,
      986.4414558410645,
      986.4414558410645,
      986.4414558410645,
      16.064456939697266,
      532.0000038146973
    ]
  }
}