{
  "model": {
    "model_name": "llama2_7B",
    "num_layers": 32,
    "parameters": {
      "total_parameters_bytes": 26953662464.0,
      "parameters_per_layer_bytes": [
        524288000,
        809533440.0,
        809533440.0,
        809533440.0,
        809533440.0,
        809533440.0,
        809533440.0,
        809533440.0,
        809533440.0,
        809533440.0,
        809533440.0,
        809533440.0,
        809533440.0,
        809533440.0,
        809533440.0,
        809533440.0,
        809533440.0,
        809533440.0,
        809533440.0,
        809533440.0,
        809533440.0,
        809533440.0,
        809533440.0,
        809533440.0,
        809533440.0,
        809533440.0,
        809533440.0,
        809533440.0,
        809533440.0,
        809533440.0,
        809533440.0,
        809533440.0,
        809533440.0,
        16384,
        524288000
      ],
      "activation_parameters_bytes": [
        1073741824,
        16508780544.0,
        16508780544.0,
        16508780544.0,
        16508780544.0,
        16508780544.0,
        16508780544.0,
        16508780544.0,
        16508780544.0,
        16508780544.0,
        16508780544.0,
        16508780544.0,
        16508780544.0,
        16508780544.0,
        16508780544.0,
        16508780544.0,
        16508780544.0,
        16508780544.0,
        16508780544.0,
        16508780544.0,
        16508780544.0,
        16508780544.0,
        16508780544.0,
        16508780544.0,
        16508780544.0,
        16508780544.0,
        16508780544.0,
        16508780544.0,
        16508780544.0,
        16508780544.0,
        16508780544.0,
        16508780544.0,
        16508780544.0,
        1073741824,
        8388608000
      ]
    }
  },
  "execution_time": {
    "total_time_ms": 16912.611153903883,
    "forward_backward_time_ms": 16766.9034112924,
    "batch_generator_time_ms": 74.79795022198871,
    "layernorm_grads_all_reduce_time_ms": null,
    "embedding_grads_all_reduce_time_ms": null,
    "optimizer_time_ms": 60.03713610562262,
    "layer_compute_total_ms": [
      34.6030771087801,
      515.0583540732623,
      515.0583540732623,
      515.0583540732623,
      515.0583540732623,
      515.0583540732623,
      515.0583540732623,
      515.0583540732623,
      515.0583540732623,
      515.0583540732623,
      515.0583540732623,
      515.0583540732623,
      515.0583540732623,
      515.0583540732623,
      515.0583540732623,
      515.0583540732623,
      515.0583540732623,
      515.0583540732623,
      515.0583540732623,
      515.0583540732623,
      515.0583540732623,
      515.0583540732623,
      515.0583540732623,
      515.0583540732623,
      515.0583540732623,
      515.0583540732623,
      515.0583540732623,
      515.0583540732623,
      515.0583540732623,
      515.0583540732623,
      515.0583540732623,
      515.0583540732623,
      515.0583540732623,
      2.9128526639404666,
      134.57892816748503
    ]
  },
  "execution_memory": {
    "total_memory_mb": 161938.2513885498,
    "layer_memory_total_mb": [
      688.0000038146973,
      4835.437549591064,
      4835.437549591064,
      4835.437549591064,
      4835.437549591064,
      4835.437549591064,
      4835.437549591064,
      4835.437549591064,
      4835.437549591064,
      4835.437549591064,
      4835.437549591064,
      4835.437549591064,
      4835.437549591064,
      4835.437549591064,
      4835.437549591064,
      4835.437549591064,
      4835.437549591064,
      4835.437549591064,
      4835.437549591064,
      4835.437549591064,
      4835.437549591064,
      4835.437549591064,
      4835.437549591064,
      4835.437549591064,
      4835.437549591064,
      4835.437549591064,
      4835.437549591064,
      4835.437549591064,
      4835.437549591064,
      4835.437549591064,
      4835.437549591064,
      4835.437549591064,
      4835.437549591064,
      256.09375381469727,
      1274.0000038146973
    ]
  }
}