{
  "model": {
    "model_name": "llama2_7B",
    "num_layers": 32,
    "parameters": {
      "total_parameters_bytes": 26953662464.0,
      "parameters_per_layer_bytes": [
        524288000,
        809533440.0,
        809533440.0,
        809533440.0,
        809533440.0,
        809533440.0,
        809533440.0,
        809533440.0,
        809533440.0,
        809533440.0,
        809533440.0,
        809533440.0,
        809533440.0,
        809533440.0,
        809533440.0,
        809533440.0,
        809533440.0,
        809533440.0,
        809533440.0,
        809533440.0,
        809533440.0,
        809533440.0,
        809533440.0,
        809533440.0,
        809533440.0,
        809533440.0,
        809533440.0,
        809533440.0,
        809533440.0,
        809533440.0,
        809533440.0,
        809533440.0,
        809533440.0,
        16384,
        524288000
      ],
      "activation_parameters_bytes": [
        268435456,
        4127195136.0,
        4127195136.0,
        4127195136.0,
        4127195136.0,
        4127195136.0,
        4127195136.0,
        4127195136.0,
        4127195136.0,
        4127195136.0,
        4127195136.0,
        4127195136.0,
        4127195136.0,
        4127195136.0,
        4127195136.0,
        4127195136.0,
        4127195136.0,
        4127195136.0,
        4127195136.0,
        4127195136.0,
        4127195136.0,
        4127195136.0,
        4127195136.0,
        4127195136.0,
        4127195136.0,
        4127195136.0,
        4127195136.0,
        4127195136.0,
        4127195136.0,
        4127195136.0,
        4127195136.0,
        4127195136.0,
        4127195136.0,
        268435456,
        2097152000
      ]
    }
  },
  "execution_time": {
    "total_time_ms": 8534.616051407804,
    "forward_backward_time_ms": 8306.579726198992,
    "batch_generator_time_ms": 10.513228609982933,
    "layernorm_grads_all_reduce_time_ms": null,
    "embedding_grads_all_reduce_time_ms": null,
    "optimizer_time_ms": 212.05688801003961,
    "layer_compute_total_ms": [
      0.20766108005042885,
      254.7489382377191,
      254.7489382377191,
      254.7489382377191,
      254.7489382377191,
      254.7489382377191,
      254.7489382377191,
      254.7489382377191,
      254.7489382377191,
      254.7489382377191,
      254.7489382377191,
      254.7489382377191,
      254.7489382377191,
      254.7489382377191,
      254.7489382377191,
      254.7489382377191,
      254.7489382377191,
      254.7489382377191,
      254.7489382377191,
      254.7489382377191,
      254.7489382377191,
      254.7489382377191,
      254.7489382377191,
      254.7489382377191,
      254.7489382377191,
      254.7489382377191,
      254.7489382377191,
      254.7489382377191,
      254.7489382377191,
      254.7489382377191,
      254.7489382377191,
      254.7489382377191,
      254.7489382377191,
      2.7936960661364747,
      143.01976309093922
    ]
  },
  "execution_memory": {
    "total_memory_mb": 278454.0013885498,
    "layer_memory_total_mb": [
      2000.1250038146973,
      8402.500049591064,
      8402.500049591064,
      8402.500049591064,
      8402.500049591064,
      8402.500049591064,
      8402.500049591064,
      8402.500049591064,
      8402.500049591064,
      8402.500049591064,
      8402.500049591064,
      8402.500049591064,
      8402.500049591064,
      8402.500049591064,
      8402.500049591064,
      8402.500049591064,
      8402.500049591064,
      8402.500049591064,
      8402.500049591064,
      8402.500049591064,
      8402.500049591064,
      8402.500049591064,
      8402.500049591064,
      8402.500049591064,
      8402.500049591064,
      8402.500049591064,
      8402.500049591064,
      8402.500049591064,
      8402.500049591064,
      8402.500049591064,
      8402.500049591064,
      8402.500049591064,
      8402.500049591064,
      512.1250038146973,
      2256.0000038146973
    ]
  }
}