{
  "model": {
    "model_name": "llama2_7B",
    "num_layers": 32,
    "parameters": {
      "total_parameters_bytes": 26953662464.0,
      "parameters_per_layer_bytes": [
        524288000,
        809533440.0,
        809533440.0,
        809533440.0,
        809533440.0,
        809533440.0,
        809533440.0,
        809533440.0,
        809533440.0,
        809533440.0,
        809533440.0,
        809533440.0,
        809533440.0,
        809533440.0,
        809533440.0,
        809533440.0,
        809533440.0,
        809533440.0,
        809533440.0,
        809533440.0,
        809533440.0,
        809533440.0,
        809533440.0,
        809533440.0,
        809533440.0,
        809533440.0,
        809533440.0,
        809533440.0,
        809533440.0,
        809533440.0,
        809533440.0,
        809533440.0,
        809533440.0,
        16384,
        524288000
      ],
      "activation_parameters_bytes": [
        67108864,
        1031798784.0,
        1031798784.0,
        1031798784.0,
        1031798784.0,
        1031798784.0,
        1031798784.0,
        1031798784.0,
        1031798784.0,
        1031798784.0,
        1031798784.0,
        1031798784.0,
        1031798784.0,
        1031798784.0,
        1031798784.0,
        1031798784.0,
        1031798784.0,
        1031798784.0,
        1031798784.0,
        1031798784.0,
        1031798784.0,
        1031798784.0,
        1031798784.0,
        1031798784.0,
        1031798784.0,
        1031798784.0,
        1031798784.0,
        1031798784.0,
        1031798784.0,
        1031798784.0,
        1031798784.0,
        1031798784.0,
        1031798784.0,
        67108864,
        524288000
      ]
    }
  },
  "execution_time": {
    "total_time_ms": 2471.2848586400246,
    "forward_backward_time_ms": 2241.447215922212,
    "batch_generator_time_ms": 5.343531689222912,
    "layernorm_grads_all_reduce_time_ms": null,
    "embedding_grads_all_reduce_time_ms": null,
    "optimizer_time_ms": 212.41758507488433,
    "layer_compute_total_ms": [
      1.7875187923628573,
      68.52877706152685,
      68.52877706152685,
      68.52877706152685,
      68.52877706152685,
      68.52877706152685,
      68.52877706152685,
      68.52877706152685,
      68.52877706152685,
      68.52877706152685,
      68.52877706152685,
      68.52877706152685,
      68.52877706152685,
      68.52877706152685,
      68.52877706152685,
      68.52877706152685,
      68.52877706152685,
      68.52877706152685,
      68.52877706152685,
      68.52877706152685,
      68.52877706152685,
      68.52877706152685,
      68.52877706152685,
      68.52877706152685,
      68.52877706152685,
      68.52877706152685,
      68.52877706152685,
      68.52877706152685,
      68.52877706152685,
      68.52877706152685,
      68.52877706152685,
      68.52877706152685,
      68.52877706152685,
      1.5152613584109778,
      33.58173438227974
    ]
  },
  "execution_memory": {
    "total_memory_mb": 74667.9388885498,
    "layer_memory_total_mb": [
      1250.0312538146973,
      2272.6406745910645,
      2272.6406745910645,
      2272.6406745910645,
      2272.6406745910645,
      2272.6406745910645,
      2272.6406745910645,
      2272.6406745910645,
      2272.6406745910645,
      2272.6406745910645,
      2272.6406745910645,
      2272.6406745910645,
      2272.6406745910645,
      2272.6406745910645,
      2272.6406745910645,
      2272.6406745910645,
      2272.6406745910645,
      2272.6406745910645,
      2272.6406745910645,
      2272.6406745910645,
      2272.6406745910645,
      2272.6406745910645,
      2272.6406745910645,
      2272.6406745910645,
      2272.6406745910645,
      2272.6406745910645,
      2272.6406745910645,
      2272.6406745910645,
      2272.6406745910645,
      2272.6406745910645,
      2272.6406745910645,
      2272.6406745910645,
      2272.6406745910645,
      64.07031631469727,
      1064.0000038146973
    ]
  }
}