{
  "model": {
    "model_name": "llama2_7B",
    "num_layers": 32,
    "parameters": {
      "total_parameters_bytes": 26953662464.0,
      "parameters_per_layer_bytes": [
        524288000,
        809533440.0,
        809533440.0,
        809533440.0,
        809533440.0,
        809533440.0,
        809533440.0,
        809533440.0,
        809533440.0,
        809533440.0,
        809533440.0,
        809533440.0,
        809533440.0,
        809533440.0,
        809533440.0,
        809533440.0,
        809533440.0,
        809533440.0,
        809533440.0,
        809533440.0,
        809533440.0,
        809533440.0,
        809533440.0,
        809533440.0,
        809533440.0,
        809533440.0,
        809533440.0,
        809533440.0,
        809533440.0,
        809533440.0,
        809533440.0,
        809533440.0,
        809533440.0,
        16384,
        524288000
      ],
      "activation_parameters_bytes": [
        33554432,
        515899392.0,
        515899392.0,
        515899392.0,
        515899392.0,
        515899392.0,
        515899392.0,
        515899392.0,
        515899392.0,
        515899392.0,
        515899392.0,
        515899392.0,
        515899392.0,
        515899392.0,
        515899392.0,
        515899392.0,
        515899392.0,
        515899392.0,
        515899392.0,
        515899392.0,
        515899392.0,
        515899392.0,
        515899392.0,
        515899392.0,
        515899392.0,
        515899392.0,
        515899392.0,
        515899392.0,
        515899392.0,
        515899392.0,
        515899392.0,
        515899392.0,
        515899392.0,
        33554432,
        262144000
      ]
    }
  },
  "execution_time": {
    "total_time_ms": 632.6345552117335,
    "forward_backward_time_ms": 558.0826778200119,
    "batch_generator_time_ms": 2.8995668281995712,
    "layernorm_grads_all_reduce_time_ms": null,
    "embedding_grads_all_reduce_time_ms": null,
    "optimizer_time_ms": 60.02325784672296,
    "layer_compute_total_ms": [
      2.943087767052586,
      16.83572457500824,
      16.83572457500824,
      16.83572457500824,
      16.83572457500824,
      16.83572457500824,
      16.83572457500824,
      16.83572457500824,
      16.83572457500824,
      16.83572457500824,
      16.83572457500824,
      16.83572457500824,
      16.83572457500824,
      16.83572457500824,
      16.83572457500824,
      16.83572457500824,
      16.83572457500824,
      16.83572457500824,
      16.83572457500824,
      16.83572457500824,
      16.83572457500824,
      16.83572457500824,
      16.83572457500824,
      16.83572457500824,
      16.83572457500824,
      16.83572457500824,
      16.83572457500824,
      16.83572457500824,
      16.83572457500824,
      16.83572457500824,
      16.83572457500824,
      16.83572457500824,
      16.83572457500824,
      1.3905788999195015,
      4.24593298243458
    ]
  },
  "execution_memory": {
    "total_memory_mb": 17973.431076049805,
    "layer_memory_total_mb": [
      687.5156288146973,
      525.4082527160645,
      525.4082527160645,
      525.4082527160645,
      525.4082527160645,
      525.4082527160645,
      525.4082527160645,
      525.4082527160645,
      525.4082527160645,
      525.4082527160645,
      525.4082527160645,
      525.4082527160645,
      525.4082527160645,
      525.4082527160645,
      525.4082527160645,
      525.4082527160645,
      525.4082527160645,
      525.4082527160645,
      525.4082527160645,
      525.4082527160645,
      525.4082527160645,
      525.4082527160645,
      525.4082527160645,
      525.4082527160645,
      525.4082527160645,
      525.4082527160645,
      525.4082527160645,
      525.4082527160645,
      525.4082527160645,
      525.4082527160645,
      525.4082527160645,
      525.4082527160645,
      525.4082527160645,
      8.063480377197266,
      282.00000381469727
    ]
  }
}