{
  "model": {
    "model_name": "llama2_7B",
    "num_layers": 32,
    "parameters": {
      "total_parameters_bytes": 26953662464.0,
      "parameters_per_layer_bytes": [
        524288000,
        809533440.0,
        809533440.0,
        809533440.0,
        809533440.0,
        809533440.0,
        809533440.0,
        809533440.0,
        809533440.0,
        809533440.0,
        809533440.0,
        809533440.0,
        809533440.0,
        809533440.0,
        809533440.0,
        809533440.0,
        809533440.0,
        809533440.0,
        809533440.0,
        809533440.0,
        809533440.0,
        809533440.0,
        809533440.0,
        809533440.0,
        809533440.0,
        809533440.0,
        809533440.0,
        809533440.0,
        809533440.0,
        809533440.0,
        809533440.0,
        809533440.0,
        809533440.0,
        16384,
        524288000
      ],
      "activation_parameters_bytes": [
        536870912,
        8254390272.0,
        8254390272.0,
        8254390272.0,
        8254390272.0,
        8254390272.0,
        8254390272.0,
        8254390272.0,
        8254390272.0,
        8254390272.0,
        8254390272.0,
        8254390272.0,
        8254390272.0,
        8254390272.0,
        8254390272.0,
        8254390272.0,
        8254390272.0,
        8254390272.0,
        8254390272.0,
        8254390272.0,
        8254390272.0,
        8254390272.0,
        8254390272.0,
        8254390272.0,
        8254390272.0,
        8254390272.0,
        8254390272.0,
        8254390272.0,
        8254390272.0,
        8254390272.0,
        8254390272.0,
        8254390272.0,
        8254390272.0,
        536870912,
        4194304000
      ]
    }
  },
  "execution_time": {
    "total_time_ms": 8454.290793710637,
    "forward_backward_time_ms": 8344.264857977985,
    "batch_generator_time_ms": 39.10059193463486,
    "layernorm_grads_all_reduce_time_ms": null,
    "embedding_grads_all_reduce_time_ms": null,
    "optimizer_time_ms": 60.732576400662936,
    "layer_compute_total_ms": [
      18.900178358876726,
      256.14485584396004,
      256.14485584396004,
      256.14485584396004,
      256.14485584396004,
      256.14485584396004,
      256.14485584396004,
      256.14485584396004,
      256.14485584396004,
      256.14485584396004,
      256.14485584396004,
      256.14485584396004,
      256.14485584396004,
      256.14485584396004,
      256.14485584396004,
      256.14485584396004,
      256.14485584396004,
      256.14485584396004,
      256.14485584396004,
      256.14485584396004,
      256.14485584396004,
      256.14485584396004,
      256.14485584396004,
      256.14485584396004,
      256.14485584396004,
      256.14485584396004,
      256.14485584396004,
      256.14485584396004,
      256.14485584396004,
      256.14485584396004,
      256.14485584396004,
      256.14485584396004,
      256.14485584396004,
      1.8070151667045258,
      66.54982038215547
    ]
  },
  "execution_memory": {
    "total_memory_mb": 87207.3763885498,
    "layer_memory_total_mb": [
      687.7500038146973,
      2610.9062995910645,
      2610.9062995910645,
      2610.9062995910645,
      2610.9062995910645,
      2610.9062995910645,
      2610.9062995910645,
      2610.9062995910645,
      2610.9062995910645,
      2610.9062995910645,
      2610.9062995910645,
      2610.9062995910645,
      2610.9062995910645,
      2610.9062995910645,
      2610.9062995910645,
      2610.9062995910645,
      2610.9062995910645,
      2610.9062995910645,
      2610.9062995910645,
      2610.9062995910645,
      2610.9062995910645,
      2610.9062995910645,
      2610.9062995910645,
      2610.9062995910645,
      2610.9062995910645,
      2610.9062995910645,
      2610.9062995910645,
      2610.9062995910645,
      2610.9062995910645,
      2610.9062995910645,
      2610.9062995910645,
      2610.9062995910645,
      2610.9062995910645,
      128.07812881469727,
      762.0000038146973
    ]
  }
}