{
  "model": {
    "model_name": "llama2_7B",
    "num_layers": 32,
    "parameters": {
      "total_parameters_bytes": 26953662464.0,
      "parameters_per_layer_bytes": [
        524288000,
        809533440.0,
        809533440.0,
        809533440.0,
        809533440.0,
        809533440.0,
        809533440.0,
        809533440.0,
        809533440.0,
        809533440.0,
        809533440.0,
        809533440.0,
        809533440.0,
        809533440.0,
        809533440.0,
        809533440.0,
        809533440.0,
        809533440.0,
        809533440.0,
        809533440.0,
        809533440.0,
        809533440.0,
        809533440.0,
        809533440.0,
        809533440.0,
        809533440.0,
        809533440.0,
        809533440.0,
        809533440.0,
        809533440.0,
        809533440.0,
        809533440.0,
        809533440.0,
        16384,
        524288000
      ],
      "activation_parameters_bytes": [
        1073741824,
        16508780544.0,
        16508780544.0,
        16508780544.0,
        16508780544.0,
        16508780544.0,
        16508780544.0,
        16508780544.0,
        16508780544.0,
        16508780544.0,
        16508780544.0,
        16508780544.0,
        16508780544.0,
        16508780544.0,
        16508780544.0,
        16508780544.0,
        16508780544.0,
        16508780544.0,
        16508780544.0,
        16508780544.0,
        16508780544.0,
        16508780544.0,
        16508780544.0,
        16508780544.0,
        16508780544.0,
        16508780544.0,
        16508780544.0,
        16508780544.0,
        16508780544.0,
        16508780544.0,
        16508780544.0,
        16508780544.0,
        16508780544.0,
        1073741824,
        8388608000
      ]
    }
  },
  "execution_time": {
    "total_time_ms": 46793.92115097995,
    "forward_backward_time_ms": 46369.46105957031,
    "batch_generator_time_ms": 161.06864384242468,
    "layernorm_grads_all_reduce_time_ms": null,
    "embedding_grads_all_reduce_time_ms": null,
    "optimizer_time_ms": 239.10888994348306,
    "layer_compute_total_ms": [
      51.03935514177595,
      1422.548532485962,
      1422.548532485962,
      1422.548532485962,
      1422.548532485962,
      1422.548532485962,
      1422.548532485962,
      1422.548532485962,
      1422.548532485962,
      1422.548532485962,
      1422.548532485962,
      1422.548532485962,
      1422.548532485962,
      1422.548532485962,
      1422.548532485962,
      1422.548532485962,
      1422.548532485962,
      1422.548532485962,
      1422.548532485962,
      1422.548532485962,
      1422.548532485962,
      1422.548532485962,
      1422.548532485962,
      1422.548532485962,
      1422.548532485962,
      1422.548532485962,
      1422.548532485962,
      1422.548532485962,
      1422.548532485962,
      1422.548532485962,
      1422.548532485962,
      1422.548532485962,
      1422.548532485962,
      11.917761393955775,
      584.500891821725
    ]
  },
  "execution_memory": {
    "total_memory_mb": 1029664.0055541992,
    "layer_memory_total_mb": [
      3502.000015258789,
      30490.000198364258,
      30490.000198364258,
      30490.000198364258,
      30490.000198364258,
      30490.000198364258,
      30490.000198364258,
      30490.000198364258,
      30490.000198364258,
      30490.000198364258,
      30490.000198364258,
      30490.000198364258,
      30490.000198364258,
      30490.000198364258,
      30490.000198364258,
      30490.000198364258,
      30490.000198364258,
      30490.000198364258,
      30490.000198364258,
      30490.000198364258,
      30490.000198364258,
      30490.000198364258,
      30490.000198364258,
      30490.000198364258,
      30490.000198364258,
      30490.000198364258,
      30490.000198364258,
      30490.000198364258,
      30490.000198364258,
      30490.000198364258,
      30490.000198364258,
      30490.000198364258,
      30490.000198364258,
      2048.500015258789,
      6096.000015258789
    ]
  }
}