{
  "model": {
    "model_name": "llama2_7B",
    "num_layers": 32,
    "parameters": {
      "total_parameters_bytes": 26953662464.0,
      "parameters_per_layer_bytes": [
        524288000,
        809533440.0,
        809533440.0,
        809533440.0,
        809533440.0,
        809533440.0,
        809533440.0,
        809533440.0,
        809533440.0,
        809533440.0,
        809533440.0,
        809533440.0,
        809533440.0,
        809533440.0,
        809533440.0,
        809533440.0,
        809533440.0,
        809533440.0,
        809533440.0,
        809533440.0,
        809533440.0,
        809533440.0,
        809533440.0,
        809533440.0,
        809533440.0,
        809533440.0,
        809533440.0,
        809533440.0,
        809533440.0,
        809533440.0,
        809533440.0,
        809533440.0,
        809533440.0,
        16384,
        524288000
      ],
      "activation_parameters_bytes": [
        536870912,
        8254390272.0,
        8254390272.0,
        8254390272.0,
        8254390272.0,
        8254390272.0,
        8254390272.0,
        8254390272.0,
        8254390272.0,
        8254390272.0,
        8254390272.0,
        8254390272.0,
        8254390272.0,
        8254390272.0,
        8254390272.0,
        8254390272.0,
        8254390272.0,
        8254390272.0,
        8254390272.0,
        8254390272.0,
        8254390272.0,
        8254390272.0,
        8254390272.0,
        8254390272.0,
        8254390272.0,
        8254390272.0,
        8254390272.0,
        8254390272.0,
        8254390272.0,
        8254390272.0,
        8254390272.0,
        8254390272.0,
        8254390272.0,
        536870912,
        4194304000
      ]
    }
  },
  "execution_time": {
    "total_time_ms": 9460.86083520618,
    "forward_backward_time_ms": 9320.391218328206,
    "batch_generator_time_ms": 20.672064308985377,
    "layernorm_grads_all_reduce_time_ms": null,
    "embedding_grads_all_reduce_time_ms": null,
    "optimizer_time_ms": 112.90358135273486,
    "layer_compute_total_ms": [
      4.990898783116418,
      285.7334466990161,
      285.7334466990161,
      285.7334466990161,
      285.7334466990161,
      285.7334466990161,
      285.7334466990161,
      285.7334466990161,
      285.7334466990161,
      285.7334466990161,
      285.7334466990161,
      285.7334466990161,
      285.7334466990161,
      285.7334466990161,
      285.7334466990161,
      285.7334466990161,
      285.7334466990161,
      285.7334466990161,
      285.7334466990161,
      285.7334466990161,
      285.7334466990161,
      285.7334466990161,
      285.7334466990161,
      285.7334466990161,
      285.7334466990161,
      285.7334466990161,
      285.7334466990161,
      285.7334466990161,
      285.7334466990161,
      285.7334466990161,
      285.7334466990161,
      285.7334466990161,
      285.7334466990161,
      2.962984718369712,
      141.73930725586243
    ]
  },
  "execution_memory": {
    "total_memory_mb": 248022.0013885498,
    "layer_memory_total_mb": [
      1250.2500038146973,
      7370.500049591064,
      7370.500049591064,
      7370.500049591064,
      7370.500049591064,
      7370.500049591064,
      7370.500049591064,
      7370.500049591064,
      7370.500049591064,
      7370.500049591064,
      7370.500049591064,
      7370.500049591064,
      7370.500049591064,
      7370.500049591064,
      7370.500049591064,
      7370.500049591064,
      7370.500049591064,
      7370.500049591064,
      7370.500049591064,
      7370.500049591064,
      7370.500049591064,
      7370.500049591064,
      7370.500049591064,
      7370.500049591064,
      7370.500049591064,
      7370.500049591064,
      7370.500049591064,
      7370.500049591064,
      7370.500049591064,
      7370.500049591064,
      7370.500049591064,
      7370.500049591064,
      7370.500049591064,
      512.1250038146973,
      1512.0000038146973
    ]
  }
}