{
  "model": {
    "model_name": "llama2_7B",
    "num_layers": 32,
    "parameters": {
      "total_parameters_bytes": 26953662464.0,
      "parameters_per_layer_bytes": [
        524288000,
        809533440.0,
        809533440.0,
        809533440.0,
        809533440.0,
        809533440.0,
        809533440.0,
        809533440.0,
        809533440.0,
        809533440.0,
        809533440.0,
        809533440.0,
        809533440.0,
        809533440.0,
        809533440.0,
        809533440.0,
        809533440.0,
        809533440.0,
        809533440.0,
        809533440.0,
        809533440.0,
        809533440.0,
        809533440.0,
        809533440.0,
        809533440.0,
        809533440.0,
        809533440.0,
        809533440.0,
        809533440.0,
        809533440.0,
        809533440.0,
        809533440.0,
        809533440.0,
        16384,
        524288000
      ],
      "activation_parameters_bytes": [
        268435456,
        4127195136.0,
        4127195136.0,
        4127195136.0,
        4127195136.0,
        4127195136.0,
        4127195136.0,
        4127195136.0,
        4127195136.0,
        4127195136.0,
        4127195136.0,
        4127195136.0,
        4127195136.0,
        4127195136.0,
        4127195136.0,
        4127195136.0,
        4127195136.0,
        4127195136.0,
        4127195136.0,
        4127195136.0,
        4127195136.0,
        4127195136.0,
        4127195136.0,
        4127195136.0,
        4127195136.0,
        4127195136.0,
        4127195136.0,
        4127195136.0,
        4127195136.0,
        4127195136.0,
        4127195136.0,
        4127195136.0,
        4127195136.0,
        268435456,
        2097152000
      ]
    }
  },
  "execution_time": {
    "total_time_ms": 4901.850802231181,
    "forward_backward_time_ms": 4772.190635240348,
    "batch_generator_time_ms": 10.438416958095257,
    "layernorm_grads_all_reduce_time_ms": null,
    "embedding_grads_all_reduce_time_ms": null,
    "optimizer_time_ms": 113.1500903619146,
    "layer_compute_total_ms": [
      2.6307986521520506,
      146.36162449575824,
      146.36162449575824,
      146.36162449575824,
      146.36162449575824,
      146.36162449575824,
      146.36162449575824,
      146.36162449575824,
      146.36162449575824,
      146.36162449575824,
      146.36162449575824,
      146.36162449575824,
      146.36162449575824,
      146.36162449575824,
      146.36162449575824,
      146.36162449575824,
      146.36162449575824,
      146.36162449575824,
      146.36162449575824,
      146.36162449575824,
      146.36162449575824,
      146.36162449575824,
      146.36162449575824,
      146.36162449575824,
      146.36162449575824,
      146.36162449575824,
      146.36162449575824,
      146.36162449575824,
      146.36162449575824,
      146.36162449575824,
      146.36162449575824,
      146.36162449575824,
      146.36162449575824,
      1.5308807152483725,
      69.90150602485753
    ]
  },
  "execution_memory": {
    "total_memory_mb": 150206.2513885498,
    "layer_memory_total_mb": [
      1250.1250038146973,
      4457.437549591064,
      4457.437549591064,
      4457.437549591064,
      4457.437549591064,
      4457.437549591064,
      4457.437549591064,
      4457.437549591064,
      4457.437549591064,
      4457.437549591064,
      4457.437549591064,
      4457.437549591064,
      4457.437549591064,
      4457.437549591064,
      4457.437549591064,
      4457.437549591064,
      4457.437549591064,
      4457.437549591064,
      4457.437549591064,
      4457.437549591064,
      4457.437549591064,
      4457.437549591064,
      4457.437549591064,
      4457.437549591064,
      4457.437549591064,
      4457.437549591064,
      4457.437549591064,
      4457.437549591064,
      4457.437549591064,
      4457.437549591064,
      4457.437549591064,
      4457.437549591064,
      4457.437549591064,
      256.09375381469727,
      1256.0000038146973
    ]
  }
}