{
  "model": {
    "model_name": "llama2_7B",
    "num_layers": 32,
    "parameters": {
      "total_parameters_bytes": 26953662464.0,
      "parameters_per_layer_bytes": [
        524288000,
        809533440.0,
        809533440.0,
        809533440.0,
        809533440.0,
        809533440.0,
        809533440.0,
        809533440.0,
        809533440.0,
        809533440.0,
        809533440.0,
        809533440.0,
        809533440.0,
        809533440.0,
        809533440.0,
        809533440.0,
        809533440.0,
        809533440.0,
        809533440.0,
        809533440.0,
        809533440.0,
        809533440.0,
        809533440.0,
        809533440.0,
        809533440.0,
        809533440.0,
        809533440.0,
        809533440.0,
        809533440.0,
        809533440.0,
        809533440.0,
        809533440.0,
        809533440.0,
        16384,
        524288000
      ],
      "activation_parameters_bytes": [
        134217728,
        2063597568.0,
        2063597568.0,
        2063597568.0,
        2063597568.0,
        2063597568.0,
        2063597568.0,
        2063597568.0,
        2063597568.0,
        2063597568.0,
        2063597568.0,
        2063597568.0,
        2063597568.0,
        2063597568.0,
        2063597568.0,
        2063597568.0,
        2063597568.0,
        2063597568.0,
        2063597568.0,
        2063597568.0,
        2063597568.0,
        2063597568.0,
        2063597568.0,
        2063597568.0,
        2063597568.0,
        2063597568.0,
        2063597568.0,
        2063597568.0,
        2063597568.0,
        2063597568.0,
        2063597568.0,
        2063597568.0,
        2063597568.0,
        134217728,
        1048576000
      ]
    }
  },
  "execution_time": {
    "total_time_ms": 2782.9009670335113,
    "forward_backward_time_ms": 2652.3990582676292,
    "batch_generator_time_ms": 9.826046885140626,
    "layernorm_grads_all_reduce_time_ms": null,
    "embedding_grads_all_reduce_time_ms": null,
    "optimizer_time_ms": 109.78042314007756,
    "layer_compute_total_ms": [
      3.488262996022757,
      81.16418466705113,
      81.16418466705113,
      81.16418466705113,
      81.16418466705113,
      81.16418466705113,
      81.16418466705113,
      81.16418466705113,
      81.16418466705113,
      81.16418466705113,
      81.16418466705113,
      81.16418466705113,
      81.16418466705113,
      81.16418466705113,
      81.16418466705113,
      81.16418466705113,
      81.16418466705113,
      81.16418466705113,
      81.16418466705113,
      81.16418466705113,
      81.16418466705113,
      81.16418466705113,
      81.16418466705113,
      81.16418466705113,
      81.16418466705113,
      81.16418466705113,
      81.16418466705113,
      81.16418466705113,
      81.16418466705113,
      81.16418466705113,
      81.16418466705113,
      81.16418466705113,
      81.16418466705113,
      1.5036264253361111,
      33.64020778242221
    ]
  },
  "execution_memory": {
    "total_memory_mb": 54029.938888549805,
    "layer_memory_total_mb": [
      875.0625038146973,
      1628.6406745910645,
      1628.6406745910645,
      1628.6406745910645,
      1628.6406745910645,
      1628.6406745910645,
      1628.6406745910645,
      1628.6406745910645,
      1628.6406745910645,
      1628.6406745910645,
      1628.6406745910645,
      1628.6406745910645,
      1628.6406745910645,
      1628.6406745910645,
      1628.6406745910645,
      1628.6406745910645,
      1628.6406745910645,
      1628.6406745910645,
      1628.6406745910645,
      1628.6406745910645,
      1628.6406745910645,
      1628.6406745910645,
      1628.6406745910645,
      1628.6406745910645,
      1628.6406745910645,
      1628.6406745910645,
      1628.6406745910645,
      1628.6406745910645,
      1628.6406745910645,
      1628.6406745910645,
      1628.6406745910645,
      1628.6406745910645,
      1628.6406745910645,
      64.07031631469727,
      628.0000038146973
    ]
  }
}