{
  "model": {
    "model_name": "llama2_7B",
    "num_layers": 32,
    "parameters": {
      "total_parameters_bytes": 26953662464.0,
      "parameters_per_layer_bytes": [
        524288000,
        809533440.0,
        809533440.0,
        809533440.0,
        809533440.0,
        809533440.0,
        809533440.0,
        809533440.0,
        809533440.0,
        809533440.0,
        809533440.0,
        809533440.0,
        809533440.0,
        809533440.0,
        809533440.0,
        809533440.0,
        809533440.0,
        809533440.0,
        809533440.0,
        809533440.0,
        809533440.0,
        809533440.0,
        809533440.0,
        809533440.0,
        809533440.0,
        809533440.0,
        809533440.0,
        809533440.0,
        809533440.0,
        809533440.0,
        809533440.0,
        809533440.0,
        809533440.0,
        16384,
        524288000
      ],
      "activation_parameters_bytes": [
        1073741824,
        16508780544.0,
        16508780544.0,
        16508780544.0,
        16508780544.0,
        16508780544.0,
        16508780544.0,
        16508780544.0,
        16508780544.0,
        16508780544.0,
        16508780544.0,
        16508780544.0,
        16508780544.0,
        16508780544.0,
        16508780544.0,
        16508780544.0,
        16508780544.0,
        16508780544.0,
        16508780544.0,
        16508780544.0,
        16508780544.0,
        16508780544.0,
        16508780544.0,
        16508780544.0,
        16508780544.0,
        16508780544.0,
        16508780544.0,
        16508780544.0,
        16508780544.0,
        16508780544.0,
        16508780544.0,
        16508780544.0,
        16508780544.0,
        1073741824,
        8388608000
      ]
    }
  },
  "execution_time": {
    "total_time_ms": 8963.30423011162,
    "forward_backward_time_ms": 8886.08239760895,
    "batch_generator_time_ms": 39.64123443313927,
    "layernorm_grads_all_reduce_time_ms": null,
    "embedding_grads_all_reduce_time_ms": null,
    "optimizer_time_ms": 31.818334325926912,
    "layer_compute_total_ms": [
      18.33885404220474,
      272.9693648016947,
      272.9693648016947,
      272.9693648016947,
      272.9693648016947,
      272.9693648016947,
      272.9693648016947,
      272.9693648016947,
      272.9693648016947,
      272.9693648016947,
      272.9693648016947,
      272.9693648016947,
      272.9693648016947,
      272.9693648016947,
      272.9693648016947,
      272.9693648016947,
      272.9693648016947,
      272.9693648016947,
      272.9693648016947,
      272.9693648016947,
      272.9693648016947,
      272.9693648016947,
      272.9693648016947,
      272.9693648016947,
      272.9693648016947,
      272.9693648016947,
      272.9693648016947,
      272.9693648016947,
      272.9693648016947,
      272.9693648016947,
      272.9693648016947,
      272.9693648016947,
      272.9693648016947,
      1.5437465194937021,
      71.32381068484902
    ]
  },
  "execution_memory": {
    "total_memory_mb": 161938.2513885498,
    "layer_memory_total_mb": [
      688.0000038146973,
      4835.437549591064,
      4835.437549591064,
      4835.437549591064,
      4835.437549591064,
      4835.437549591064,
      4835.437549591064,
      4835.437549591064,
      4835.437549591064,
      4835.437549591064,
      4835.437549591064,
      4835.437549591064,
      4835.437549591064,
      4835.437549591064,
      4835.437549591064,
      4835.437549591064,
      4835.437549591064,
      4835.437549591064,
      4835.437549591064,
      4835.437549591064,
      4835.437549591064,
      4835.437549591064,
      4835.437549591064,
      4835.437549591064,
      4835.437549591064,
      4835.437549591064,
      4835.437549591064,
      4835.437549591064,
      4835.437549591064,
      4835.437549591064,
      4835.437549591064,
      4835.437549591064,
      4835.437549591064,
      256.09375381469727,
      1274.0000038146973
    ]
  }
}