{
  "model": {
    "model_name": "llama2_7B",
    "num_layers": 32,
    "parameters": {
      "total_parameters_bytes": 26953662464.0,
      "parameters_per_layer_bytes": [
        524288000,
        809533440.0,
        809533440.0,
        809533440.0,
        809533440.0,
        809533440.0,
        809533440.0,
        809533440.0,
        809533440.0,
        809533440.0,
        809533440.0,
        809533440.0,
        809533440.0,
        809533440.0,
        809533440.0,
        809533440.0,
        809533440.0,
        809533440.0,
        809533440.0,
        809533440.0,
        809533440.0,
        809533440.0,
        809533440.0,
        809533440.0,
        809533440.0,
        809533440.0,
        809533440.0,
        809533440.0,
        809533440.0,
        809533440.0,
        809533440.0,
        809533440.0,
        809533440.0,
        16384,
        524288000
      ],
      "activation_parameters_bytes": [
        67108864,
        1031798784.0,
        1031798784.0,
        1031798784.0,
        1031798784.0,
        1031798784.0,
        1031798784.0,
        1031798784.0,
        1031798784.0,
        1031798784.0,
        1031798784.0,
        1031798784.0,
        1031798784.0,
        1031798784.0,
        1031798784.0,
        1031798784.0,
        1031798784.0,
        1031798784.0,
        1031798784.0,
        1031798784.0,
        1031798784.0,
        1031798784.0,
        1031798784.0,
        1031798784.0,
        1031798784.0,
        1031798784.0,
        1031798784.0,
        1031798784.0,
        1031798784.0,
        1031798784.0,
        1031798784.0,
        1031798784.0,
        1031798784.0,
        67108864,
        524288000
      ]
    }
  },
  "execution_time": {
    "total_time_ms": 1309.7254957077348,
    "forward_backward_time_ms": 1187.9167048318252,
    "batch_generator_time_ms": 2.8319518351068815,
    "layernorm_grads_all_reduce_time_ms": null,
    "embedding_grads_all_reduce_time_ms": null,
    "optimizer_time_ms": 112.57655139858873,
    "layer_compute_total_ms": [
      0.9473448308596446,
      36.3187133985621,
      36.3187133985621,
      36.3187133985621,
      36.3187133985621,
      36.3187133985621,
      36.3187133985621,
      36.3187133985621,
      36.3187133985621,
      36.3187133985621,
      36.3187133985621,
      36.3187133985621,
      36.3187133985621,
      36.3187133985621,
      36.3187133985621,
      36.3187133985621,
      36.3187133985621,
      36.3187133985621,
      36.3187133985621,
      36.3187133985621,
      36.3187133985621,
      36.3187133985621,
      36.3187133985621,
      36.3187133985621,
      36.3187133985621,
      36.3187133985621,
      36.3187133985621,
      36.3187133985621,
      36.3187133985621,
      36.3187133985621,
      36.3187133985621,
      36.3187133985621,
      36.3187133985621,
      0.803054502937281,
      17.797565325901388
    ]
  },
  "execution_memory": {
    "total_memory_mb": 74667.9388885498,
    "layer_memory_total_mb": [
      1250.0312538146973,
      2272.6406745910645,
      2272.6406745910645,
      2272.6406745910645,
      2272.6406745910645,
      2272.6406745910645,
      2272.6406745910645,
      2272.6406745910645,
      2272.6406745910645,
      2272.6406745910645,
      2272.6406745910645,
      2272.6406745910645,
      2272.6406745910645,
      2272.6406745910645,
      2272.6406745910645,
      2272.6406745910645,
      2272.6406745910645,
      2272.6406745910645,
      2272.6406745910645,
      2272.6406745910645,
      2272.6406745910645,
      2272.6406745910645,
      2272.6406745910645,
      2272.6406745910645,
      2272.6406745910645,
      2272.6406745910645,
      2272.6406745910645,
      2272.6406745910645,
      2272.6406745910645,
      2272.6406745910645,
      2272.6406745910645,
      2272.6406745910645,
      2272.6406745910645,
      64.07031631469727,
      1064.0000038146973
    ]
  }
}