{
  "model": {
    "model_name": "llama2_7B",
    "num_layers": 32,
    "parameters": {
      "total_parameters_bytes": 26953662464.0,
      "parameters_per_layer_bytes": [
        524288000,
        809533440.0,
        809533440.0,
        809533440.0,
        809533440.0,
        809533440.0,
        809533440.0,
        809533440.0,
        809533440.0,
        809533440.0,
        809533440.0,
        809533440.0,
        809533440.0,
        809533440.0,
        809533440.0,
        809533440.0,
        809533440.0,
        809533440.0,
        809533440.0,
        809533440.0,
        809533440.0,
        809533440.0,
        809533440.0,
        809533440.0,
        809533440.0,
        809533440.0,
        809533440.0,
        809533440.0,
        809533440.0,
        809533440.0,
        809533440.0,
        809533440.0,
        809533440.0,
        16384,
        524288000
      ],
      "activation_parameters_bytes": [
        67108864,
        1031798784.0,
        1031798784.0,
        1031798784.0,
        1031798784.0,
        1031798784.0,
        1031798784.0,
        1031798784.0,
        1031798784.0,
        1031798784.0,
        1031798784.0,
        1031798784.0,
        1031798784.0,
        1031798784.0,
        1031798784.0,
        1031798784.0,
        1031798784.0,
        1031798784.0,
        1031798784.0,
        1031798784.0,
        1031798784.0,
        1031798784.0,
        1031798784.0,
        1031798784.0,
        1031798784.0,
        1031798784.0,
        1031798784.0,
        1031798784.0,
        1031798784.0,
        1031798784.0,
        1031798784.0,
        1031798784.0,
        1031798784.0,
        67108864,
        524288000
      ]
    }
  },
  "execution_time": {
    "total_time_ms": 1130.450290296526,
    "forward_backward_time_ms": 1056.7952795066608,
    "batch_generator_time_ms": 5.843236341905901,
    "layernorm_grads_all_reduce_time_ms": null,
    "embedding_grads_all_reduce_time_ms": null,
    "optimizer_time_ms": 57.82766542470833,
    "layer_compute_total_ms": [
      3.7830041519976896,
      32.18653295489536,
      32.18653295489536,
      32.18653295489536,
      32.18653295489536,
      32.18653295489536,
      32.18653295489536,
      32.18653295489536,
      32.18653295489536,
      32.18653295489536,
      32.18653295489536,
      32.18653295489536,
      32.18653295489536,
      32.18653295489536,
      32.18653295489536,
      32.18653295489536,
      32.18653295489536,
      32.18653295489536,
      32.18653295489536,
      32.18653295489536,
      32.18653295489536,
      32.18653295489536,
      32.18653295489536,
      32.18653295489536,
      32.18653295489536,
      32.18653295489536,
      32.18653295489536,
      32.18653295489536,
      32.18653295489536,
      32.18653295489536,
      32.18653295489536,
      32.18653295489536,
      32.18653295489536,
      1.4899003488842755,
      7.909223106821411
    ]
  },
  "execution_memory": {
    "total_memory_mb": 22304.360763549805,
    "layer_memory_total_mb": [
      687.5312538146973,
      664.4414558410645,
      664.4414558410645,
      664.4414558410645,
      664.4414558410645,
      664.4414558410645,
      664.4414558410645,
      664.4414558410645,
      664.4414558410645,
      664.4414558410645,
      664.4414558410645,
      664.4414558410645,
      664.4414558410645,
      664.4414558410645,
      664.4414558410645,
      664.4414558410645,
      664.4414558410645,
      664.4414558410645,
      664.4414558410645,
      664.4414558410645,
      664.4414558410645,
      664.4414558410645,
      664.4414558410645,
      664.4414558410645,
      664.4414558410645,
      664.4414558410645,
      664.4414558410645,
      664.4414558410645,
      664.4414558410645,
      664.4414558410645,
      664.4414558410645,
      664.4414558410645,
      664.4414558410645,
      16.064456939697266,
      314.00000381469727
    ]
  }
}