{
  "model": {
    "model_name": "llama2_7B",
    "num_layers": 32,
    "parameters": {
      "total_parameters_bytes": 26953662464.0,
      "parameters_per_layer_bytes": [
        524288000,
        809533440.0,
        809533440.0,
        809533440.0,
        809533440.0,
        809533440.0,
        809533440.0,
        809533440.0,
        809533440.0,
        809533440.0,
        809533440.0,
        809533440.0,
        809533440.0,
        809533440.0,
        809533440.0,
        809533440.0,
        809533440.0,
        809533440.0,
        809533440.0,
        809533440.0,
        809533440.0,
        809533440.0,
        809533440.0,
        809533440.0,
        809533440.0,
        809533440.0,
        809533440.0,
        809533440.0,
        809533440.0,
        809533440.0,
        809533440.0,
        809533440.0,
        809533440.0,
        16384,
        524288000
      ],
      "activation_parameters_bytes": [
        134217728,
        2063597568.0,
        2063597568.0,
        2063597568.0,
        2063597568.0,
        2063597568.0,
        2063597568.0,
        2063597568.0,
        2063597568.0,
        2063597568.0,
        2063597568.0,
        2063597568.0,
        2063597568.0,
        2063597568.0,
        2063597568.0,
        2063597568.0,
        2063597568.0,
        2063597568.0,
        2063597568.0,
        2063597568.0,
        2063597568.0,
        2063597568.0,
        2063597568.0,
        2063597568.0,
        2063597568.0,
        2063597568.0,
        2063597568.0,
        2063597568.0,
        2063597568.0,
        2063597568.0,
        2063597568.0,
        2063597568.0,
        2063597568.0,
        134217728,
        1048576000
      ]
    }
  },
  "execution_time": {
    "total_time_ms": 10121.254592084202,
    "forward_backward_time_ms": 9603.946174894061,
    "batch_generator_time_ms": 27.471201760428293,
    "layernorm_grads_all_reduce_time_ms": null,
    "embedding_grads_all_reduce_time_ms": null,
    "optimizer_time_ms": 462.6919659267139,
    "layer_compute_total_ms": [
      5.708421979631696,
      294.1325221742902,
      294.1325221742902,
      294.1325221742902,
      294.1325221742902,
      294.1325221742902,
      294.1325221742902,
      294.1325221742902,
      294.1325221742902,
      294.1325221742902,
      294.1325221742902,
      294.1325221742902,
      294.1325221742902,
      294.1325221742902,
      294.1325221742902,
      294.1325221742902,
      294.1325221742902,
      294.1325221742902,
      294.1325221742902,
      294.1325221742902,
      294.1325221742902,
      294.1325221742902,
      294.1325221742902,
      294.1325221742902,
      294.1325221742902,
      294.1325221742902,
      294.1325221742902,
      294.1325221742902,
      294.1325221742902,
      294.1325221742902,
      294.1325221742902,
      294.1325221742902,
      294.1325221742902,
      4.3684073856898715,
      143.0187225341797
    ]
  },
  "execution_memory": {
    "total_memory_mb": 197974.7527770996,
    "layer_memory_total_mb": [
      2500.1250076293945,
      6001.812599182129,
      6001.812599182129,
      6001.812599182129,
      6001.812599182129,
      6001.812599182129,
      6001.812599182129,
      6001.812599182129,
      6001.812599182129,
      6001.812599182129,
      6001.812599182129,
      6001.812599182129,
      6001.812599182129,
      6001.812599182129,
      6001.812599182129,
      6001.812599182129,
      6001.812599182129,
      6001.812599182129,
      6001.812599182129,
      6001.812599182129,
      6001.812599182129,
      6001.812599182129,
      6001.812599182129,
      6001.812599182129,
      6001.812599182129,
      6001.812599182129,
      6001.812599182129,
      6001.812599182129,
      6001.812599182129,
      6001.812599182129,
      6001.812599182129,
      6001.812599182129,
      6001.812599182129,
      256.15625762939453,
      2256.0000076293945
    ]
  }
}