{
  "model": {
    "model_name": "llama2_7B",
    "num_layers": 32,
    "parameters": {
      "total_parameters_bytes": 26953662464.0,
      "parameters_per_layer_bytes": [
        524288000,
        809533440.0,
        809533440.0,
        809533440.0,
        809533440.0,
        809533440.0,
        809533440.0,
        809533440.0,
        809533440.0,
        809533440.0,
        809533440.0,
        809533440.0,
        809533440.0,
        809533440.0,
        809533440.0,
        809533440.0,
        809533440.0,
        809533440.0,
        809533440.0,
        809533440.0,
        809533440.0,
        809533440.0,
        809533440.0,
        809533440.0,
        809533440.0,
        809533440.0,
        809533440.0,
        809533440.0,
        809533440.0,
        809533440.0,
        809533440.0,
        809533440.0,
        809533440.0,
        16384,
        524288000
      ],
      "activation_parameters_bytes": [
        268435456,
        4127195136.0,
        4127195136.0,
        4127195136.0,
        4127195136.0,
        4127195136.0,
        4127195136.0,
        4127195136.0,
        4127195136.0,
        4127195136.0,
        4127195136.0,
        4127195136.0,
        4127195136.0,
        4127195136.0,
        4127195136.0,
        4127195136.0,
        4127195136.0,
        4127195136.0,
        4127195136.0,
        4127195136.0,
        4127195136.0,
        4127195136.0,
        4127195136.0,
        4127195136.0,
        4127195136.0,
        4127195136.0,
        4127195136.0,
        4127195136.0,
        4127195136.0,
        4127195136.0,
        4127195136.0,
        4127195136.0,
        4127195136.0,
        268435456,
        2097152000
      ]
    }
  },
  "execution_time": {
    "total_time_ms": 34884.81308100428,
    "forward_backward_time_ms": 33952.72609165737,
    "batch_generator_time_ms": 42.97229221888951,
    "layernorm_grads_all_reduce_time_ms": null,
    "embedding_grads_all_reduce_time_ms": null,
    "optimizer_time_ms": 866.7718449442661,
    "layer_compute_total_ms": [
      0.848804201398577,
      1041.2734491484507,
      1041.2734491484507,
      1041.2734491484507,
      1041.2734491484507,
      1041.2734491484507,
      1041.2734491484507,
      1041.2734491484507,
      1041.2734491484507,
      1041.2734491484507,
      1041.2734491484507,
      1041.2734491484507,
      1041.2734491484507,
      1041.2734491484507,
      1041.2734491484507,
      1041.2734491484507,
      1041.2734491484507,
      1041.2734491484507,
      1041.2734491484507,
      1041.2734491484507,
      1041.2734491484507,
      1041.2734491484507,
      1041.2734491484507,
      1041.2734491484507,
      1041.2734491484507,
      1041.2734491484507,
      1041.2734491484507,
      1041.2734491484507,
      1041.2734491484507,
      1041.2734491484507,
      1041.2734491484507,
      1041.2734491484507,
      1041.2734491484507,
      11.41909190586635,
      584.5860753740583
    ]
  },
  "execution_memory": {
    "total_memory_mb": 278454.0013885498,
    "layer_memory_total_mb": [
      2000.1250038146973,
      8402.500049591064,
      8402.500049591064,
      8402.500049591064,
      8402.500049591064,
      8402.500049591064,
      8402.500049591064,
      8402.500049591064,
      8402.500049591064,
      8402.500049591064,
      8402.500049591064,
      8402.500049591064,
      8402.500049591064,
      8402.500049591064,
      8402.500049591064,
      8402.500049591064,
      8402.500049591064,
      8402.500049591064,
      8402.500049591064,
      8402.500049591064,
      8402.500049591064,
      8402.500049591064,
      8402.500049591064,
      8402.500049591064,
      8402.500049591064,
      8402.500049591064,
      8402.500049591064,
      8402.500049591064,
      8402.500049591064,
      8402.500049591064,
      8402.500049591064,
      8402.500049591064,
      8402.500049591064,
      512.1250038146973,
      2256.0000038146973
    ]
  }
}