{
  "model": {
    "model_name": "llama2_7B",
    "num_layers": 32,
    "parameters": {
      "total_parameters_bytes": 26953662464.0,
      "parameters_per_layer_bytes": [
        524288000,
        809533440.0,
        809533440.0,
        809533440.0,
        809533440.0,
        809533440.0,
        809533440.0,
        809533440.0,
        809533440.0,
        809533440.0,
        809533440.0,
        809533440.0,
        809533440.0,
        809533440.0,
        809533440.0,
        809533440.0,
        809533440.0,
        809533440.0,
        809533440.0,
        809533440.0,
        809533440.0,
        809533440.0,
        809533440.0,
        809533440.0,
        809533440.0,
        809533440.0,
        809533440.0,
        809533440.0,
        809533440.0,
        809533440.0,
        809533440.0,
        809533440.0,
        809533440.0,
        16384,
        524288000
      ],
      "activation_parameters_bytes": [
        67108864,
        1031798784.0,
        1031798784.0,
        1031798784.0,
        1031798784.0,
        1031798784.0,
        1031798784.0,
        1031798784.0,
        1031798784.0,
        1031798784.0,
        1031798784.0,
        1031798784.0,
        1031798784.0,
        1031798784.0,
        1031798784.0,
        1031798784.0,
        1031798784.0,
        1031798784.0,
        1031798784.0,
        1031798784.0,
        1031798784.0,
        1031798784.0,
        1031798784.0,
        1031798784.0,
        1031798784.0,
        1031798784.0,
        1031798784.0,
        1031798784.0,
        1031798784.0,
        1031798784.0,
        1031798784.0,
        1031798784.0,
        1031798784.0,
        67108864,
        524288000
      ]
    }
  },
  "execution_time": {
    "total_time_ms": 4348.595414276536,
    "forward_backward_time_ms": 3932.9899484827356,
    "batch_generator_time_ms": 5.507725751521334,
    "layernorm_grads_all_reduce_time_ms": null,
    "embedding_grads_all_reduce_time_ms": null,
    "optimizer_time_ms": 400.2226377636331,
    "layer_compute_total_ms": [
      0.13619160850607423,
      120.55004865165506,
      120.55004865165506,
      120.55004865165506,
      120.55004865165506,
      120.55004865165506,
      120.55004865165506,
      120.55004865165506,
      120.55004865165506,
      120.55004865165506,
      120.55004865165506,
      120.55004865165506,
      120.55004865165506,
      120.55004865165506,
      120.55004865165506,
      120.55004865165506,
      120.55004865165506,
      120.55004865165506,
      120.55004865165506,
      120.55004865165506,
      120.55004865165506,
      120.55004865165506,
      120.55004865165506,
      120.55004865165506,
      120.55004865165506,
      120.55004865165506,
      120.55004865165506,
      120.55004865165506,
      120.55004865165506,
      120.55004865165506,
      120.55004865165506,
      120.55004865165506,
      120.55004865165506,
      1.3993365454907187,
      67.63432192779331
    ]
  },
  "execution_memory": {
    "total_memory_mb": 144839.3763885498,
    "layer_memory_total_mb": [
      2000.0312538146973,
      4416.906299591064,
      4416.906299591064,
      4416.906299591064,
      4416.906299591064,
      4416.906299591064,
      4416.906299591064,
      4416.906299591064,
      4416.906299591064,
      4416.906299591064,
      4416.906299591064,
      4416.906299591064,
      4416.906299591064,
      4416.906299591064,
      4416.906299591064,
      4416.906299591064,
      4416.906299591064,
      4416.906299591064,
      4416.906299591064,
      4416.906299591064,
      4416.906299591064,
      4416.906299591064,
      4416.906299591064,
      4416.906299591064,
      4416.906299591064,
      4416.906299591064,
      4416.906299591064,
      4416.906299591064,
      4416.906299591064,
      4416.906299591064,
      4416.906299591064,
      4416.906299591064,
      4416.906299591064,
      128.07812881469727,
      2064.0000038146973
    ]
  }
}