{
  "model": {
    "model_name": "llama2_7B",
    "num_layers": 32,
    "parameters": {
      "total_parameters_bytes": 26953662464.0,
      "parameters_per_layer_bytes": [
        524288000,
        809533440.0,
        809533440.0,
        809533440.0,
        809533440.0,
        809533440.0,
        809533440.0,
        809533440.0,
        809533440.0,
        809533440.0,
        809533440.0,
        809533440.0,
        809533440.0,
        809533440.0,
        809533440.0,
        809533440.0,
        809533440.0,
        809533440.0,
        809533440.0,
        809533440.0,
        809533440.0,
        809533440.0,
        809533440.0,
        809533440.0,
        809533440.0,
        809533440.0,
        809533440.0,
        809533440.0,
        809533440.0,
        809533440.0,
        809533440.0,
        809533440.0,
        809533440.0,
        16384,
        524288000
      ],
      "activation_parameters_bytes": [
        67108864,
        1031798784.0,
        1031798784.0,
        1031798784.0,
        1031798784.0,
        1031798784.0,
        1031798784.0,
        1031798784.0,
        1031798784.0,
        1031798784.0,
        1031798784.0,
        1031798784.0,
        1031798784.0,
        1031798784.0,
        1031798784.0,
        1031798784.0,
        1031798784.0,
        1031798784.0,
        1031798784.0,
        1031798784.0,
        1031798784.0,
        1031798784.0,
        1031798784.0,
        1031798784.0,
        1031798784.0,
        1031798784.0,
        1031798784.0,
        1031798784.0,
        1031798784.0,
        1031798784.0,
        1031798784.0,
        1031798784.0,
        1031798784.0,
        67108864,
        524288000
      ]
    }
  },
  "execution_time": {
    "total_time_ms": 787.0380959192821,
    "forward_backward_time_ms": 719.948840347546,
    "batch_generator_time_ms": 2.848034090413544,
    "layernorm_grads_all_reduce_time_ms": null,
    "embedding_grads_all_reduce_time_ms": null,
    "optimizer_time_ms": 58.335609013346925,
    "layer_compute_total_ms": [
      0.939228708233381,
      22.015582583523752,
      22.015582583523752,
      22.015582583523752,
      22.015582583523752,
      22.015582583523752,
      22.015582583523752,
      22.015582583523752,
      22.015582583523752,
      22.015582583523752,
      22.015582583523752,
      22.015582583523752,
      22.015582583523752,
      22.015582583523752,
      22.015582583523752,
      22.015582583523752,
      22.015582583523752,
      22.015582583523752,
      22.015582583523752,
      22.015582583523752,
      22.015582583523752,
      22.015582583523752,
      22.015582583523752,
      22.015582583523752,
      22.015582583523752,
      22.015582583523752,
      22.015582583523752,
      22.015582583523752,
      22.015582583523752,
      22.015582583523752,
      22.015582583523752,
      22.015582583523752,
      22.015582583523752,
      0.7409419997995298,
      8.364864285931667
    ]
  },
  "execution_memory": {
    "total_memory_mb": 40044.220138549805,
    "layer_memory_total_mb": [
      875.0312538146973,
      1200.5078620910645,
      1200.5078620910645,
      1200.5078620910645,
      1200.5078620910645,
      1200.5078620910645,
      1200.5078620910645,
      1200.5078620910645,
      1200.5078620910645,
      1200.5078620910645,
      1200.5078620910645,
      1200.5078620910645,
      1200.5078620910645,
      1200.5078620910645,
      1200.5078620910645,
      1200.5078620910645,
      1200.5078620910645,
      1200.5078620910645,
      1200.5078620910645,
      1200.5078620910645,
      1200.5078620910645,
      1200.5078620910645,
      1200.5078620910645,
      1200.5078620910645,
      1200.5078620910645,
      1200.5078620910645,
      1200.5078620910645,
      1200.5078620910645,
      1200.5078620910645,
      1200.5078620910645,
      1200.5078620910645,
      1200.5078620910645,
      1200.5078620910645,
      32.066410064697266,
      564.0000038146973
    ]
  }
}