{
  "model": {
    "model_name": "llama2_7B",
    "num_layers": 32,
    "parameters": {
      "total_parameters_bytes": 26953662464.0,
      "parameters_per_layer_bytes": [
        524288000,
        809533440.0,
        809533440.0,
        809533440.0,
        809533440.0,
        809533440.0,
        809533440.0,
        809533440.0,
        809533440.0,
        809533440.0,
        809533440.0,
        809533440.0,
        809533440.0,
        809533440.0,
        809533440.0,
        809533440.0,
        809533440.0,
        809533440.0,
        809533440.0,
        809533440.0,
        809533440.0,
        809533440.0,
        809533440.0,
        809533440.0,
        809533440.0,
        809533440.0,
        809533440.0,
        809533440.0,
        809533440.0,
        809533440.0,
        809533440.0,
        809533440.0,
        809533440.0,
        16384,
        524288000
      ],
      "activation_parameters_bytes": [
        134217728,
        2063597568.0,
        2063597568.0,
        2063597568.0,
        2063597568.0,
        2063597568.0,
        2063597568.0,
        2063597568.0,
        2063597568.0,
        2063597568.0,
        2063597568.0,
        2063597568.0,
        2063597568.0,
        2063597568.0,
        2063597568.0,
        2063597568.0,
        2063597568.0,
        2063597568.0,
        2063597568.0,
        2063597568.0,
        2063597568.0,
        2063597568.0,
        2063597568.0,
        2063597568.0,
        2063597568.0,
        2063597568.0,
        2063597568.0,
        2063597568.0,
        2063597568.0,
        2063597568.0,
        2063597568.0,
        2063597568.0,
        2063597568.0,
        134217728,
        1048576000
      ]
    }
  },
  "execution_time": {
    "total_time_ms": 4672.232690530911,
    "forward_backward_time_ms": 4433.429755984348,
    "batch_generator_time_ms": 12.681416690538237,
    "layernorm_grads_all_reduce_time_ms": null,
    "embedding_grads_all_reduce_time_ms": null,
    "optimizer_time_ms": 213.59056915133297,
    "layer_compute_total_ms": [
      2.63515511263196,
      135.77917371289396,
      135.77917371289396,
      135.77917371289396,
      135.77917371289396,
      135.77917371289396,
      135.77917371289396,
      135.77917371289396,
      135.77917371289396,
      135.77917371289396,
      135.77917371289396,
      135.77917371289396,
      135.77917371289396,
      135.77917371289396,
      135.77917371289396,
      135.77917371289396,
      135.77917371289396,
      135.77917371289396,
      135.77917371289396,
      135.77917371289396,
      135.77917371289396,
      135.77917371289396,
      135.77917371289396,
      135.77917371289396,
      135.77917371289396,
      135.77917371289396,
      135.77917371289396,
      135.77917371289396,
      135.77917371289396,
      135.77917371289396,
      135.77917371289396,
      135.77917371289396,
      135.77917371289396,
      2.0165697451123945,
      66.02113845696304
    ]
  },
  "execution_memory": {
    "total_memory_mb": 98987.3763885498,
    "layer_memory_total_mb": [
      1250.0625038146973,
      3000.9062995910645,
      3000.9062995910645,
      3000.9062995910645,
      3000.9062995910645,
      3000.9062995910645,
      3000.9062995910645,
      3000.9062995910645,
      3000.9062995910645,
      3000.9062995910645,
      3000.9062995910645,
      3000.9062995910645,
      3000.9062995910645,
      3000.9062995910645,
      3000.9062995910645,
      3000.9062995910645,
      3000.9062995910645,
      3000.9062995910645,
      3000.9062995910645,
      3000.9062995910645,
      3000.9062995910645,
      3000.9062995910645,
      3000.9062995910645,
      3000.9062995910645,
      3000.9062995910645,
      3000.9062995910645,
      3000.9062995910645,
      3000.9062995910645,
      3000.9062995910645,
      3000.9062995910645,
      3000.9062995910645,
      3000.9062995910645,
      3000.9062995910645,
      128.07812881469727,
      1128.0000038146973
    ]
  }
}