{
  "model": {
    "model_name": "llama2_7B",
    "num_layers": 32,
    "parameters": {
      "total_parameters_bytes": 26953662464.0,
      "parameters_per_layer_bytes": [
        524288000,
        809533440.0,
        809533440.0,
        809533440.0,
        809533440.0,
        809533440.0,
        809533440.0,
        809533440.0,
        809533440.0,
        809533440.0,
        809533440.0,
        809533440.0,
        809533440.0,
        809533440.0,
        809533440.0,
        809533440.0,
        809533440.0,
        809533440.0,
        809533440.0,
        809533440.0,
        809533440.0,
        809533440.0,
        809533440.0,
        809533440.0,
        809533440.0,
        809533440.0,
        809533440.0,
        809533440.0,
        809533440.0,
        809533440.0,
        809533440.0,
        809533440.0,
        809533440.0,
        16384,
        524288000
      ],
      "activation_parameters_bytes": [
        33554432,
        515899392.0,
        515899392.0,
        515899392.0,
        515899392.0,
        515899392.0,
        515899392.0,
        515899392.0,
        515899392.0,
        515899392.0,
        515899392.0,
        515899392.0,
        515899392.0,
        515899392.0,
        515899392.0,
        515899392.0,
        515899392.0,
        515899392.0,
        515899392.0,
        515899392.0,
        515899392.0,
        515899392.0,
        515899392.0,
        515899392.0,
        515899392.0,
        515899392.0,
        515899392.0,
        515899392.0,
        515899392.0,
        515899392.0,
        515899392.0,
        515899392.0,
        515899392.0,
        33554432,
        262144000
      ]
    }
  },
  "execution_time": {
    "total_time_ms": 3013.38138982823,
    "forward_backward_time_ms": 2520.1747758047923,
    "batch_generator_time_ms": 5.639791488647461,
    "layernorm_grads_all_reduce_time_ms": null,
    "embedding_grads_all_reduce_time_ms": null,
    "optimizer_time_ms": 461.37041085702157,
    "layer_compute_total_ms": [
      1.8189975193568637,
      76.951835836683,
      76.951835836683,
      76.951835836683,
      76.951835836683,
      76.951835836683,
      76.951835836683,
      76.951835836683,
      76.951835836683,
      76.951835836683,
      76.951835836683,
      76.951835836683,
      76.951835836683,
      76.951835836683,
      76.951835836683,
      76.951835836683,
      76.951835836683,
      76.951835836683,
      76.951835836683,
      76.951835836683,
      76.951835836683,
      76.951835836683,
      76.951835836683,
      76.951835836683,
      76.951835836683,
      76.951835836683,
      76.951835836683,
      76.951835836683,
      76.951835836683,
      76.951835836683,
      76.951835836683,
      76.951835836683,
      76.951835836683,
      2.9498168400355746,
      36.6126469203404
    ]
  },
  "execution_memory": {
    "total_memory_mb": 129260.44027709961,
    "layer_memory_total_mb": [
      2500.0312576293945,
      3817.015724182129,
      3817.015724182129,
      3817.015724182129,
      3817.015724182129,
      3817.015724182129,
      3817.015724182129,
      3817.015724182129,
      3817.015724182129,
      3817.015724182129,
      3817.015724182129,
      3817.015724182129,
      3817.015724182129,
      3817.015724182129,
      3817.015724182129,
      3817.015724182129,
      3817.015724182129,
      3817.015724182129,
      3817.015724182129,
      3817.015724182129,
      3817.015724182129,
      3817.015724182129,
      3817.015724182129,
      3817.015724182129,
      3817.015724182129,
      3817.015724182129,
      3817.015724182129,
      3817.015724182129,
      3817.015724182129,
      3817.015724182129,
      3817.015724182129,
      3817.015724182129,
      3817.015724182129,
      64.13282012939453,
      2064.0000076293945
    ]
  }
}