{
  "model": {
    "model_name": "llama2_7B",
    "num_layers": 32,
    "parameters": {
      "total_parameters_bytes": 26953662464.0,
      "parameters_per_layer_bytes": [
        524288000,
        809533440.0,
        809533440.0,
        809533440.0,
        809533440.0,
        809533440.0,
        809533440.0,
        809533440.0,
        809533440.0,
        809533440.0,
        809533440.0,
        809533440.0,
        809533440.0,
        809533440.0,
        809533440.0,
        809533440.0,
        809533440.0,
        809533440.0,
        809533440.0,
        809533440.0,
        809533440.0,
        809533440.0,
        809533440.0,
        809533440.0,
        809533440.0,
        809533440.0,
        809533440.0,
        809533440.0,
        809533440.0,
        809533440.0,
        809533440.0,
        809533440.0,
        809533440.0,
        16384,
        524288000
      ],
      "activation_parameters_bytes": [
        67108864,
        1031798784.0,
        1031798784.0,
        1031798784.0,
        1031798784.0,
        1031798784.0,
        1031798784.0,
        1031798784.0,
        1031798784.0,
        1031798784.0,
        1031798784.0,
        1031798784.0,
        1031798784.0,
        1031798784.0,
        1031798784.0,
        1031798784.0,
        1031798784.0,
        1031798784.0,
        1031798784.0,
        1031798784.0,
        1031798784.0,
        1031798784.0,
        1031798784.0,
        1031798784.0,
        1031798784.0,
        1031798784.0,
        1031798784.0,
        1031798784.0,
        1031798784.0,
        1031798784.0,
        1031798784.0,
        1031798784.0,
        1031798784.0,
        67108864,
        524288000
      ]
    }
  },
  "execution_time": {
    "total_time_ms": 3216.9785610033155,
    "forward_backward_time_ms": 2942.7546092442103,
    "batch_generator_time_ms": 11.641195842197963,
    "layernorm_grads_all_reduce_time_ms": null,
    "embedding_grads_all_reduce_time_ms": null,
    "optimizer_time_ms": 238.44386251698737,
    "layer_compute_total_ms": [
      3.8390500204903737,
      89.98758452279228,
      89.98758452279228,
      89.98758452279228,
      89.98758452279228,
      89.98758452279228,
      89.98758452279228,
      89.98758452279228,
      89.98758452279228,
      89.98758452279228,
      89.98758452279228,
      89.98758452279228,
      89.98758452279228,
      89.98758452279228,
      89.98758452279228,
      89.98758452279228,
      89.98758452279228,
      89.98758452279228,
      89.98758452279228,
      89.98758452279228,
      89.98758452279228,
      89.98758452279228,
      89.98758452279228,
      89.98758452279228,
      89.98758452279228,
      89.98758452279228,
      89.98758452279228,
      89.98758452279228,
      89.98758452279228,
      89.98758452279228,
      89.98758452279228,
      89.98758452279228,
      89.98758452279228,
      3.0285630907331194,
      34.19096129281181
    ]
  },
  "execution_memory": {
    "total_memory_mb": 160176.88055419922,
    "layer_memory_total_mb": [
      3500.125015258789,
      4802.031448364258,
      4802.031448364258,
      4802.031448364258,
      4802.031448364258,
      4802.031448364258,
      4802.031448364258,
      4802.031448364258,
      4802.031448364258,
      4802.031448364258,
      4802.031448364258,
      4802.031448364258,
      4802.031448364258,
      4802.031448364258,
      4802.031448364258,
      4802.031448364258,
      4802.031448364258,
      4802.031448364258,
      4802.031448364258,
      4802.031448364258,
      4802.031448364258,
      4802.031448364258,
      4802.031448364258,
      4802.031448364258,
      4802.031448364258,
      4802.031448364258,
      4802.031448364258,
      4802.031448364258,
      4802.031448364258,
      4802.031448364258,
      4802.031448364258,
      4802.031448364258,
      4802.031448364258,
      128.26564025878906,
      2256.000015258789
    ]
  }
}