{
  "model": {
    "model_name": "llama2_7B",
    "num_layers": 32,
    "parameters": {
      "total_parameters_bytes": 26953662464.0,
      "parameters_per_layer_bytes": [
        524288000,
        809533440.0,
        809533440.0,
        809533440.0,
        809533440.0,
        809533440.0,
        809533440.0,
        809533440.0,
        809533440.0,
        809533440.0,
        809533440.0,
        809533440.0,
        809533440.0,
        809533440.0,
        809533440.0,
        809533440.0,
        809533440.0,
        809533440.0,
        809533440.0,
        809533440.0,
        809533440.0,
        809533440.0,
        809533440.0,
        809533440.0,
        809533440.0,
        809533440.0,
        809533440.0,
        809533440.0,
        809533440.0,
        809533440.0,
        809533440.0,
        809533440.0,
        809533440.0,
        16384,
        524288000
      ],
      "activation_parameters_bytes": [
        134217728,
        2063597568.0,
        2063597568.0,
        2063597568.0,
        2063597568.0,
        2063597568.0,
        2063597568.0,
        2063597568.0,
        2063597568.0,
        2063597568.0,
        2063597568.0,
        2063597568.0,
        2063597568.0,
        2063597568.0,
        2063597568.0,
        2063597568.0,
        2063597568.0,
        2063597568.0,
        2063597568.0,
        2063597568.0,
        2063597568.0,
        2063597568.0,
        2063597568.0,
        2063597568.0,
        2063597568.0,
        2063597568.0,
        2063597568.0,
        2063597568.0,
        2063597568.0,
        2063597568.0,
        2063597568.0,
        2063597568.0,
        2063597568.0,
        134217728,
        1048576000
      ]
    }
  },
  "execution_time": {
    "total_time_ms": 6028.477402032583,
    "forward_backward_time_ms": 5745.776789528983,
    "batch_generator_time_ms": 21.285738263811385,
    "layernorm_grads_all_reduce_time_ms": null,
    "embedding_grads_all_reduce_time_ms": null,
    "optimizer_time_ms": 237.81255888203623,
    "layer_compute_total_ms": [
      7.556472505841937,
      175.82244532448905,
      175.82244532448905,
      175.82244532448905,
      175.82244532448905,
      175.82244532448905,
      175.82244532448905,
      175.82244532448905,
      175.82244532448905,
      175.82244532448905,
      175.82244532448905,
      175.82244532448905,
      175.82244532448905,
      175.82244532448905,
      175.82244532448905,
      175.82244532448905,
      175.82244532448905,
      175.82244532448905,
      175.82244532448905,
      175.82244532448905,
      175.82244532448905,
      175.82244532448905,
      175.82244532448905,
      175.82244532448905,
      175.82244532448905,
      175.82244532448905,
      175.82244532448905,
      175.82244532448905,
      175.82244532448905,
      175.82244532448905,
      175.82244532448905,
      175.82244532448905,
      175.82244532448905,
      3.257240567888532,
      72.87331989833287
    ]
  },
  "execution_memory": {
    "total_memory_mb": 216119.75555419922,
    "layer_memory_total_mb": [
      3500.250015258789,
      6514.562698364258,
      6514.562698364258,
      6514.562698364258,
      6514.562698364258,
      6514.562698364258,
      6514.562698364258,
      6514.562698364258,
      6514.562698364258,
      6514.562698364258,
      6514.562698364258,
      6514.562698364258,
      6514.562698364258,
      6514.562698364258,
      6514.562698364258,
      6514.562698364258,
      6514.562698364258,
      6514.562698364258,
      6514.562698364258,
      6514.562698364258,
      6514.562698364258,
      6514.562698364258,
      6514.562698364258,
      6514.562698364258,
      6514.562698364258,
      6514.562698364258,
      6514.562698364258,
      6514.562698364258,
      6514.562698364258,
      6514.562698364258,
      6514.562698364258,
      6514.562698364258,
      6514.562698364258,
      256.28126525878906,
      2512.000015258789
    ]
  }
}