{
  "model": {
    "model_name": "llama2_7B",
    "num_layers": 32,
    "parameters": {
      "total_parameters_bytes": 26953662464.0,
      "parameters_per_layer_bytes": [
        524288000,
        809533440.0,
        809533440.0,
        809533440.0,
        809533440.0,
        809533440.0,
        809533440.0,
        809533440.0,
        809533440.0,
        809533440.0,
        809533440.0,
        809533440.0,
        809533440.0,
        809533440.0,
        809533440.0,
        809533440.0,
        809533440.0,
        809533440.0,
        809533440.0,
        809533440.0,
        809533440.0,
        809533440.0,
        809533440.0,
        809533440.0,
        809533440.0,
        809533440.0,
        809533440.0,
        809533440.0,
        809533440.0,
        809533440.0,
        809533440.0,
        809533440.0,
        809533440.0,
        16384,
        524288000
      ],
      "activation_parameters_bytes": [
        536870912,
        8254390272.0,
        8254390272.0,
        8254390272.0,
        8254390272.0,
        8254390272.0,
        8254390272.0,
        8254390272.0,
        8254390272.0,
        8254390272.0,
        8254390272.0,
        8254390272.0,
        8254390272.0,
        8254390272.0,
        8254390272.0,
        8254390272.0,
        8254390272.0,
        8254390272.0,
        8254390272.0,
        8254390272.0,
        8254390272.0,
        8254390272.0,
        8254390272.0,
        8254390272.0,
        8254390272.0,
        8254390272.0,
        8254390272.0,
        8254390272.0,
        8254390272.0,
        8254390272.0,
        8254390272.0,
        8254390272.0,
        8254390272.0,
        536870912,
        4194304000
      ]
    }
  },
  "execution_time": {
    "total_time_ms": 17851.436967798636,
    "forward_backward_time_ms": 17586.388727974976,
    "batch_generator_time_ms": 39.00554710971923,
    "layernorm_grads_all_reduce_time_ms": null,
    "embedding_grads_all_reduce_time_ms": null,
    "optimizer_time_ms": 213.03464886164855,
    "layer_compute_total_ms": [
      9.417189047736798,
      539.1425476166172,
      539.1425476166172,
      539.1425476166172,
      539.1425476166172,
      539.1425476166172,
      539.1425476166172,
      539.1425476166172,
      539.1425476166172,
      539.1425476166172,
      539.1425476166172,
      539.1425476166172,
      539.1425476166172,
      539.1425476166172,
      539.1425476166172,
      539.1425476166172,
      539.1425476166172,
      539.1425476166172,
      539.1425476166172,
      539.1425476166172,
      539.1425476166172,
      539.1425476166172,
      539.1425476166172,
      539.1425476166172,
      539.1425476166172,
      539.1425476166172,
      539.1425476166172,
      539.1425476166172,
      539.1425476166172,
      539.1425476166172,
      539.1425476166172,
      539.1425476166172,
      539.1425476166172,
      5.590774017063828,
      267.4439835243946
    ]
  },
  "execution_memory": {
    "total_memory_mb": 248022.0013885498,
    "layer_memory_total_mb": [
      1250.2500038146973,
      7370.500049591064,
      7370.500049591064,
      7370.500049591064,
      7370.500049591064,
      7370.500049591064,
      7370.500049591064,
      7370.500049591064,
      7370.500049591064,
      7370.500049591064,
      7370.500049591064,
      7370.500049591064,
      7370.500049591064,
      7370.500049591064,
      7370.500049591064,
      7370.500049591064,
      7370.500049591064,
      7370.500049591064,
      7370.500049591064,
      7370.500049591064,
      7370.500049591064,
      7370.500049591064,
      7370.500049591064,
      7370.500049591064,
      7370.500049591064,
      7370.500049591064,
      7370.500049591064,
      7370.500049591064,
      7370.500049591064,
      7370.500049591064,
      7370.500049591064,
      7370.500049591064,
      7370.500049591064,
      512.1250038146973,
      1512.0000038146973
    ]
  }
}