{
  "model": {
    "model_name": "llama2_7B",
    "num_layers": 32,
    "parameters": {
      "total_parameters_bytes": 26953662464.0,
      "parameters_per_layer_bytes": [
        524288000,
        809533440.0,
        809533440.0,
        809533440.0,
        809533440.0,
        809533440.0,
        809533440.0,
        809533440.0,
        809533440.0,
        809533440.0,
        809533440.0,
        809533440.0,
        809533440.0,
        809533440.0,
        809533440.0,
        809533440.0,
        809533440.0,
        809533440.0,
        809533440.0,
        809533440.0,
        809533440.0,
        809533440.0,
        809533440.0,
        809533440.0,
        809533440.0,
        809533440.0,
        809533440.0,
        809533440.0,
        809533440.0,
        809533440.0,
        809533440.0,
        809533440.0,
        809533440.0,
        16384,
        524288000
      ],
      "activation_parameters_bytes": [
        67108864,
        1031798784.0,
        1031798784.0,
        1031798784.0,
        1031798784.0,
        1031798784.0,
        1031798784.0,
        1031798784.0,
        1031798784.0,
        1031798784.0,
        1031798784.0,
        1031798784.0,
        1031798784.0,
        1031798784.0,
        1031798784.0,
        1031798784.0,
        1031798784.0,
        1031798784.0,
        1031798784.0,
        1031798784.0,
        1031798784.0,
        1031798784.0,
        1031798784.0,
        1031798784.0,
        1031798784.0,
        1031798784.0,
        1031798784.0,
        1031798784.0,
        1031798784.0,
        1031798784.0,
        1031798784.0,
        1031798784.0,
        1031798784.0,
        67108864,
        524288000
      ]
    }
  },
  "execution_time": {
    "total_time_ms": 2448.8453271976305,
    "forward_backward_time_ms": 2289.289678846087,
    "batch_generator_time_ms": 12.657948902675084,
    "layernorm_grads_all_reduce_time_ms": null,
    "embedding_grads_all_reduce_time_ms": null,
    "optimizer_time_ms": 125.26955804566983,
    "layer_compute_total_ms": [
      8.194957460675921,
      69.72428730555944,
      69.72428730555944,
      69.72428730555944,
      69.72428730555944,
      69.72428730555944,
      69.72428730555944,
      69.72428730555944,
      69.72428730555944,
      69.72428730555944,
      69.72428730555944,
      69.72428730555944,
      69.72428730555944,
      69.72428730555944,
      69.72428730555944,
      69.72428730555944,
      69.72428730555944,
      69.72428730555944,
      69.72428730555944,
      69.72428730555944,
      69.72428730555944,
      69.72428730555944,
      69.72428730555944,
      69.72428730555944,
      69.72428730555944,
      69.72428730555944,
      69.72428730555944,
      69.72428730555944,
      69.72428730555944,
      69.72428730555944,
      69.72428730555944,
      69.72428730555944,
      69.72428730555944,
      3.2275063650948663,
      17.133406230381556
    ]
  },
  "execution_memory": {
    "total_memory_mb": 178434.88610839844,
    "layer_memory_total_mb": [
      5500.250030517578,
      5315.531646728516,
      5315.531646728516,
      5315.531646728516,
      5315.531646728516,
      5315.531646728516,
      5315.531646728516,
      5315.531646728516,
      5315.531646728516,
      5315.531646728516,
      5315.531646728516,
      5315.531646728516,
      5315.531646728516,
      5315.531646728516,
      5315.531646728516,
      5315.531646728516,
      5315.531646728516,
      5315.531646728516,
      5315.531646728516,
      5315.531646728516,
      5315.531646728516,
      5315.531646728516,
      5315.531646728516,
      5315.531646728516,
      5315.531646728516,
      5315.531646728516,
      5315.531646728516,
      5315.531646728516,
      5315.531646728516,
      5315.531646728516,
      5315.531646728516,
      5315.531646728516,
      5315.531646728516,
      128.51565551757812,
      2512.000030517578
    ]
  }
}