{
  "model": {
    "model_name": "llama2_7B",
    "num_layers": 32,
    "parameters": {
      "total_parameters_bytes": 26953662464.0,
      "parameters_per_layer_bytes": [
        524288000,
        809533440.0,
        809533440.0,
        809533440.0,
        809533440.0,
        809533440.0,
        809533440.0,
        809533440.0,
        809533440.0,
        809533440.0,
        809533440.0,
        809533440.0,
        809533440.0,
        809533440.0,
        809533440.0,
        809533440.0,
        809533440.0,
        809533440.0,
        809533440.0,
        809533440.0,
        809533440.0,
        809533440.0,
        809533440.0,
        809533440.0,
        809533440.0,
        809533440.0,
        809533440.0,
        809533440.0,
        809533440.0,
        809533440.0,
        809533440.0,
        809533440.0,
        809533440.0,
        16384,
        524288000
      ],
      "activation_parameters_bytes": [
        536870912,
        8254390272.0,
        8254390272.0,
        8254390272.0,
        8254390272.0,
        8254390272.0,
        8254390272.0,
        8254390272.0,
        8254390272.0,
        8254390272.0,
        8254390272.0,
        8254390272.0,
        8254390272.0,
        8254390272.0,
        8254390272.0,
        8254390272.0,
        8254390272.0,
        8254390272.0,
        8254390272.0,
        8254390272.0,
        8254390272.0,
        8254390272.0,
        8254390272.0,
        8254390272.0,
        8254390272.0,
        8254390272.0,
        8254390272.0,
        8254390272.0,
        8254390272.0,
        8254390272.0,
        8254390272.0,
        8254390272.0,
        8254390272.0,
        536870912,
        4194304000
      ]
    }
  },
  "execution_time": {
    "total_time_ms": 18314.162668327164,
    "forward_backward_time_ms": 18075.818266187394,
    "batch_generator_time_ms": 84.70191274370465,
    "layernorm_grads_all_reduce_time_ms": null,
    "embedding_grads_all_reduce_time_ms": null,
    "optimizer_time_ms": 131.56234042668507,
    "layer_compute_total_ms": [
      40.942634854997905,
      554.8754675047738,
      554.8754675047738,
      554.8754675047738,
      554.8754675047738,
      554.8754675047738,
      554.8754675047738,
      554.8754675047738,
      554.8754675047738,
      554.8754675047738,
      554.8754675047738,
      554.8754675047738,
      554.8754675047738,
      554.8754675047738,
      554.8754675047738,
      554.8754675047738,
      554.8754675047738,
      554.8754675047738,
      554.8754675047738,
      554.8754675047738,
      554.8754675047738,
      554.8754675047738,
      554.8754675047738,
      554.8754675047738,
      554.8754675047738,
      554.8754675047738,
      554.8754675047738,
      554.8754675047738,
      554.8754675047738,
      554.8754675047738,
      554.8754675047738,
      554.8754675047738,
      554.8754675047738,
      3.9144584110804965,
      144.16398320879256
    ]
  },
  "execution_memory": {
    "total_memory_mb": 697659.0111083984,
    "layer_memory_total_mb": [
      5502.000030517578,
      20887.250396728516,
      20887.250396728516,
      20887.250396728516,
      20887.250396728516,
      20887.250396728516,
      20887.250396728516,
      20887.250396728516,
      20887.250396728516,
      20887.250396728516,
      20887.250396728516,
      20887.250396728516,
      20887.250396728516,
      20887.250396728516,
      20887.250396728516,
      20887.250396728516,
      20887.250396728516,
      20887.250396728516,
      20887.250396728516,
      20887.250396728516,
      20887.250396728516,
      20887.250396728516,
      20887.250396728516,
      20887.250396728516,
      20887.250396728516,
      20887.250396728516,
      20887.250396728516,
      20887.250396728516,
      20887.250396728516,
      20887.250396728516,
      20887.250396728516,
      20887.250396728516,
      20887.250396728516,
      1024.6250305175781,
      6096.000030517578
    ]
  }
}