{
  "model": {
    "model_name": "llama2_7B",
    "num_layers": 32,
    "parameters": {
      "total_parameters_bytes": 26953662464.0,
      "parameters_per_layer_bytes": [
        524288000,
        809533440.0,
        809533440.0,
        809533440.0,
        809533440.0,
        809533440.0,
        809533440.0,
        809533440.0,
        809533440.0,
        809533440.0,
        809533440.0,
        809533440.0,
        809533440.0,
        809533440.0,
        809533440.0,
        809533440.0,
        809533440.0,
        809533440.0,
        809533440.0,
        809533440.0,
        809533440.0,
        809533440.0,
        809533440.0,
        809533440.0,
        809533440.0,
        809533440.0,
        809533440.0,
        809533440.0,
        809533440.0,
        809533440.0,
        809533440.0,
        809533440.0,
        809533440.0,
        16384,
        524288000
      ],
      "activation_parameters_bytes": [
        536870912,
        8254390272.0,
        8254390272.0,
        8254390272.0,
        8254390272.0,
        8254390272.0,
        8254390272.0,
        8254390272.0,
        8254390272.0,
        8254390272.0,
        8254390272.0,
        8254390272.0,
        8254390272.0,
        8254390272.0,
        8254390272.0,
        8254390272.0,
        8254390272.0,
        8254390272.0,
        8254390272.0,
        8254390272.0,
        8254390272.0,
        8254390272.0,
        8254390272.0,
        8254390272.0,
        8254390272.0,
        8254390272.0,
        8254390272.0,
        8254390272.0,
        8254390272.0,
        8254390272.0,
        8254390272.0,
        8254390272.0,
        8254390272.0,
        536870912,
        4194304000
      ]
    }
  },
  "execution_time": {
    "total_time_ms": 10666.632190783552,
    "forward_backward_time_ms": 10511.99598377958,
    "batch_generator_time_ms": 32.854912691398845,
    "layernorm_grads_all_reduce_time_ms": null,
    "embedding_grads_all_reduce_time_ms": null,
    "optimizer_time_ms": 110.72603247095458,
    "layer_compute_total_ms": [
      18.654036632813163,
      322.17081729514024,
      322.17081729514024,
      322.17081729514024,
      322.17081729514024,
      322.17081729514024,
      322.17081729514024,
      322.17081729514024,
      322.17081729514024,
      322.17081729514024,
      322.17081729514024,
      322.17081729514024,
      322.17081729514024,
      322.17081729514024,
      322.17081729514024,
      322.17081729514024,
      322.17081729514024,
      322.17081729514024,
      322.17081729514024,
      322.17081729514024,
      322.17081729514024,
      322.17081729514024,
      322.17081729514024,
      322.17081729514024,
      322.17081729514024,
      322.17081729514024,
      322.17081729514024,
      322.17081729514024,
      322.17081729514024,
      322.17081729514024,
      322.17081729514024,
      322.17081729514024,
      322.17081729514024,
      2.893827976074806,
      132.44860336724201
    ]
  },
  "execution_memory": {
    "total_memory_mb": 141046.2513885498,
    "layer_memory_total_mb": [
      875.2500038146973,
      4197.437549591064,
      4197.437549591064,
      4197.437549591064,
      4197.437549591064,
      4197.437549591064,
      4197.437549591064,
      4197.437549591064,
      4197.437549591064,
      4197.437549591064,
      4197.437549591064,
      4197.437549591064,
      4197.437549591064,
      4197.437549591064,
      4197.437549591064,
      4197.437549591064,
      4197.437549591064,
      4197.437549591064,
      4197.437549591064,
      4197.437549591064,
      4197.437549591064,
      4197.437549591064,
      4197.437549591064,
      4197.437549591064,
      4197.437549591064,
      4197.437549591064,
      4197.437549591064,
      4197.437549591064,
      4197.437549591064,
      4197.437549591064,
      4197.437549591064,
      4197.437549591064,
      4197.437549591064,
      256.09375381469727,
      1012.0000038146973
    ]
  }
}