{
  "model": {
    "model_name": "llama2_7B",
    "num_layers": 32,
    "parameters": {
      "total_parameters_bytes": 26953662464.0,
      "parameters_per_layer_bytes": [
        524288000,
        809533440.0,
        809533440.0,
        809533440.0,
        809533440.0,
        809533440.0,
        809533440.0,
        809533440.0,
        809533440.0,
        809533440.0,
        809533440.0,
        809533440.0,
        809533440.0,
        809533440.0,
        809533440.0,
        809533440.0,
        809533440.0,
        809533440.0,
        809533440.0,
        809533440.0,
        809533440.0,
        809533440.0,
        809533440.0,
        809533440.0,
        809533440.0,
        809533440.0,
        809533440.0,
        809533440.0,
        809533440.0,
        809533440.0,
        809533440.0,
        809533440.0,
        809533440.0,
        16384,
        524288000
      ],
      "activation_parameters_bytes": [
        67108864,
        1031798784.0,
        1031798784.0,
        1031798784.0,
        1031798784.0,
        1031798784.0,
        1031798784.0,
        1031798784.0,
        1031798784.0,
        1031798784.0,
        1031798784.0,
        1031798784.0,
        1031798784.0,
        1031798784.0,
        1031798784.0,
        1031798784.0,
        1031798784.0,
        1031798784.0,
        1031798784.0,
        1031798784.0,
        1031798784.0,
        1031798784.0,
        1031798784.0,
        1031798784.0,
        1031798784.0,
        1031798784.0,
        1031798784.0,
        1031798784.0,
        1031798784.0,
        1031798784.0,
        1031798784.0,
        1031798784.0,
        1031798784.0,
        67108864,
        524288000
      ]
    }
  },
  "execution_time": {
    "total_time_ms": 1485.040442438041,
    "forward_backward_time_ms": 1358.4515793402277,
    "batch_generator_time_ms": 5.373876852512767,
    "layernorm_grads_all_reduce_time_ms": null,
    "embedding_grads_all_reduce_time_ms": null,
    "optimizer_time_ms": 110.07184921320258,
    "layer_compute_total_ms": [
      1.7722047047751275,
      41.54059462925974,
      41.54059462925974,
      41.54059462925974,
      41.54059462925974,
      41.54059462925974,
      41.54059462925974,
      41.54059462925974,
      41.54059462925974,
      41.54059462925974,
      41.54059462925974,
      41.54059462925974,
      41.54059462925974,
      41.54059462925974,
      41.54059462925974,
      41.54059462925974,
      41.54059462925974,
      41.54059462925974,
      41.54059462925974,
      41.54059462925974,
      41.54059462925974,
      41.54059462925974,
      41.54059462925974,
      41.54059462925974,
      41.54059462925974,
      41.54059462925974,
      41.54059462925974,
      41.54059462925974,
      41.54059462925974,
      41.54059462925974,
      41.54059462925974,
      41.54059462925974,
      41.54059462925974,
      1.3980629920054968,
      15.78343135424049
    ]
  },
  "execution_memory": {
    "total_memory_mb": 40044.220138549805,
    "layer_memory_total_mb": [
      875.0312538146973,
      1200.5078620910645,
      1200.5078620910645,
      1200.5078620910645,
      1200.5078620910645,
      1200.5078620910645,
      1200.5078620910645,
      1200.5078620910645,
      1200.5078620910645,
      1200.5078620910645,
      1200.5078620910645,
      1200.5078620910645,
      1200.5078620910645,
      1200.5078620910645,
      1200.5078620910645,
      1200.5078620910645,
      1200.5078620910645,
      1200.5078620910645,
      1200.5078620910645,
      1200.5078620910645,
      1200.5078620910645,
      1200.5078620910645,
      1200.5078620910645,
      1200.5078620910645,
      1200.5078620910645,
      1200.5078620910645,
      1200.5078620910645,
      1200.5078620910645,
      1200.5078620910645,
      1200.5078620910645,
      1200.5078620910645,
      1200.5078620910645,
      1200.5078620910645,
      32.066410064697266,
      564.0000038146973
    ]
  }
}