{
  "model": {
    "model_name": "llama2_7B",
    "num_layers": 32,
    "parameters": {
      "total_parameters_bytes": 26953662464.0,
      "parameters_per_layer_bytes": [
        524288000,
        809533440.0,
        809533440.0,
        809533440.0,
        809533440.0,
        809533440.0,
        809533440.0,
        809533440.0,
        809533440.0,
        809533440.0,
        809533440.0,
        809533440.0,
        809533440.0,
        809533440.0,
        809533440.0,
        809533440.0,
        809533440.0,
        809533440.0,
        809533440.0,
        809533440.0,
        809533440.0,
        809533440.0,
        809533440.0,
        809533440.0,
        809533440.0,
        809533440.0,
        809533440.0,
        809533440.0,
        809533440.0,
        809533440.0,
        809533440.0,
        809533440.0,
        809533440.0,
        16384,
        524288000
      ],
      "activation_parameters_bytes": [
        268435456,
        4127195136.0,
        4127195136.0,
        4127195136.0,
        4127195136.0,
        4127195136.0,
        4127195136.0,
        4127195136.0,
        4127195136.0,
        4127195136.0,
        4127195136.0,
        4127195136.0,
        4127195136.0,
        4127195136.0,
        4127195136.0,
        4127195136.0,
        4127195136.0,
        4127195136.0,
        4127195136.0,
        4127195136.0,
        4127195136.0,
        4127195136.0,
        4127195136.0,
        4127195136.0,
        4127195136.0,
        4127195136.0,
        4127195136.0,
        4127195136.0,
        4127195136.0,
        4127195136.0,
        4127195136.0,
        4127195136.0,
        4127195136.0,
        268435456,
        2097152000
      ]
    }
  },
  "execution_time": {
    "total_time_ms": 2247.6729000071373,
    "forward_backward_time_ms": 2197.937534390287,
    "batch_generator_time_ms": 10.63877852744691,
    "layernorm_grads_all_reduce_time_ms": null,
    "embedding_grads_all_reduce_time_ms": null,
    "optimizer_time_ms": 32.121487977984856,
    "layer_compute_total_ms": [
      6.606498819454342,
      67.34971249349631,
      67.34971249349631,
      67.34971249349631,
      67.34971249349631,
      67.34971249349631,
      67.34971249349631,
      67.34971249349631,
      67.34971249349631,
      67.34971249349631,
      67.34971249349631,
      67.34971249349631,
      67.34971249349631,
      67.34971249349631,
      67.34971249349631,
      67.34971249349631,
      67.34971249349631,
      67.34971249349631,
      67.34971249349631,
      67.34971249349631,
      67.34971249349631,
      67.34971249349631,
      67.34971249349631,
      67.34971249349631,
      67.34971249349631,
      67.34971249349631,
      67.34971249349631,
      67.34971249349631,
      67.34971249349631,
      67.34971249349631,
      67.34971249349631,
      67.34971249349631,
      67.34971249349631,
      0.79243854787993,
      16.942672631118125
    ]
  },
  "execution_memory": {
    "total_memory_mb": 49795.938888549805,
    "layer_memory_total_mb": [
      687.6250038146973,
      1498.6406745910645,
      1498.6406745910645,
      1498.6406745910645,
      1498.6406745910645,
      1498.6406745910645,
      1498.6406745910645,
      1498.6406745910645,
      1498.6406745910645,
      1498.6406745910645,
      1498.6406745910645,
      1498.6406745910645,
      1498.6406745910645,
      1498.6406745910645,
      1498.6406745910645,
      1498.6406745910645,
      1498.6406745910645,
      1498.6406745910645,
      1498.6406745910645,
      1498.6406745910645,
      1498.6406745910645,
      1498.6406745910645,
      1498.6406745910645,
      1498.6406745910645,
      1498.6406745910645,
      1498.6406745910645,
      1498.6406745910645,
      1498.6406745910645,
      1498.6406745910645,
      1498.6406745910645,
      1498.6406745910645,
      1498.6406745910645,
      1498.6406745910645,
      64.07031631469727,
      506.00000381469727
    ]
  }
}