{
  "model": {
    "model_name": "llama2_7B",
    "num_layers": 32,
    "parameters": {
      "total_parameters_bytes": 26953662464.0,
      "parameters_per_layer_bytes": [
        524288000,
        809533440.0,
        809533440.0,
        809533440.0,
        809533440.0,
        809533440.0,
        809533440.0,
        809533440.0,
        809533440.0,
        809533440.0,
        809533440.0,
        809533440.0,
        809533440.0,
        809533440.0,
        809533440.0,
        809533440.0,
        809533440.0,
        809533440.0,
        809533440.0,
        809533440.0,
        809533440.0,
        809533440.0,
        809533440.0,
        809533440.0,
        809533440.0,
        809533440.0,
        809533440.0,
        809533440.0,
        809533440.0,
        809533440.0,
        809533440.0,
        809533440.0,
        809533440.0,
        16384,
        524288000
      ],
      "activation_parameters_bytes": [
        33554432,
        515899392.0,
        515899392.0,
        515899392.0,
        515899392.0,
        515899392.0,
        515899392.0,
        515899392.0,
        515899392.0,
        515899392.0,
        515899392.0,
        515899392.0,
        515899392.0,
        515899392.0,
        515899392.0,
        515899392.0,
        515899392.0,
        515899392.0,
        515899392.0,
        515899392.0,
        515899392.0,
        515899392.0,
        515899392.0,
        515899392.0,
        515899392.0,
        515899392.0,
        515899392.0,
        515899392.0,
        515899392.0,
        515899392.0,
        515899392.0,
        515899392.0,
        515899392.0,
        33554432,
        262144000
      ]
    }
  },
  "execution_time": {
    "total_time_ms": 737.227776423023,
    "forward_backward_time_ms": 616.5641204380918,
    "batch_generator_time_ms": 1.3797825103386807,
    "layernorm_grads_all_reduce_time_ms": null,
    "embedding_grads_all_reduce_time_ms": null,
    "optimizer_time_ms": 112.87488641551842,
    "layer_compute_total_ms": [
      0.44502016938217576,
      18.82636927972171,
      18.82636927972171,
      18.82636927972171,
      18.82636927972171,
      18.82636927972171,
      18.82636927972171,
      18.82636927972171,
      18.82636927972171,
      18.82636927972171,
      18.82636927972171,
      18.82636927972171,
      18.82636927972171,
      18.82636927972171,
      18.82636927972171,
      18.82636927972171,
      18.82636927972171,
      18.82636927972171,
      18.82636927972171,
      18.82636927972171,
      18.82636927972171,
      18.82636927972171,
      18.82636927972171,
      18.82636927972171,
      18.82636927972171,
      18.82636927972171,
      18.82636927972171,
      18.82636927972171,
      18.82636927972171,
      18.82636927972171,
      18.82636927972171,
      18.82636927972171,
      18.82636927972171,
      0.7216766245306164,
      8.957332904874146
    ]
  },
  "execution_memory": {
    "total_memory_mb": 64630.220138549805,
    "layer_memory_total_mb": [
      1250.0156288146973,
      1908.5078620910645,
      1908.5078620910645,
      1908.5078620910645,
      1908.5078620910645,
      1908.5078620910645,
      1908.5078620910645,
      1908.5078620910645,
      1908.5078620910645,
      1908.5078620910645,
      1908.5078620910645,
      1908.5078620910645,
      1908.5078620910645,
      1908.5078620910645,
      1908.5078620910645,
      1908.5078620910645,
      1908.5078620910645,
      1908.5078620910645,
      1908.5078620910645,
      1908.5078620910645,
      1908.5078620910645,
      1908.5078620910645,
      1908.5078620910645,
      1908.5078620910645,
      1908.5078620910645,
      1908.5078620910645,
      1908.5078620910645,
      1908.5078620910645,
      1908.5078620910645,
      1908.5078620910645,
      1908.5078620910645,
      1908.5078620910645,
      1908.5078620910645,
      32.066410064697266,
      1032.0000038146973
    ]
  }
}