{
  "model": {
    "model_name": "llama2_7B",
    "num_layers": 32,
    "parameters": {
      "total_parameters_bytes": 26953662464.0,
      "parameters_per_layer_bytes": [
        524288000,
        809533440.0,
        809533440.0,
        809533440.0,
        809533440.0,
        809533440.0,
        809533440.0,
        809533440.0,
        809533440.0,
        809533440.0,
        809533440.0,
        809533440.0,
        809533440.0,
        809533440.0,
        809533440.0,
        809533440.0,
        809533440.0,
        809533440.0,
        809533440.0,
        809533440.0,
        809533440.0,
        809533440.0,
        809533440.0,
        809533440.0,
        809533440.0,
        809533440.0,
        809533440.0,
        809533440.0,
        809533440.0,
        809533440.0,
        809533440.0,
        809533440.0,
        809533440.0,
        16384,
        524288000
      ],
      "activation_parameters_bytes": [
        33554432,
        515899392.0,
        515899392.0,
        515899392.0,
        515899392.0,
        515899392.0,
        515899392.0,
        515899392.0,
        515899392.0,
        515899392.0,
        515899392.0,
        515899392.0,
        515899392.0,
        515899392.0,
        515899392.0,
        515899392.0,
        515899392.0,
        515899392.0,
        515899392.0,
        515899392.0,
        515899392.0,
        515899392.0,
        515899392.0,
        515899392.0,
        515899392.0,
        515899392.0,
        515899392.0,
        515899392.0,
        515899392.0,
        515899392.0,
        515899392.0,
        515899392.0,
        515899392.0,
        33554432,
        262144000
      ]
    }
  },
  "execution_time": {
    "total_time_ms": 1793.5167873318996,
    "forward_backward_time_ms": 1525.8564608437673,
    "batch_generator_time_ms": 6.109101431710379,
    "layernorm_grads_all_reduce_time_ms": null,
    "embedding_grads_all_reduce_time_ms": null,
    "optimizer_time_ms": 236.5384594445011,
    "layer_compute_total_ms": [
      2.4695396423339844,
      46.40694175447736,
      46.40694175447736,
      46.40694175447736,
      46.40694175447736,
      46.40694175447736,
      46.40694175447736,
      46.40694175447736,
      46.40694175447736,
      46.40694175447736,
      46.40694175447736,
      46.40694175447736,
      46.40694175447736,
      46.40694175447736,
      46.40694175447736,
      46.40694175447736,
      46.40694175447736,
      46.40694175447736,
      46.40694175447736,
      46.40694175447736,
      46.40694175447736,
      46.40694175447736,
      46.40694175447736,
      46.40694175447736,
      46.40694175447736,
      46.40694175447736,
      46.40694175447736,
      46.40694175447736,
      46.40694175447736,
      46.40694175447736,
      46.40694175447736,
      46.40694175447736,
      46.40694175447736,
      3.1946386609758646,
      17.37454959324428
    ]
  },
  "execution_memory": {
    "total_memory_mb": 134433.44305419922,
    "layer_memory_total_mb": [
      3500.062515258789,
      3945.765823364258,
      3945.765823364258,
      3945.765823364258,
      3945.765823364258,
      3945.765823364258,
      3945.765823364258,
      3945.765823364258,
      3945.765823364258,
      3945.765823364258,
      3945.765823364258,
      3945.765823364258,
      3945.765823364258,
      3945.765823364258,
      3945.765823364258,
      3945.765823364258,
      3945.765823364258,
      3945.765823364258,
      3945.765823364258,
      3945.765823364258,
      3945.765823364258,
      3945.765823364258,
      3945.765823364258,
      3945.765823364258,
      3945.765823364258,
      3945.765823364258,
      3945.765823364258,
      3945.765823364258,
      3945.765823364258,
      3945.765823364258,
      3945.765823364258,
      3945.765823364258,
      3945.765823364258,
      64.25782775878906,
      2128.000015258789
    ]
  }
}