{
  "model": {
    "model_name": "llama2_7B",
    "num_layers": 32,
    "parameters": {
      "total_parameters_bytes": 26953662464.0,
      "parameters_per_layer_bytes": [
        524288000,
        809533440.0,
        809533440.0,
        809533440.0,
        809533440.0,
        809533440.0,
        809533440.0,
        809533440.0,
        809533440.0,
        809533440.0,
        809533440.0,
        809533440.0,
        809533440.0,
        809533440.0,
        809533440.0,
        809533440.0,
        809533440.0,
        809533440.0,
        809533440.0,
        809533440.0,
        809533440.0,
        809533440.0,
        809533440.0,
        809533440.0,
        809533440.0,
        809533440.0,
        809533440.0,
        809533440.0,
        809533440.0,
        809533440.0,
        809533440.0,
        809533440.0,
        809533440.0,
        16384,
        524288000
      ],
      "activation_parameters_bytes": [
        536870912,
        8254390272.0,
        8254390272.0,
        8254390272.0,
        8254390272.0,
        8254390272.0,
        8254390272.0,
        8254390272.0,
        8254390272.0,
        8254390272.0,
        8254390272.0,
        8254390272.0,
        8254390272.0,
        8254390272.0,
        8254390272.0,
        8254390272.0,
        8254390272.0,
        8254390272.0,
        8254390272.0,
        8254390272.0,
        8254390272.0,
        8254390272.0,
        8254390272.0,
        8254390272.0,
        8254390272.0,
        8254390272.0,
        8254390272.0,
        8254390272.0,
        8254390272.0,
        8254390272.0,
        8254390272.0,
        8254390272.0,
        8254390272.0,
        536870912,
        4194304000
      ]
    }
  },
  "execution_time": {
    "total_time_ms": 4480.5843251690085,
    "forward_backward_time_ms": 4422.273049269614,
    "batch_generator_time_ms": 20.722435932471786,
    "layernorm_grads_all_reduce_time_ms": null,
    "embedding_grads_all_reduce_time_ms": null,
    "optimizer_time_ms": 32.18690206993764,
    "layer_compute_total_ms": [
      10.016670228646506,
      135.7510232461971,
      135.7510232461971,
      135.7510232461971,
      135.7510232461971,
      135.7510232461971,
      135.7510232461971,
      135.7510232461971,
      135.7510232461971,
      135.7510232461971,
      135.7510232461971,
      135.7510232461971,
      135.7510232461971,
      135.7510232461971,
      135.7510232461971,
      135.7510232461971,
      135.7510232461971,
      135.7510232461971,
      135.7510232461971,
      135.7510232461971,
      135.7510232461971,
      135.7510232461971,
      135.7510232461971,
      135.7510232461971,
      135.7510232461971,
      135.7510232461971,
      135.7510232461971,
      135.7510232461971,
      135.7510232461971,
      135.7510232461971,
      135.7510232461971,
      135.7510232461971,
      135.7510232461971,
      0.9576774715748059,
      35.269910785293085
    ]
  },
  "execution_memory": {
    "total_memory_mb": 87207.3763885498,
    "layer_memory_total_mb": [
      687.7500038146973,
      2610.9062995910645,
      2610.9062995910645,
      2610.9062995910645,
      2610.9062995910645,
      2610.9062995910645,
      2610.9062995910645,
      2610.9062995910645,
      2610.9062995910645,
      2610.9062995910645,
      2610.9062995910645,
      2610.9062995910645,
      2610.9062995910645,
      2610.9062995910645,
      2610.9062995910645,
      2610.9062995910645,
      2610.9062995910645,
      2610.9062995910645,
      2610.9062995910645,
      2610.9062995910645,
      2610.9062995910645,
      2610.9062995910645,
      2610.9062995910645,
      2610.9062995910645,
      2610.9062995910645,
      2610.9062995910645,
      2610.9062995910645,
      2610.9062995910645,
      2610.9062995910645,
      2610.9062995910645,
      2610.9062995910645,
      2610.9062995910645,
      2610.9062995910645,
      128.07812881469727,
      762.0000038146973
    ]
  }
}