{
  "model": {
    "model_name": "llama2_7B",
    "num_layers": 32,
    "parameters": {
      "total_parameters_bytes": 26953662464.0,
      "parameters_per_layer_bytes": [
        524288000,
        809533440.0,
        809533440.0,
        809533440.0,
        809533440.0,
        809533440.0,
        809533440.0,
        809533440.0,
        809533440.0,
        809533440.0,
        809533440.0,
        809533440.0,
        809533440.0,
        809533440.0,
        809533440.0,
        809533440.0,
        809533440.0,
        809533440.0,
        809533440.0,
        809533440.0,
        809533440.0,
        809533440.0,
        809533440.0,
        809533440.0,
        809533440.0,
        809533440.0,
        809533440.0,
        809533440.0,
        809533440.0,
        809533440.0,
        809533440.0,
        809533440.0,
        809533440.0,
        16384,
        524288000
      ],
      "activation_parameters_bytes": [
        134217728,
        2063597568.0,
        2063597568.0,
        2063597568.0,
        2063597568.0,
        2063597568.0,
        2063597568.0,
        2063597568.0,
        2063597568.0,
        2063597568.0,
        2063597568.0,
        2063597568.0,
        2063597568.0,
        2063597568.0,
        2063597568.0,
        2063597568.0,
        2063597568.0,
        2063597568.0,
        2063597568.0,
        2063597568.0,
        2063597568.0,
        2063597568.0,
        2063597568.0,
        2063597568.0,
        2063597568.0,
        2063597568.0,
        2063597568.0,
        2063597568.0,
        2063597568.0,
        2063597568.0,
        2063597568.0,
        2063597568.0,
        2063597568.0,
        134217728,
        1048576000
      ]
    }
  },
  "execution_time": {
    "total_time_ms": 2476.178436198174,
    "forward_backward_time_ms": 2349.618241920296,
    "batch_generator_time_ms": 6.72086615317659,
    "layernorm_grads_all_reduce_time_ms": null,
    "embedding_grads_all_reduce_time_ms": null,
    "optimizer_time_ms": 113.19820662607611,
    "layer_compute_total_ms": [
      1.3965730515008175,
      71.95991387887611,
      71.95991387887611,
      71.95991387887611,
      71.95991387887611,
      71.95991387887611,
      71.95991387887611,
      71.95991387887611,
      71.95991387887611,
      71.95991387887611,
      71.95991387887611,
      71.95991387887611,
      71.95991387887611,
      71.95991387887611,
      71.95991387887611,
      71.95991387887611,
      71.95991387887611,
      71.95991387887611,
      71.95991387887611,
      71.95991387887611,
      71.95991387887611,
      71.95991387887611,
      71.95991387887611,
      71.95991387887611,
      71.95991387887611,
      71.95991387887611,
      71.95991387887611,
      71.95991387887611,
      71.95991387887611,
      71.95991387887611,
      71.95991387887611,
      71.95991387887611,
      71.95991387887611,
      1.068736693713248,
      34.98972123364204
    ]
  },
  "execution_memory": {
    "total_memory_mb": 98987.3763885498,
    "layer_memory_total_mb": [
      1250.0625038146973,
      3000.9062995910645,
      3000.9062995910645,
      3000.9062995910645,
      3000.9062995910645,
      3000.9062995910645,
      3000.9062995910645,
      3000.9062995910645,
      3000.9062995910645,
      3000.9062995910645,
      3000.9062995910645,
      3000.9062995910645,
      3000.9062995910645,
      3000.9062995910645,
      3000.9062995910645,
      3000.9062995910645,
      3000.9062995910645,
      3000.9062995910645,
      3000.9062995910645,
      3000.9062995910645,
      3000.9062995910645,
      3000.9062995910645,
      3000.9062995910645,
      3000.9062995910645,
      3000.9062995910645,
      3000.9062995910645,
      3000.9062995910645,
      3000.9062995910645,
      3000.9062995910645,
      3000.9062995910645,
      3000.9062995910645,
      3000.9062995910645,
      3000.9062995910645,
      128.07812881469727,
      1128.0000038146973
    ]
  }
}