{
  "model": {
    "model_name": "llama2_7B",
    "num_layers": 32,
    "parameters": {
      "total_parameters_bytes": 26953662464.0,
      "parameters_per_layer_bytes": [
        524288000,
        809533440.0,
        809533440.0,
        809533440.0,
        809533440.0,
        809533440.0,
        809533440.0,
        809533440.0,
        809533440.0,
        809533440.0,
        809533440.0,
        809533440.0,
        809533440.0,
        809533440.0,
        809533440.0,
        809533440.0,
        809533440.0,
        809533440.0,
        809533440.0,
        809533440.0,
        809533440.0,
        809533440.0,
        809533440.0,
        809533440.0,
        809533440.0,
        809533440.0,
        809533440.0,
        809533440.0,
        809533440.0,
        809533440.0,
        809533440.0,
        809533440.0,
        809533440.0,
        16384,
        524288000
      ],
      "activation_parameters_bytes": [
        268435456,
        4127195136.0,
        4127195136.0,
        4127195136.0,
        4127195136.0,
        4127195136.0,
        4127195136.0,
        4127195136.0,
        4127195136.0,
        4127195136.0,
        4127195136.0,
        4127195136.0,
        4127195136.0,
        4127195136.0,
        4127195136.0,
        4127195136.0,
        4127195136.0,
        4127195136.0,
        4127195136.0,
        4127195136.0,
        4127195136.0,
        4127195136.0,
        4127195136.0,
        4127195136.0,
        4127195136.0,
        4127195136.0,
        4127195136.0,
        4127195136.0,
        4127195136.0,
        4127195136.0,
        4127195136.0,
        4127195136.0,
        4127195136.0,
        268435456,
        2097152000
      ]
    }
  },
  "execution_time": {
    "total_time_ms": 9187.249726489332,
    "forward_backward_time_ms": 8983.958925519672,
    "batch_generator_time_ms": 43.48547118050711,
    "layernorm_grads_all_reduce_time_ms": null,
    "embedding_grads_all_reduce_time_ms": null,
    "optimizer_time_ms": 131.29496362181288,
    "layer_compute_total_ms": [
      27.00373104640416,
      275.2885563032968,
      275.2885563032968,
      275.2885563032968,
      275.2885563032968,
      275.2885563032968,
      275.2885563032968,
      275.2885563032968,
      275.2885563032968,
      275.2885563032968,
      275.2885563032968,
      275.2885563032968,
      275.2885563032968,
      275.2885563032968,
      275.2885563032968,
      275.2885563032968,
      275.2885563032968,
      275.2885563032968,
      275.2885563032968,
      275.2885563032968,
      275.2885563032968,
      275.2885563032968,
      275.2885563032968,
      275.2885563032968,
      275.2885563032968,
      275.2885563032968,
      275.2885563032968,
      275.2885563032968,
      275.2885563032968,
      275.2885563032968,
      275.2885563032968,
      275.2885563032968,
      275.2885563032968,
      3.2390526362827847,
      69.25232069832938
    ]
  },
  "execution_memory": {
    "total_memory_mb": 398367.51110839844,
    "layer_memory_total_mb": [
      5501.000030517578,
      11989.125396728516,
      11989.125396728516,
      11989.125396728516,
      11989.125396728516,
      11989.125396728516,
      11989.125396728516,
      11989.125396728516,
      11989.125396728516,
      11989.125396728516,
      11989.125396728516,
      11989.125396728516,
      11989.125396728516,
      11989.125396728516,
      11989.125396728516,
      11989.125396728516,
      11989.125396728516,
      11989.125396728516,
      11989.125396728516,
      11989.125396728516,
      11989.125396728516,
      11989.125396728516,
      11989.125396728516,
      11989.125396728516,
      11989.125396728516,
      11989.125396728516,
      11989.125396728516,
      11989.125396728516,
      11989.125396728516,
      11989.125396728516,
      11989.125396728516,
      11989.125396728516,
      11989.125396728516,
      512.5625305175781,
      4048.000030517578
    ]
  }
}