{
  "model": {
    "model_name": "llama2_7B",
    "num_layers": 32,
    "parameters": {
      "total_parameters_bytes": 26953662464.0,
      "parameters_per_layer_bytes": [
        524288000,
        809533440.0,
        809533440.0,
        809533440.0,
        809533440.0,
        809533440.0,
        809533440.0,
        809533440.0,
        809533440.0,
        809533440.0,
        809533440.0,
        809533440.0,
        809533440.0,
        809533440.0,
        809533440.0,
        809533440.0,
        809533440.0,
        809533440.0,
        809533440.0,
        809533440.0,
        809533440.0,
        809533440.0,
        809533440.0,
        809533440.0,
        809533440.0,
        809533440.0,
        809533440.0,
        809533440.0,
        809533440.0,
        809533440.0,
        809533440.0,
        809533440.0,
        809533440.0,
        16384,
        524288000
      ],
      "activation_parameters_bytes": [
        268435456,
        4127195136.0,
        4127195136.0,
        4127195136.0,
        4127195136.0,
        4127195136.0,
        4127195136.0,
        4127195136.0,
        4127195136.0,
        4127195136.0,
        4127195136.0,
        4127195136.0,
        4127195136.0,
        4127195136.0,
        4127195136.0,
        4127195136.0,
        4127195136.0,
        4127195136.0,
        4127195136.0,
        4127195136.0,
        4127195136.0,
        4127195136.0,
        4127195136.0,
        4127195136.0,
        4127195136.0,
        4127195136.0,
        4127195136.0,
        4127195136.0,
        4127195136.0,
        4127195136.0,
        4127195136.0,
        4127195136.0,
        4127195136.0,
        268435456,
        2097152000
      ]
    }
  },
  "execution_time": {
    "total_time_ms": 16103.731271378394,
    "forward_backward_time_ms": 15673.455828504826,
    "batch_generator_time_ms": 19.837120651936697,
    "layernorm_grads_all_reduce_time_ms": null,
    "embedding_grads_all_reduce_time_ms": null,
    "optimizer_time_ms": 400.1242842312941,
    "layer_compute_total_ms": [
      0.39182995561993483,
      480.67873450177046,
      480.67873450177046,
      480.67873450177046,
      480.67873450177046,
      480.67873450177046,
      480.67873450177046,
      480.67873450177046,
      480.67873450177046,
      480.67873450177046,
      480.67873450177046,
      480.67873450177046,
      480.67873450177046,
      480.67873450177046,
      480.67873450177046,
      480.67873450177046,
      480.67873450177046,
      480.67873450177046,
      480.67873450177046,
      480.67873450177046,
      480.67873450177046,
      480.67873450177046,
      480.67873450177046,
      480.67873450177046,
      480.67873450177046,
      480.67873450177046,
      480.67873450177046,
      480.67873450177046,
      480.67873450177046,
      480.67873450177046,
      480.67873450177046,
      480.67873450177046,
      480.67873450177046,
      5.271347935511138,
      269.8600402689208
    ]
  },
  "execution_memory": {
    "total_memory_mb": 278454.0013885498,
    "layer_memory_total_mb": [
      2000.1250038146973,
      8402.500049591064,
      8402.500049591064,
      8402.500049591064,
      8402.500049591064,
      8402.500049591064,
      8402.500049591064,
      8402.500049591064,
      8402.500049591064,
      8402.500049591064,
      8402.500049591064,
      8402.500049591064,
      8402.500049591064,
      8402.500049591064,
      8402.500049591064,
      8402.500049591064,
      8402.500049591064,
      8402.500049591064,
      8402.500049591064,
      8402.500049591064,
      8402.500049591064,
      8402.500049591064,
      8402.500049591064,
      8402.500049591064,
      8402.500049591064,
      8402.500049591064,
      8402.500049591064,
      8402.500049591064,
      8402.500049591064,
      8402.500049591064,
      8402.500049591064,
      8402.500049591064,
      8402.500049591064,
      512.1250038146973,
      2256.0000038146973
    ]
  }
}