{
  "model": {
    "model_name": "llama2_7B",
    "num_layers": 32,
    "parameters": {
      "total_parameters_bytes": 26953662464.0,
      "parameters_per_layer_bytes": [
        524288000,
        809533440.0,
        809533440.0,
        809533440.0,
        809533440.0,
        809533440.0,
        809533440.0,
        809533440.0,
        809533440.0,
        809533440.0,
        809533440.0,
        809533440.0,
        809533440.0,
        809533440.0,
        809533440.0,
        809533440.0,
        809533440.0,
        809533440.0,
        809533440.0,
        809533440.0,
        809533440.0,
        809533440.0,
        809533440.0,
        809533440.0,
        809533440.0,
        809533440.0,
        809533440.0,
        809533440.0,
        809533440.0,
        809533440.0,
        809533440.0,
        809533440.0,
        809533440.0,
        16384,
        524288000
      ],
      "activation_parameters_bytes": [
        1073741824,
        16508780544.0,
        16508780544.0,
        16508780544.0,
        16508780544.0,
        16508780544.0,
        16508780544.0,
        16508780544.0,
        16508780544.0,
        16508780544.0,
        16508780544.0,
        16508780544.0,
        16508780544.0,
        16508780544.0,
        16508780544.0,
        16508780544.0,
        16508780544.0,
        16508780544.0,
        16508780544.0,
        16508780544.0,
        16508780544.0,
        16508780544.0,
        16508780544.0,
        16508780544.0,
        16508780544.0,
        16508780544.0,
        16508780544.0,
        16508780544.0,
        16508780544.0,
        16508780544.0,
        16508780544.0,
        16508780544.0,
        16508780544.0,
        1073741824,
        8388608000
      ]
    }
  },
  "execution_time": {
    "total_time_ms": 36637.05441137461,
    "forward_backward_time_ms": 36321.414061955045,
    "batch_generator_time_ms": 162.03154836382186,
    "layernorm_grads_all_reduce_time_ms": null,
    "embedding_grads_all_reduce_time_ms": null,
    "optimizer_time_ms": 130.05583834386664,
    "layer_compute_total_ms": [
      74.9591418675014,
      1115.7485246658325,
      1115.7485246658325,
      1115.7485246658325,
      1115.7485246658325,
      1115.7485246658325,
      1115.7485246658325,
      1115.7485246658325,
      1115.7485246658325,
      1115.7485246658325,
      1115.7485246658325,
      1115.7485246658325,
      1115.7485246658325,
      1115.7485246658325,
      1115.7485246658325,
      1115.7485246658325,
      1115.7485246658325,
      1115.7485246658325,
      1115.7485246658325,
      1115.7485246658325,
      1115.7485246658325,
      1115.7485246658325,
      1115.7485246658325,
      1115.7485246658325,
      1115.7485246658325,
      1115.7485246658325,
      1115.7485246658325,
      1115.7485246658325,
      1115.7485246658325,
      1115.7485246658325,
      1115.7485246658325,
      1115.7485246658325,
      1115.7485246658325,
      6.309986114501953,
      291.53248241969516
    ]
  },
  "execution_memory": {
    "total_memory_mb": 1295506.0111083984,
    "layer_memory_total_mb": [
      5504.000030517578,
      38683.500396728516,
      38683.500396728516,
      38683.500396728516,
      38683.500396728516,
      38683.500396728516,
      38683.500396728516,
      38683.500396728516,
      38683.500396728516,
      38683.500396728516,
      38683.500396728516,
      38683.500396728516,
      38683.500396728516,
      38683.500396728516,
      38683.500396728516,
      38683.500396728516,
      38683.500396728516,
      38683.500396728516,
      38683.500396728516,
      38683.500396728516,
      38683.500396728516,
      38683.500396728516,
      38683.500396728516,
      38683.500396728516,
      38683.500396728516,
      38683.500396728516,
      38683.500396728516,
      38683.500396728516,
      38683.500396728516,
      38683.500396728516,
      38683.500396728516,
      38683.500396728516,
      38683.500396728516,
      2048.750030517578,
      10192.000030517578
    ]
  }
}