{
  "model": {
    "model_name": "llama2_7B",
    "num_layers": 32,
    "parameters": {
      "total_parameters_bytes": 26953662464.0,
      "parameters_per_layer_bytes": [
        524288000,
        809533440.0,
        809533440.0,
        809533440.0,
        809533440.0,
        809533440.0,
        809533440.0,
        809533440.0,
        809533440.0,
        809533440.0,
        809533440.0,
        809533440.0,
        809533440.0,
        809533440.0,
        809533440.0,
        809533440.0,
        809533440.0,
        809533440.0,
        809533440.0,
        809533440.0,
        809533440.0,
        809533440.0,
        809533440.0,
        809533440.0,
        809533440.0,
        809533440.0,
        809533440.0,
        809533440.0,
        809533440.0,
        809533440.0,
        809533440.0,
        809533440.0,
        809533440.0,
        16384,
        524288000
      ],
      "activation_parameters_bytes": [
        134217728,
        2063597568.0,
        2063597568.0,
        2063597568.0,
        2063597568.0,
        2063597568.0,
        2063597568.0,
        2063597568.0,
        2063597568.0,
        2063597568.0,
        2063597568.0,
        2063597568.0,
        2063597568.0,
        2063597568.0,
        2063597568.0,
        2063597568.0,
        2063597568.0,
        2063597568.0,
        2063597568.0,
        2063597568.0,
        2063597568.0,
        2063597568.0,
        2063597568.0,
        2063597568.0,
        2063597568.0,
        2063597568.0,
        2063597568.0,
        2063597568.0,
        2063597568.0,
        2063597568.0,
        2063597568.0,
        2063597568.0,
        2063597568.0,
        134217728,
        1048576000
      ]
    }
  },
  "execution_time": {
    "total_time_ms": 4369.37589439726,
    "forward_backward_time_ms": 4146.5562061370465,
    "batch_generator_time_ms": 5.224899764215738,
    "layernorm_grads_all_reduce_time_ms": null,
    "embedding_grads_all_reduce_time_ms": null,
    "optimizer_time_ms": 212.0318863887746,
    "layer_compute_total_ms": [
      0.12254178577190347,
      127.13526119512565,
      127.13526119512565,
      127.13526119512565,
      127.13526119512565,
      127.13526119512565,
      127.13526119512565,
      127.13526119512565,
      127.13526119512565,
      127.13526119512565,
      127.13526119512565,
      127.13526119512565,
      127.13526119512565,
      127.13526119512565,
      127.13526119512565,
      127.13526119512565,
      127.13526119512565,
      127.13526119512565,
      127.13526119512565,
      127.13526119512565,
      127.13526119512565,
      127.13526119512565,
      127.13526119512565,
      127.13526119512565,
      127.13526119512565,
      127.13526119512565,
      127.13526119512565,
      127.13526119512565,
      127.13526119512565,
      127.13526119512565,
      127.13526119512565,
      127.13526119512565,
      127.13526119512565,
      1.4239712149455352,
      71.55362028023887
    ]
  },
  "execution_memory": {
    "total_memory_mb": 188470.2513885498,
    "layer_memory_total_mb": [
      2000.0625038146973,
      5745.437549591064,
      5745.437549591064,
      5745.437549591064,
      5745.437549591064,
      5745.437549591064,
      5745.437549591064,
      5745.437549591064,
      5745.437549591064,
      5745.437549591064,
      5745.437549591064,
      5745.437549591064,
      5745.437549591064,
      5745.437549591064,
      5745.437549591064,
      5745.437549591064,
      5745.437549591064,
      5745.437549591064,
      5745.437549591064,
      5745.437549591064,
      5745.437549591064,
      5745.437549591064,
      5745.437549591064,
      5745.437549591064,
      5745.437549591064,
      5745.437549591064,
      5745.437549591064,
      5745.437549591064,
      5745.437549591064,
      5745.437549591064,
      5745.437549591064,
      5745.437549591064,
      5745.437549591064,
      256.09375381469727,
      2128.0000038146973
    ]
  }
}