{
  "model": {
    "model_name": "llama2_7B",
    "num_layers": 32,
    "parameters": {
      "total_parameters_bytes": 26953662464.0,
      "parameters_per_layer_bytes": [
        524288000,
        809533440.0,
        809533440.0,
        809533440.0,
        809533440.0,
        809533440.0,
        809533440.0,
        809533440.0,
        809533440.0,
        809533440.0,
        809533440.0,
        809533440.0,
        809533440.0,
        809533440.0,
        809533440.0,
        809533440.0,
        809533440.0,
        809533440.0,
        809533440.0,
        809533440.0,
        809533440.0,
        809533440.0,
        809533440.0,
        809533440.0,
        809533440.0,
        809533440.0,
        809533440.0,
        809533440.0,
        809533440.0,
        809533440.0,
        809533440.0,
        809533440.0,
        809533440.0,
        16384,
        524288000
      ],
      "activation_parameters_bytes": [
        134217728,
        2063597568.0,
        2063597568.0,
        2063597568.0,
        2063597568.0,
        2063597568.0,
        2063597568.0,
        2063597568.0,
        2063597568.0,
        2063597568.0,
        2063597568.0,
        2063597568.0,
        2063597568.0,
        2063597568.0,
        2063597568.0,
        2063597568.0,
        2063597568.0,
        2063597568.0,
        2063597568.0,
        2063597568.0,
        2063597568.0,
        2063597568.0,
        2063597568.0,
        2063597568.0,
        2063597568.0,
        2063597568.0,
        2063597568.0,
        2063597568.0,
        2063597568.0,
        2063597568.0,
        2063597568.0,
        2063597568.0,
        2063597568.0,
        134217728,
        1048576000
      ]
    }
  },
  "execution_time": {
    "total_time_ms": 2160.8703424451105,
    "forward_backward_time_ms": 2081.132130250772,
    "batch_generator_time_ms": 9.856297711135278,
    "layernorm_grads_all_reduce_time_ms": null,
    "embedding_grads_all_reduce_time_ms": null,
    "optimizer_time_ms": 59.88783715242577,
    "layer_compute_total_ms": [
      5.89031065221151,
      63.7375273441793,
      63.7375273441793,
      63.7375273441793,
      63.7375273441793,
      63.7375273441793,
      63.7375273441793,
      63.7375273441793,
      63.7375273441793,
      63.7375273441793,
      63.7375273441793,
      63.7375273441793,
      63.7375273441793,
      63.7375273441793,
      63.7375273441793,
      63.7375273441793,
      63.7375273441793,
      63.7375273441793,
      63.7375273441793,
      63.7375273441793,
      63.7375273441793,
      63.7375273441793,
      63.7375273441793,
      63.7375273441793,
      63.7375273441793,
      63.7375273441793,
      63.7375273441793,
      63.7375273441793,
      63.7375273441793,
      63.7375273441793,
      63.7375273441793,
      63.7375273441793,
      63.7375273441793,
      1.4132670194154915,
      15.664220458870707
    ]
  },
  "execution_memory": {
    "total_memory_mb": 31224.220138549805,
    "layer_memory_total_mb": [
      687.5625038146973,
      942.5078620910645,
      942.5078620910645,
      942.5078620910645,
      942.5078620910645,
      942.5078620910645,
      942.5078620910645,
      942.5078620910645,
      942.5078620910645,
      942.5078620910645,
      942.5078620910645,
      942.5078620910645,
      942.5078620910645,
      942.5078620910645,
      942.5078620910645,
      942.5078620910645,
      942.5078620910645,
      942.5078620910645,
      942.5078620910645,
      942.5078620910645,
      942.5078620910645,
      942.5078620910645,
      942.5078620910645,
      942.5078620910645,
      942.5078620910645,
      942.5078620910645,
      942.5078620910645,
      942.5078620910645,
      942.5078620910645,
      942.5078620910645,
      942.5078620910645,
      942.5078620910645,
      942.5078620910645,
      32.066410064697266,
      378.00000381469727
    ]
  }
}