{
  "model": {
    "model_name": "llama2_7B",
    "num_layers": 32,
    "parameters": {
      "total_parameters_bytes": 26953662464.0,
      "parameters_per_layer_bytes": [
        524288000,
        809533440.0,
        809533440.0,
        809533440.0,
        809533440.0,
        809533440.0,
        809533440.0,
        809533440.0,
        809533440.0,
        809533440.0,
        809533440.0,
        809533440.0,
        809533440.0,
        809533440.0,
        809533440.0,
        809533440.0,
        809533440.0,
        809533440.0,
        809533440.0,
        809533440.0,
        809533440.0,
        809533440.0,
        809533440.0,
        809533440.0,
        809533440.0,
        809533440.0,
        809533440.0,
        809533440.0,
        809533440.0,
        809533440.0,
        809533440.0,
        809533440.0,
        809533440.0,
        16384,
        524288000
      ],
      "activation_parameters_bytes": [
        268435456,
        4127195136.0,
        4127195136.0,
        4127195136.0,
        4127195136.0,
        4127195136.0,
        4127195136.0,
        4127195136.0,
        4127195136.0,
        4127195136.0,
        4127195136.0,
        4127195136.0,
        4127195136.0,
        4127195136.0,
        4127195136.0,
        4127195136.0,
        4127195136.0,
        4127195136.0,
        4127195136.0,
        4127195136.0,
        4127195136.0,
        4127195136.0,
        4127195136.0,
        4127195136.0,
        4127195136.0,
        4127195136.0,
        4127195136.0,
        4127195136.0,
        4127195136.0,
        4127195136.0,
        4127195136.0,
        4127195136.0,
        4127195136.0,
        268435456,
        2097152000
      ]
    }
  },
  "execution_time": {
    "total_time_ms": 4241.071906416236,
    "forward_backward_time_ms": 4147.227618899003,
    "batch_generator_time_ms": 20.0740173230705,
    "layernorm_grads_all_reduce_time_ms": null,
    "embedding_grads_all_reduce_time_ms": null,
    "optimizer_time_ms": 60.60914835752384,
    "layer_compute_total_ms": [
      12.465620127764527,
      127.08031206874931,
      127.08031206874931,
      127.08031206874931,
      127.08031206874931,
      127.08031206874931,
      127.08031206874931,
      127.08031206874931,
      127.08031206874931,
      127.08031206874931,
      127.08031206874931,
      127.08031206874931,
      127.08031206874931,
      127.08031206874931,
      127.08031206874931,
      127.08031206874931,
      127.08031206874931,
      127.08031206874931,
      127.08031206874931,
      127.08031206874931,
      127.08031206874931,
      127.08031206874931,
      127.08031206874931,
      127.08031206874931,
      127.08031206874931,
      127.08031206874931,
      127.08031206874931,
      127.08031206874931,
      127.08031206874931,
      127.08031206874931,
      127.08031206874931,
      127.08031206874931,
      127.08031206874931,
      1.495230406063167,
      31.968660971627216
    ]
  },
  "execution_memory": {
    "total_memory_mb": 49795.938888549805,
    "layer_memory_total_mb": [
      687.6250038146973,
      1498.6406745910645,
      1498.6406745910645,
      1498.6406745910645,
      1498.6406745910645,
      1498.6406745910645,
      1498.6406745910645,
      1498.6406745910645,
      1498.6406745910645,
      1498.6406745910645,
      1498.6406745910645,
      1498.6406745910645,
      1498.6406745910645,
      1498.6406745910645,
      1498.6406745910645,
      1498.6406745910645,
      1498.6406745910645,
      1498.6406745910645,
      1498.6406745910645,
      1498.6406745910645,
      1498.6406745910645,
      1498.6406745910645,
      1498.6406745910645,
      1498.6406745910645,
      1498.6406745910645,
      1498.6406745910645,
      1498.6406745910645,
      1498.6406745910645,
      1498.6406745910645,
      1498.6406745910645,
      1498.6406745910645,
      1498.6406745910645,
      1498.6406745910645,
      64.07031631469727,
      506.00000381469727
    ]
  }
}