{
  "model": {
    "model_name": "llama2_7B",
    "num_layers": 32,
    "parameters": {
      "total_parameters_bytes": 26953662464.0,
      "parameters_per_layer_bytes": [
        524288000,
        809533440.0,
        809533440.0,
        809533440.0,
        809533440.0,
        809533440.0,
        809533440.0,
        809533440.0,
        809533440.0,
        809533440.0,
        809533440.0,
        809533440.0,
        809533440.0,
        809533440.0,
        809533440.0,
        809533440.0,
        809533440.0,
        809533440.0,
        809533440.0,
        809533440.0,
        809533440.0,
        809533440.0,
        809533440.0,
        809533440.0,
        809533440.0,
        809533440.0,
        809533440.0,
        809533440.0,
        809533440.0,
        809533440.0,
        809533440.0,
        809533440.0,
        809533440.0,
        16384,
        524288000
      ],
      "activation_parameters_bytes": [
        134217728,
        2063597568.0,
        2063597568.0,
        2063597568.0,
        2063597568.0,
        2063597568.0,
        2063597568.0,
        2063597568.0,
        2063597568.0,
        2063597568.0,
        2063597568.0,
        2063597568.0,
        2063597568.0,
        2063597568.0,
        2063597568.0,
        2063597568.0,
        2063597568.0,
        2063597568.0,
        2063597568.0,
        2063597568.0,
        2063597568.0,
        2063597568.0,
        2063597568.0,
        2063597568.0,
        2063597568.0,
        2063597568.0,
        2063597568.0,
        2063597568.0,
        2063597568.0,
        2063597568.0,
        2063597568.0,
        2063597568.0,
        2063597568.0,
        134217728,
        1048576000
      ]
    }
  },
  "execution_time": {
    "total_time_ms": 1474.875037497415,
    "forward_backward_time_ms": 1405.7119555679362,
    "batch_generator_time_ms": 5.207584258243073,
    "layernorm_grads_all_reduce_time_ms": null,
    "embedding_grads_all_reduce_time_ms": null,
    "optimizer_time_ms": 58.18115973699119,
    "layer_compute_total_ms": [
      1.8487010777620518,
      43.01519576956712,
      43.01519576956712,
      43.01519576956712,
      43.01519576956712,
      43.01519576956712,
      43.01519576956712,
      43.01519576956712,
      43.01519576956712,
      43.01519576956712,
      43.01519576956712,
      43.01519576956712,
      43.01519576956712,
      43.01519576956712,
      43.01519576956712,
      43.01519576956712,
      43.01519576956712,
      43.01519576956712,
      43.01519576956712,
      43.01519576956712,
      43.01519576956712,
      43.01519576956712,
      43.01519576956712,
      43.01519576956712,
      43.01519576956712,
      43.01519576956712,
      43.01519576956712,
      43.01519576956712,
      43.01519576956712,
      43.01519576956712,
      43.01519576956712,
      43.01519576956712,
      43.01519576956712,
      0.7968882496072655,
      17.8285549152721
    ]
  },
  "execution_memory": {
    "total_memory_mb": 54029.938888549805,
    "layer_memory_total_mb": [
      875.0625038146973,
      1628.6406745910645,
      1628.6406745910645,
      1628.6406745910645,
      1628.6406745910645,
      1628.6406745910645,
      1628.6406745910645,
      1628.6406745910645,
      1628.6406745910645,
      1628.6406745910645,
      1628.6406745910645,
      1628.6406745910645,
      1628.6406745910645,
      1628.6406745910645,
      1628.6406745910645,
      1628.6406745910645,
      1628.6406745910645,
      1628.6406745910645,
      1628.6406745910645,
      1628.6406745910645,
      1628.6406745910645,
      1628.6406745910645,
      1628.6406745910645,
      1628.6406745910645,
      1628.6406745910645,
      1628.6406745910645,
      1628.6406745910645,
      1628.6406745910645,
      1628.6406745910645,
      1628.6406745910645,
      1628.6406745910645,
      1628.6406745910645,
      1628.6406745910645,
      64.07031631469727,
      628.0000038146973
    ]
  }
}