{
  "model": {
    "model_name": "wideresnet_1B",
    "num_layers": 18,
    "parameters": {
      "total_parameters_bytes": 3984762000,
      "parameters_per_layer_bytes": [
        190720,
        12725760,
        12305920,
        12305920,
        59038720,
        49187840,
        49187840,
        49187840,
        236042240,
        196679680,
        196679680,
        196679680,
        196679680,
        196679680,
        943943680,
        786575360,
        786575360,
        4096400
      ],
      "activation_parameters_bytes": [
        293601280,
        692060160,
        524288000,
        524288000,
        440401920,
        262144000,
        262144000,
        262144000,
        220200960,
        131072000,
        131072000,
        131072000,
        131072000,
        131072000,
        110100480,
        65536000,
        65536000,
        21176320
      ]
    }
  },
  "execution_time": {
    "total_time_ms": 574.6427059173584,
    "forward_backward_time_ms": 416.2900447845459,
    "batch_generator_time_ms": 39.4803524017334,
    "layernorm_grads_all_reduce_time_ms": null,
    "embedding_grads_all_reduce_time_ms": null,
    "optimizer_time_ms": 118.8723087310791,
    "layer_compute_total_ms": [
      1.2702465057373047,
      12.091445922851562,
      10.744810104370117,
      10.738372802734375,
      14.22719955444336,
      8.494091033935547,
      8.501291275024414,
      8.51130485534668,
      32.030439376831055,
      30.896854400634766,
      31.221771240234375,
      31.86655044555664,
      30.15151023864746,
      52.069807052612305,
      107.71236419677734,
      12.633657455444336,
      12.62364387512207,
      0.5046844482421875
    ]
  },
  "execution_memory": {
    "total_memory_mb": 20788.0,
    "layer_memory_total_mb": [
      203.7324333190918,
      428.5986785888672,
      326.9775733947754,
      326.9775733947754,
      465.3223114013672,
      327.7051124572754,
      327.7051124572754,
      327.7051124572754,
      1020.6445770263672,
      820.4101905822754,
      820.4101905822754,
      820.4101905822754,
      820.4101905822754,
      820.4101905822754,
      3661.289108276367,
      3035.8203468322754,
      3035.8203468322754,
      25.62653350830078
    ]
  }
}