{
  "model": {
    "model_name": "wideresnet_1B",
    "num_layers": 18,
    "parameters": {
      "total_parameters_bytes": 3984762000,
      "parameters_per_layer_bytes": [
        190720,
        12725760,
        12305920,
        12305920,
        59038720,
        49187840,
        49187840,
        49187840,
        236042240,
        196679680,
        196679680,
        196679680,
        196679680,
        196679680,
        943943680,
        786575360,
        786575360,
        4096400
      ],
      "activation_parameters_bytes": [
        1174405120,
        2768240640,
        2097152000,
        2097152000,
        1761607680,
        1048576000,
        1048576000,
        1048576000,
        880803840,
        524288000,
        524288000,
        524288000,
        524288000,
        524288000,
        440401920,
        262144000,
        262144000,
        84705280
      ]
    }
  },
  "execution_time": {
    "total_time_ms": 436.32080765068247,
    "forward_backward_time_ms": 307.33831373797335,
    "batch_generator_time_ms": 73.95612507910403,
    "layernorm_grads_all_reduce_time_ms": null,
    "embedding_grads_all_reduce_time_ms": null,
    "optimizer_time_ms": 55.02636883360508,
    "layer_compute_total_ms": [
      2.179543711726209,
      21.14460726224261,
      18.85795298554448,
      19.01632958130547,
      25.44699168212584,
      15.486435536910236,
      16.033214499898836,
      16.063304952491645,
      24.16729998356283,
      15.789475230286405,
      15.799072477784916,
      15.85632578224278,
      16.010938319925224,
      15.994187160873924,
      30.52952666586744,
      19.607572856099097,
      18.927863210441895,
      0.4276718386435375
    ]
  },
  "execution_memory": {
    "total_memory_mb": 26800.0,
    "layer_memory_total_mb": [
      812.7324333190918,
      1568.5986785888672,
      1166.9775733947754,
      1166.9775733947754,
      1185.3223114013672,
      747.7051124572754,
      747.7051124572754,
      747.7051124572754,
      1380.6445770263672,
      1030.4101905822754,
      1030.4101905822754,
      1030.4101905822754,
      1030.4101905822754,
      1030.4101905822754,
      3841.289108276367,
      3140.8203468322754,
      3140.8203468322754,
      55.62653350830078
    ]
  }
}