{
  "model": {
    "model_name": "wideresnet_1B",
    "num_layers": 18,
    "parameters": {
      "total_parameters_bytes": 3984762000,
      "parameters_per_layer_bytes": [
        190720,
        12725760,
        12305920,
        12305920,
        59038720,
        49187840,
        49187840,
        49187840,
        236042240,
        196679680,
        196679680,
        196679680,
        196679680,
        196679680,
        943943680,
        786575360,
        786575360,
        4096400
      ],
      "activation_parameters_bytes": [
        293601280,
        692060160,
        524288000,
        524288000,
        440401920,
        262144000,
        262144000,
        262144000,
        220200960,
        131072000,
        131072000,
        131072000,
        131072000,
        131072000,
        110100480,
        65536000,
        65536000,
        21176320
      ]
    }
  },
  "execution_time": {
    "total_time_ms": 140.5871044903851,
    "forward_backward_time_ms": 101.84591472539938,
    "batch_generator_time_ms": 9.658920875988544,
    "layernorm_grads_all_reduce_time_ms": null,
    "embedding_grads_all_reduce_time_ms": null,
    "optimizer_time_ms": 29.082268888997152,
    "layer_compute_total_ms": [
      0.310767501948105,
      2.9581883732119323,
      2.628732124009018,
      2.627157229577433,
      3.480703347957817,
      2.078090701303492,
      2.0798522498899317,
      2.0823020856723975,
      7.836289717372826,
      7.5589566409130375,
      7.6384479791117075,
      7.796194071733138,
      7.376607197504845,
      12.738947748781767,
      26.351973572977915,
      3.090841147890107,
      3.0883913121076416,
      0.12347172343626799
    ]
  },
  "execution_memory": {
    "total_memory_mb": 20788.0,
    "layer_memory_total_mb": [
      203.7324333190918,
      428.5986785888672,
      326.9775733947754,
      326.9775733947754,
      465.3223114013672,
      327.7051124572754,
      327.7051124572754,
      327.7051124572754,
      1020.6445770263672,
      820.4101905822754,
      820.4101905822754,
      820.4101905822754,
      820.4101905822754,
      820.4101905822754,
      3661.289108276367,
      3035.8203468322754,
      3035.8203468322754,
      25.62653350830078
    ]
  }
}