{
  "model": {
    "model_name": "wideresnet_1B",
    "num_layers": 18,
    "parameters": {
      "total_parameters_bytes": 3984762000,
      "parameters_per_layer_bytes": [
        190720,
        12725760,
        12305920,
        12305920,
        59038720,
        49187840,
        49187840,
        49187840,
        236042240,
        196679680,
        196679680,
        196679680,
        196679680,
        196679680,
        943943680,
        786575360,
        786575360,
        4096400
      ],
      "activation_parameters_bytes": [
        18350080,
        43253760,
        32768000,
        32768000,
        27525120,
        16384000,
        16384000,
        16384000,
        13762560,
        8192000,
        8192000,
        8192000,
        8192000,
        8192000,
        6881280,
        4096000,
        4096000,
        1323520
      ]
    }
  },
  "execution_time": {
    "total_time_ms": 53.44000613973997,
    "forward_backward_time_ms": 23.567560217935547,
    "batch_generator_time_ms": 0.7421019220475543,
    "layernorm_grads_all_reduce_time_ms": null,
    "embedding_grads_all_reduce_time_ms": null,
    "optimizer_time_ms": 29.13034399975687,
    "layer_compute_total_ms": [
      0.08369105668289745,
      0.40520283841981597,
      0.3348458879243386,
      0.3154688534735033,
      0.605774393695681,
      0.41165407264697546,
      0.40258968025185266,
      0.40246135552039014,
      1.7180698342431495,
      1.348377948784407,
      1.3658534440326617,
      1.367801646773956,
      1.3812640776928384,
      1.350524471565234,
      3.776678508133701,
      6.169281460367067,
      1.9935130373850358,
      0.13450765034204176
    ]
  },
  "execution_memory": {
    "total_memory_mb": 19668.0,
    "layer_memory_total_mb": [
      13.419933319091797,
      72.34867858886719,
      64.47757339477539,
      64.47757339477539,
      240.3223114013672,
      196.4551124572754,
      196.4551124572754,
      196.4551124572754,
      908.1445770263672,
      754.7851905822754,
      754.7851905822754,
      754.7851905822754,
      754.7851905822754,
      754.7851905822754,
      3605.039108276367,
      3003.0078468322754,
      3003.0078468322754,
      16.25153350830078
    ]
  }
}