{
  "model": {
    "model_name": "wideresnet_1B",
    "num_layers": 18,
    "parameters": {
      "total_parameters_bytes": 3984762000,
      "parameters_per_layer_bytes": [
        190720,
        12725760,
        12305920,
        12305920,
        59038720,
        49187840,
        49187840,
        49187840,
        236042240,
        196679680,
        196679680,
        196679680,
        196679680,
        196679680,
        943943680,
        786575360,
        786575360,
        4096400
      ],
      "activation_parameters_bytes": [
        293601280,
        692060160,
        524288000,
        524288000,
        440401920,
        262144000,
        262144000,
        262144000,
        220200960,
        131072000,
        131072000,
        131072000,
        131072000,
        131072000,
        110100480,
        65536000,
        65536000,
        21176320
      ]
    }
  },
  "execution_time": {
    "total_time_ms": 265.2699239540961,
    "forward_backward_time_ms": 192.17024315405652,
    "batch_generator_time_ms": 18.22515098763803,
    "layernorm_grads_all_reduce_time_ms": null,
    "embedding_grads_all_reduce_time_ms": null,
    "optimizer_time_ms": 54.87452981240156,
    "layer_compute_total_ms": [
      0.5863786149377321,
      5.581723925877486,
      4.960082029993388,
      4.957110405194537,
      6.5676429980296325,
      3.921091940137316,
      3.92441575750492,
      3.9290382849697996,
      14.786078601909905,
      14.262786480850004,
      14.412776491067568,
      14.710423235734712,
      13.918716353214144,
      24.036768612768853,
      49.7228110009356,
      5.832022782082935,
      5.827400254618055,
      0.23297538422992442
    ]
  },
  "execution_memory": {
    "total_memory_mb": 20788.0,
    "layer_memory_total_mb": [
      203.7324333190918,
      428.5986785888672,
      326.9775733947754,
      326.9775733947754,
      465.3223114013672,
      327.7051124572754,
      327.7051124572754,
      327.7051124572754,
      1020.6445770263672,
      820.4101905822754,
      820.4101905822754,
      820.4101905822754,
      820.4101905822754,
      820.4101905822754,
      3661.289108276367,
      3035.8203468322754,
      3035.8203468322754,
      25.62653350830078
    ]
  }
}