{
  "model": {
    "model_name": "wideresnet_1B",
    "num_layers": 18,
    "parameters": {
      "total_parameters_bytes": 3984762000,
      "parameters_per_layer_bytes": [
        190720,
        12725760,
        12305920,
        12305920,
        59038720,
        49187840,
        49187840,
        49187840,
        236042240,
        196679680,
        196679680,
        196679680,
        196679680,
        196679680,
        943943680,
        786575360,
        786575360,
        4096400
      ],
      "activation_parameters_bytes": [
        73400320,
        173015040,
        131072000,
        131072000,
        110100480,
        65536000,
        65536000,
        65536000,
        55050240,
        32768000,
        32768000,
        32768000,
        32768000,
        32768000,
        27525120,
        16384000,
        16384000,
        5294080
      ]
    }
  },
  "execution_time": {
    "total_time_ms": 131.91542155306848,
    "forward_backward_time_ms": 72.24730874755137,
    "batch_generator_time_ms": 4.697522469988235,
    "layernorm_grads_all_reduce_time_ms": null,
    "embedding_grads_all_reduce_time_ms": null,
    "optimizer_time_ms": 54.97059033552887,
    "layer_compute_total_ms": [
      0.1948285266268954,
      1.657770421119054,
      1.4948153219642797,
      1.4547314052331108,
      2.2163478351608683,
      1.497830970834225,
      1.4999661382822882,
      1.5001642466022116,
      6.520251085496844,
      4.400668158600786,
      4.441478472505008,
      4.4117622245164965,
      4.451449924607819,
      4.421601604406026,
      13.880393399326739,
      13.929722370987665,
      4.039560715451513,
      0.23396592582954143
    ]
  },
  "execution_memory": {
    "total_memory_mb": 19826.0,
    "layer_memory_total_mb": [
      51.4824333190918,
      143.5986785888672,
      116.97757339477539,
      116.97757339477539,
      285.3223114013672,
      222.7051124572754,
      222.7051124572754,
      222.7051124572754,
      930.6445770263672,
      767.9101905822754,
      767.9101905822754,
      767.9101905822754,
      767.9101905822754,
      767.9101905822754,
      3616.289108276367,
      3009.5703468322754,
      3009.5703468322754,
      18.12653350830078
    ]
  }
}