{
  "model": {
    "model_name": "wideresnet_1B",
    "num_layers": 18,
    "parameters": {
      "total_parameters_bytes": 3984762000,
      "parameters_per_layer_bytes": [
        190720,
        12725760,
        12305920,
        12305920,
        59038720,
        49187840,
        49187840,
        49187840,
        236042240,
        196679680,
        196679680,
        196679680,
        196679680,
        196679680,
        943943680,
        786575360,
        786575360,
        4096400
      ],
      "activation_parameters_bytes": [
        146800640,
        346030080,
        262144000,
        262144000,
        220200960,
        131072000,
        131072000,
        131072000,
        110100480,
        65536000,
        65536000,
        65536000,
        65536000,
        65536000,
        55050240,
        32768000,
        32768000,
        10588160
      ]
    }
  },
  "execution_time": {
    "total_time_ms": 176.40964771440784,
    "forward_backward_time_ms": 111.7658023216234,
    "batch_generator_time_ms": 9.423308393618877,
    "layernorm_grads_all_reduce_time_ms": null,
    "embedding_grads_all_reduce_time_ms": null,
    "optimizer_time_ms": 55.22053699916557,
    "layer_compute_total_ms": [
      0.3694500046216035,
      2.88474329454689,
      2.574131460942538,
      2.5299092815285245,
      3.641385004441015,
      2.438801466399305,
      2.433276445476997,
      2.438273177546176,
      10.702559851470944,
      7.3544191845876625,
      7.371984788954204,
      7.457193378556815,
      7.435511523542976,
      7.46989432306746,
      25.94206437361443,
      14.009648072058987,
      4.347310984434749,
      0.3652457058321179
    ]
  },
  "execution_memory": {
    "total_memory_mb": 19798.0,
    "layer_memory_total_mb": [
      102.2324333190918,
      238.5986785888672,
      186.9775733947754,
      186.9775733947754,
      345.3223114013672,
      257.7051124572754,
      257.7051124572754,
      257.7051124572754,
      960.6445770263672,
      785.4101905822754,
      785.4101905822754,
      785.4101905822754,
      785.4101905822754,
      785.4101905822754,
      3631.289108276367,
      3018.3203468322754,
      3018.3203468322754,
      20.62653350830078
    ]
  }
}