{
  "model": {
    "model_name": "wideresnet_1B",
    "num_layers": 18,
    "parameters": {
      "total_parameters_bytes": 3984762000,
      "parameters_per_layer_bytes": [
        190720,
        12725760,
        12305920,
        12305920,
        59038720,
        49187840,
        49187840,
        49187840,
        236042240,
        196679680,
        196679680,
        196679680,
        196679680,
        196679680,
        943943680,
        786575360,
        786575360,
        4096400
      ],
      "activation_parameters_bytes": [
        587202560,
        1384120320,
        1048576000,
        1048576000,
        880803840,
        524288000,
        524288000,
        524288000,
        440401920,
        262144000,
        262144000,
        262144000,
        262144000,
        262144000,
        220200960,
        131072000,
        131072000,
        42352640
      ]
    }
  },
  "execution_time": {
    "total_time_ms": 261.02188724997853,
    "forward_backward_time_ms": 169.0454551860373,
    "batch_generator_time_ms": 36.92992221781062,
    "layernorm_grads_all_reduce_time_ms": null,
    "embedding_grads_all_reduce_time_ms": null,
    "optimizer_time_ms": 55.046509846130625,
    "layer_compute_total_ms": [
      1.106082774203465,
      10.989574782968864,
      9.763394342820721,
      9.802157537419067,
      12.595859052943378,
      7.422612470712408,
      7.481098449160906,
      7.485104639630468,
      12.272810419254947,
      8.27148460954865,
      8.25429320978641,
      8.346897843332828,
      8.294531210766408,
      17.950220663655436,
      19.43079419862078,
      9.698921090703426,
      9.615209319518014,
      0.2644085709911047
    ]
  },
  "execution_memory": {
    "total_memory_mb": 22256.0,
    "layer_memory_total_mb": [
      406.7324333190918,
      808.5986785888672,
      606.9775733947754,
      606.9775733947754,
      705.3223114013672,
      467.7051124572754,
      467.7051124572754,
      467.7051124572754,
      1140.6445770263672,
      890.4101905822754,
      890.4101905822754,
      890.4101905822754,
      890.4101905822754,
      890.4101905822754,
      3721.289108276367,
      3070.8203468322754,
      3070.8203468322754,
      35.62653350830078
    ]
  }
}