{
  "model": {
    "model_name": "wideresnet_1B",
    "num_layers": 18,
    "parameters": {
      "total_parameters_bytes": 3984762000,
      "parameters_per_layer_bytes": [
        190720,
        12725760,
        12305920,
        12305920,
        59038720,
        49187840,
        49187840,
        49187840,
        236042240,
        196679680,
        196679680,
        196679680,
        196679680,
        196679680,
        943943680,
        786575360,
        786575360,
        4096400
      ],
      "activation_parameters_bytes": [
        18350080,
        43253760,
        32768000,
        32768000,
        27525120,
        16384000,
        16384000,
        16384000,
        13762560,
        8192000,
        8192000,
        8192000,
        8192000,
        8192000,
        6881280,
        4096000,
        4096000,
        1323520
      ]
    }
  },
  "execution_time": {
    "total_time_ms": 100.834471384712,
    "forward_backward_time_ms": 44.4689783565669,
    "batch_generator_time_ms": 1.4002516172541744,
    "layernorm_grads_all_reduce_time_ms": null,
    "embedding_grads_all_reduce_time_ms": null,
    "optimizer_time_ms": 54.96524141089094,
    "layer_compute_total_ms": [
      0.1579143430145009,
      0.7645660426910614,
      0.631811456306833,
      0.5952494652631912,
      1.1430189698514064,
      0.7767386983485773,
      0.7596353467285234,
      0.7593932143375058,
      3.24177851111996,
      2.5442171046341038,
      2.577191133883577,
      2.5808671438199338,
      2.6062690328412237,
      2.54826731917476,
      7.126110351893711,
      11.64064677037936,
      3.76150468242124,
      0.253798769857429
    ]
  },
  "execution_memory": {
    "total_memory_mb": 19668.0,
    "layer_memory_total_mb": [
      13.419933319091797,
      72.34867858886719,
      64.47757339477539,
      64.47757339477539,
      240.3223114013672,
      196.4551124572754,
      196.4551124572754,
      196.4551124572754,
      908.1445770263672,
      754.7851905822754,
      754.7851905822754,
      754.7851905822754,
      754.7851905822754,
      754.7851905822754,
      3605.039108276367,
      3003.0078468322754,
      3003.0078468322754,
      16.25153350830078
    ]
  }
}