{
  "model": {
    "model_name": "wideresnet_1B",
    "num_layers": 18,
    "parameters": {
      "total_parameters_bytes": 3984762000,
      "parameters_per_layer_bytes": [
        190720,
        12725760,
        12305920,
        12305920,
        59038720,
        49187840,
        49187840,
        49187840,
        236042240,
        196679680,
        196679680,
        196679680,
        196679680,
        196679680,
        943943680,
        786575360,
        786575360,
        4096400
      ],
      "activation_parameters_bytes": [
        18350080,
        43253760,
        32768000,
        32768000,
        27525120,
        16384000,
        16384000,
        16384000,
        13762560,
        8192000,
        8192000,
        8192000,
        8192000,
        8192000,
        6881280,
        4096000,
        4096000,
        1323520
      ]
    }
  },
  "execution_time": {
    "total_time_ms": 218.4333324432373,
    "forward_backward_time_ms": 96.33121490478516,
    "batch_generator_time_ms": 3.033304214477539,
    "layernorm_grads_all_reduce_time_ms": null,
    "embedding_grads_all_reduce_time_ms": null,
    "optimizer_time_ms": 119.06881332397461,
    "layer_compute_total_ms": [
      0.3420829772949219,
      1.6562461853027344,
      1.3686656951904297,
      1.2894630432128906,
      2.476072311401367,
      1.6826152801513672,
      1.6455650329589844,
      1.645040512084961,
      7.022523880004883,
      5.51142692565918,
      5.582857131958008,
      5.5908203125,
      5.645847320556641,
      5.520200729370117,
      15.436983108520508,
      25.21662712097168,
      8.148384094238281,
      0.5497932434082031
    ]
  },
  "execution_memory": {
    "total_memory_mb": 19668.0,
    "layer_memory_total_mb": [
      13.419933319091797,
      72.34867858886719,
      64.47757339477539,
      64.47757339477539,
      240.3223114013672,
      196.4551124572754,
      196.4551124572754,
      196.4551124572754,
      908.1445770263672,
      754.7851905822754,
      754.7851905822754,
      754.7851905822754,
      754.7851905822754,
      754.7851905822754,
      3605.039108276367,
      3003.0078468322754,
      3003.0078468322754,
      16.25153350830078
    ]
  }
}