{
  "model": {
    "model_name": "wideresnet_1B",
    "num_layers": 18,
    "parameters": {
      "total_parameters_bytes": 3984762000,
      "parameters_per_layer_bytes": [
        190720,
        12725760,
        12305920,
        12305920,
        59038720,
        49187840,
        49187840,
        49187840,
        236042240,
        196679680,
        196679680,
        196679680,
        196679680,
        196679680,
        943943680,
        786575360,
        786575360,
        4096400
      ],
      "activation_parameters_bytes": [
        4587520,
        10813440,
        8192000,
        8192000,
        6881280,
        4096000,
        4096000,
        4096000,
        3440640,
        2048000,
        2048000,
        2048000,
        2048000,
        2048000,
        1720320,
        1024000,
        1024000,
        330880
      ]
    }
  },
  "execution_time": {
    "total_time_ms": 48.55993326106842,
    "forward_backward_time_ms": 18.899619786256167,
    "batch_generator_time_ms": 0.3641972537752126,
    "layernorm_grads_all_reduce_time_ms": null,
    "embedding_grads_all_reduce_time_ms": null,
    "optimizer_time_ms": 29.296116221037046,
    "layer_compute_total_ms": [
      0.14272043315564084,
      0.4233549549794185,
      0.3486232977295382,
      0.311712438607056,
      0.4233666208640969,
      0.32593315203003503,
      0.3285929737367121,
      0.3305178447086493,
      0.8104290086089888,
      0.5891038444902363,
      0.5865723475150219,
      0.5926152757784371,
      0.5875172841739729,
      0.5851024460455424,
      2.5160280121309206,
      7.866726010498791,
      1.9762008645222786,
      0.1545029766808327
    ]
  },
  "execution_memory": {
    "total_memory_mb": 19670.0,
    "layer_memory_total_mb": [
      3.904308319091797,
      54.53617858886719,
      51.35257339477539,
      51.35257339477539,
      229.0723114013672,
      189.8926124572754,
      189.8926124572754,
      189.8926124572754,
      902.5195770263672,
      751.5039405822754,
      751.5039405822754,
      751.5039405822754,
      751.5039405822754,
      751.5039405822754,
      3602.226608276367,
      3001.3672218322754,
      3001.3672218322754,
      15.782783508300781
    ]
  }
}