{
  "model": {
    "model_name": "wideresnet_1B",
    "num_layers": 18,
    "parameters": {
      "total_parameters_bytes": 3984762000,
      "parameters_per_layer_bytes": [
        190720,
        12725760,
        12305920,
        12305920,
        59038720,
        49187840,
        49187840,
        49187840,
        236042240,
        196679680,
        196679680,
        196679680,
        196679680,
        196679680,
        943943680,
        786575360,
        786575360,
        4096400
      ],
      "activation_parameters_bytes": [
        587202560,
        1384120320,
        1048576000,
        1048576000,
        880803840,
        524288000,
        524288000,
        524288000,
        440401920,
        262144000,
        262144000,
        262144000,
        262144000,
        262144000,
        220200960,
        131072000,
        131072000,
        42352640
      ]
    }
  },
  "execution_time": {
    "total_time_ms": 565.4403686523438,
    "forward_backward_time_ms": 366.19582176208496,
    "batch_generator_time_ms": 79.99968528747559,
    "layernorm_grads_all_reduce_time_ms": null,
    "embedding_grads_all_reduce_time_ms": null,
    "optimizer_time_ms": 119.2448616027832,
    "layer_compute_total_ms": [
      2.396059036254883,
      23.806238174438477,
      21.15001678466797,
      21.23398780822754,
      27.28586196899414,
      16.079282760620117,
      16.205978393554688,
      16.214656829833984,
      26.586055755615234,
      17.91815757751465,
      17.880916595458984,
      18.08152198791504,
      17.968082427978516,
      38.884782791137695,
      42.092084884643555,
      21.010351181030273,
      20.829010009765625,
      0.5727767944335938
    ]
  },
  "execution_memory": {
    "total_memory_mb": 22256.0,
    "layer_memory_total_mb": [
      406.7324333190918,
      808.5986785888672,
      606.9775733947754,
      606.9775733947754,
      705.3223114013672,
      467.7051124572754,
      467.7051124572754,
      467.7051124572754,
      1140.6445770263672,
      890.4101905822754,
      890.4101905822754,
      890.4101905822754,
      890.4101905822754,
      890.4101905822754,
      3721.289108276367,
      3070.8203468322754,
      3070.8203468322754,
      35.62653350830078
    ]
  }
}