{
  "model": {
    "model_name": "wideresnet_1B",
    "num_layers": 18,
    "parameters": {
      "total_parameters_bytes": 3984762000,
      "parameters_per_layer_bytes": [
        190720,
        12725760,
        12305920,
        12305920,
        59038720,
        49187840,
        49187840,
        49187840,
        236042240,
        196679680,
        196679680,
        196679680,
        196679680,
        196679680,
        943943680,
        786575360,
        786575360,
        4096400
      ],
      "activation_parameters_bytes": [
        2293760,
        5406720,
        4096000,
        4096000,
        3440640,
        2048000,
        2048000,
        2048000,
        1720320,
        1024000,
        1024000,
        1024000,
        1024000,
        1024000,
        860160,
        512000,
        512000,
        165440
      ]
    }
  },
  "execution_time": {
    "total_time_ms": 89.27810869844228,
    "forward_backward_time_ms": 33.85479682781734,
    "batch_generator_time_ms": 0.39516006214055205,
    "layernorm_grads_all_reduce_time_ms": null,
    "embedding_grads_all_reduce_time_ms": null,
    "optimizer_time_ms": 55.02815180848439,
    "layer_compute_total_ms": [
      0.19445432202259563,
      0.6944797215092702,
      0.5836491225298985,
      0.5547253078210813,
      0.6923665660967538,
      0.6304687221384633,
      0.6345849727857606,
      0.6399338974236926,
      1.2662863689148585,
      1.2136115678507797,
      1.2077123423241716,
      1.2067438127601018,
      1.2062375359425197,
      1.2095613533101235,
      4.621096682568894,
      12.730968927131142,
      4.315481581033722,
      0.2524340236535122
    ]
  },
  "execution_memory": {
    "total_memory_mb": 19846.0,
    "layer_memory_total_mb": [
      2.318370819091797,
      51.56742858886719,
      49.16507339477539,
      49.16507339477539,
      227.1973114013672,
      188.7988624572754,
      188.7988624572754,
      188.7988624572754,
      901.5820770263672,
      750.9570655822754,
      750.9570655822754,
      750.9570655822754,
      750.9570655822754,
      750.9570655822754,
      3601.757858276367,
      3001.0937843322754,
      3001.0937843322754,
      15.704658508300781
    ]
  }
}