{
  "model": {
    "model_name": "wideresnet_1B",
    "num_layers": 18,
    "parameters": {
      "total_parameters_bytes": 3984762000,
      "parameters_per_layer_bytes": [
        190720,
        12725760,
        12305920,
        12305920,
        59038720,
        49187840,
        49187840,
        49187840,
        236042240,
        196679680,
        196679680,
        196679680,
        196679680,
        196679680,
        943943680,
        786575360,
        786575360,
        4096400
      ],
      "activation_parameters_bytes": [
        73400320,
        173015040,
        131072000,
        131072000,
        110100480,
        65536000,
        65536000,
        65536000,
        55050240,
        32768000,
        32768000,
        32768000,
        32768000,
        32768000,
        27525120,
        16384000,
        16384000,
        5294080
      ]
    }
  },
  "execution_time": {
    "total_time_ms": 69.9122119738824,
    "forward_backward_time_ms": 38.28945171258371,
    "batch_generator_time_ms": 2.48958145156497,
    "layernorm_grads_all_reduce_time_ms": null,
    "embedding_grads_all_reduce_time_ms": null,
    "optimizer_time_ms": 29.133178809733725,
    "layer_compute_total_ms": [
      0.10325474528858729,
      0.878581106900247,
      0.7922185626259942,
      0.7709749866266137,
      1.174614596499523,
      0.7938167888269362,
      0.7949483796407416,
      0.7950533726028473,
      3.455586698245205,
      2.3322553307919627,
      2.3538838809857308,
      2.33813493666988,
      2.3591685267450493,
      2.3433495871211285,
      7.356296892279738,
      7.382440139844049,
      2.140876492642683,
      0.12399668824679633
    ]
  },
  "execution_memory": {
    "total_memory_mb": 19826.0,
    "layer_memory_total_mb": [
      51.4824333190918,
      143.5986785888672,
      116.97757339477539,
      116.97757339477539,
      285.3223114013672,
      222.7051124572754,
      222.7051124572754,
      222.7051124572754,
      930.6445770263672,
      767.9101905822754,
      767.9101905822754,
      767.9101905822754,
      767.9101905822754,
      767.9101905822754,
      3616.289108276367,
      3009.5703468322754,
      3009.5703468322754,
      18.12653350830078
    ]
  }
}