{
  "model": {
    "model_name": "wideresnet_1B",
    "num_layers": 18,
    "parameters": {
      "total_parameters_bytes": 3984762000,
      "parameters_per_layer_bytes": [
        190720,
        12725760,
        12305920,
        12305920,
        59038720,
        49187840,
        49187840,
        49187840,
        236042240,
        196679680,
        196679680,
        196679680,
        196679680,
        196679680,
        943943680,
        786575360,
        786575360,
        4096400
      ],
      "activation_parameters_bytes": [
        36700160,
        86507520,
        65536000,
        65536000,
        55050240,
        32768000,
        32768000,
        32768000,
        27525120,
        16384000,
        16384000,
        16384000,
        16384000,
        16384000,
        13762560,
        8192000,
        8192000,
        2647040
      ]
    }
  },
  "execution_time": {
    "total_time_ms": 256.6294193267822,
    "forward_backward_time_ms": 131.4079761505127,
    "batch_generator_time_ms": 5.936002731323242,
    "layernorm_grads_all_reduce_time_ms": null,
    "embedding_grads_all_reduce_time_ms": null,
    "optimizer_time_ms": 119.28544044494629,
    "layer_compute_total_ms": [
      0.5136013031005859,
      2.1901607513427734,
      2.0327091217041016,
      1.9139289855957031,
      3.286886215209961,
      2.307891845703125,
      2.301645278930664,
      2.2994518280029297,
      8.938932418823242,
      6.311607360839844,
      6.237030029296875,
      6.227731704711914,
      6.221818923950195,
      6.243753433227539,
      20.391035079956055,
      45.13249397277832,
      8.277273178100586,
      0.5800247192382812
    ]
  },
  "execution_memory": {
    "total_memory_mb": 19638.0,
    "layer_memory_total_mb": [
      26.107433319091797,
      96.09867858886719,
      81.97757339477539,
      81.97757339477539,
      255.3223114013672,
      205.2051124572754,
      205.2051124572754,
      205.2051124572754,
      915.6445770263672,
      759.1601905822754,
      759.1601905822754,
      759.1601905822754,
      759.1601905822754,
      759.1601905822754,
      3608.789108276367,
      3005.1953468322754,
      3005.1953468322754,
      16.87653350830078
    ]
  }
}