{
  "model": {
    "model_name": "wideresnet_1B",
    "num_layers": 18,
    "parameters": {
      "total_parameters_bytes": 3984762000,
      "parameters_per_layer_bytes": [
        190720,
        12725760,
        12305920,
        12305920,
        59038720,
        49187840,
        49187840,
        49187840,
        236042240,
        196679680,
        196679680,
        196679680,
        196679680,
        196679680,
        943943680,
        786575360,
        786575360,
        4096400
      ],
      "activation_parameters_bytes": [
        1174405120,
        2768240640,
        2097152000,
        2097152000,
        1761607680,
        1048576000,
        1048576000,
        1048576000,
        880803840,
        524288000,
        524288000,
        524288000,
        524288000,
        524288000,
        440401920,
        262144000,
        262144000,
        84705280
      ]
    }
  },
  "execution_time": {
    "total_time_ms": 231.24023282462483,
    "forward_backward_time_ms": 162.88240665706283,
    "batch_generator_time_ms": 39.19508600605319,
    "layernorm_grads_all_reduce_time_ms": null,
    "embedding_grads_all_reduce_time_ms": null,
    "optimizer_time_ms": 29.16274016150881,
    "layer_compute_total_ms": [
      1.1551092373172251,
      11.206167160885768,
      9.994291728723411,
      10.078227768984556,
      13.486334316588641,
      8.207463170185726,
      8.497243745597377,
      8.51319100995276,
      12.808126444924726,
      8.368067404553365,
      8.373153730273152,
      8.40349669632169,
      8.485437870302826,
      8.47656013206256,
      16.179963757063643,
      10.391573431446588,
      10.031342578462034,
      0.22665647341678483
    ]
  },
  "execution_memory": {
    "total_memory_mb": 26800.0,
    "layer_memory_total_mb": [
      812.7324333190918,
      1568.5986785888672,
      1166.9775733947754,
      1166.9775733947754,
      1185.3223114013672,
      747.7051124572754,
      747.7051124572754,
      747.7051124572754,
      1380.6445770263672,
      1030.4101905822754,
      1030.4101905822754,
      1030.4101905822754,
      1030.4101905822754,
      1030.4101905822754,
      3841.289108276367,
      3140.8203468322754,
      3140.8203468322754,
      55.62653350830078
    ]
  }
}