{
  "model": {
    "model_name": "wide_resnet_1B",
    "num_layers": 18,
    "parameters": {
      "total_parameters_bytes": 3985975440,
      "parameters_per_layer_bytes": [
        193280,
        12753920,
        12323840,
        12323840,
        59095040,
        49223680,
        49223680,
        49223680,
        236154880,
        196751360,
        196751360,
        196751360,
        196751360,
        196751360,
        944168960,
        786718720,
        786718720,
        4096400
      ],
      "activation_parameters_bytes": [
        1474560,
        3604480,
        2621440,
        2621440,
        2293760,
        1310720,
        1310720,
        1310720,
        1146880,
        655360,
        655360,
        655360,
        655360,
        655360,
        573440,
        327680,
        327680,
        82720
      ]
    }
  },
  "execution_time": {
    "total_time_ms": 107.44338694939235,
    "forward_backward_time_ms": 49.19027382494594,
    "batch_generator_time_ms": 0.3957984111714164,
    "layernorm_grads_all_reduce_time_ms": null,
    "embedding_grads_all_reduce_time_ms": null,
    "optimizer_time_ms": 55.2497029462654,
    "layer_compute_total_ms": [
      0.21637830942745248,
      0.8530324135546353,
      0.6622981255394903,
      0.6621440412906611,
      0.843082973487371,
      0.7732387846965972,
      0.6843101610865353,
      0.6835397398423888,
      1.2021212852952223,
      1.068023964742624,
      1.1041457150753249,
      1.0674516518184007,
      1.0741653226602497,
      1.1660435590336153,
      4.532806407989697,
      3.530334285106173,
      3.8037677906715666,
      0.23581493681549323
    ]
  },
  "execution_memory": {
    "total_memory_mb": 19838.0,
    "layer_memory_total_mb": [
      1.5278434753417969,
      50.10990905761719,
      48.08841323852539,
      48.08841323852539,
      226.3135223388672,
      188.2861671447754,
      188.2861671447754,
      188.2861671447754,
      901.2207489013672,
      750.7519874572754,
      750.7519874572754,
      750.7519874572754,
      750.7519874572754,
      750.7519874572754,
      3601.347724914551,
      3000.820369720459,
      3000.820369720459,
      15.665596008300781
    ]
  }
}