{
  "model": {
    "model_name": "wideresnet_1B",
    "num_layers": 18,
    "parameters": {
      "total_parameters_bytes": 3984762000,
      "parameters_per_layer_bytes": [
        190720,
        12725760,
        12305920,
        12305920,
        59038720,
        49187840,
        49187840,
        49187840,
        236042240,
        196679680,
        196679680,
        196679680,
        196679680,
        196679680,
        943943680,
        786575360,
        786575360,
        4096400
      ],
      "activation_parameters_bytes": [
        2293760,
        5406720,
        4096000,
        4096000,
        3440640,
        2048000,
        2048000,
        2048000,
        1720320,
        1024000,
        1024000,
        1024000,
        1024000,
        1024000,
        860160,
        512000,
        512000,
        165440
      ]
    }
  },
  "execution_time": {
    "total_time_ms": 47.31539335180653,
    "forward_backward_time_ms": 17.94228229189199,
    "batch_generator_time_ms": 0.20942596174677652,
    "layernorm_grads_all_reduce_time_ms": null,
    "embedding_grads_all_reduce_time_ms": null,
    "optimizer_time_ms": 29.163685098167758,
    "layer_compute_total_ms": [
      0.10305642524905437,
      0.3680586616037656,
      0.3093209322479824,
      0.29399195978055453,
      0.36693873667463844,
      0.33413426895895576,
      0.336315789393818,
      0.3391505993706711,
      0.6711033478947647,
      0.6431868858593348,
      0.6400604287655215,
      0.6395471298396715,
      0.6392788144920682,
      0.6410403630785078,
      2.449077499961538,
      6.74712772614264,
      2.2871083570865243,
      0.13378436549198047
    ]
  },
  "execution_memory": {
    "total_memory_mb": 19846.0,
    "layer_memory_total_mb": [
      2.318370819091797,
      51.56742858886719,
      49.16507339477539,
      49.16507339477539,
      227.1973114013672,
      188.7988624572754,
      188.7988624572754,
      188.7988624572754,
      901.5820770263672,
      750.9570655822754,
      750.9570655822754,
      750.9570655822754,
      750.9570655822754,
      750.9570655822754,
      3601.757858276367,
      3001.0937843322754,
      3001.0937843322754,
      15.704658508300781
    ]
  }
}