{
  "model": {
    "model_name": "wideresnet_1B",
    "num_layers": 18,
    "parameters": {
      "total_parameters_bytes": 3984762000,
      "parameters_per_layer_bytes": [
        190720,
        12725760,
        12305920,
        12305920,
        59038720,
        49187840,
        49187840,
        49187840,
        236042240,
        196679680,
        196679680,
        196679680,
        196679680,
        196679680,
        943943680,
        786575360,
        786575360,
        4096400
      ],
      "activation_parameters_bytes": [
        36700160,
        86507520,
        65536000,
        65536000,
        55050240,
        32768000,
        32768000,
        32768000,
        27525120,
        16384000,
        16384000,
        16384000,
        16384000,
        16384000,
        13762560,
        8192000,
        8192000,
        2647040
      ]
    }
  },
  "execution_time": {
    "total_time_ms": 62.78472974368496,
    "forward_backward_time_ms": 32.149136643873135,
    "batch_generator_time_ms": 1.4522509859609498,
    "layernorm_grads_all_reduce_time_ms": null,
    "embedding_grads_all_reduce_time_ms": null,
    "optimizer_time_ms": 29.183342113850877,
    "layer_compute_total_ms": [
      0.12565324387113025,
      0.5358257491639479,
      0.49730499795584543,
      0.46824527922193165,
      0.804141096767327,
      0.5646288184349368,
      0.5631005875420653,
      0.5625639568468586,
      2.1869217394683584,
      1.5441431595727682,
      1.525897715935738,
      1.5236228684234487,
      1.522176298723326,
      1.5275426056753938,
      4.988693930912199,
      11.041724850458932,
      2.025045923670772,
      0.1419038212281523
    ]
  },
  "execution_memory": {
    "total_memory_mb": 19638.0,
    "layer_memory_total_mb": [
      26.107433319091797,
      96.09867858886719,
      81.97757339477539,
      81.97757339477539,
      255.3223114013672,
      205.2051124572754,
      205.2051124572754,
      205.2051124572754,
      915.6445770263672,
      759.1601905822754,
      759.1601905822754,
      759.1601905822754,
      759.1601905822754,
      759.1601905822754,
      3608.789108276367,
      3005.1953468322754,
      3005.1953468322754,
      16.87653350830078
    ]
  }
}