{
  "model": {
    "model_name": "wideresnet_1B",
    "num_layers": 18,
    "parameters": {
      "total_parameters_bytes": 3984762000,
      "parameters_per_layer_bytes": [
        190720,
        12725760,
        12305920,
        12305920,
        59038720,
        49187840,
        49187840,
        49187840,
        236042240,
        196679680,
        196679680,
        196679680,
        196679680,
        196679680,
        943943680,
        786575360,
        786575360,
        4096400
      ],
      "activation_parameters_bytes": [
        36700160,
        86507520,
        65536000,
        65536000,
        55050240,
        32768000,
        32768000,
        32768000,
        27525120,
        16384000,
        16384000,
        16384000,
        16384000,
        16384000,
        13762560,
        8192000,
        8192000,
        2647040
      ]
    }
  },
  "execution_time": {
    "total_time_ms": 118.46677221896148,
    "forward_backward_time_ms": 60.66131786143532,
    "batch_generator_time_ms": 2.7402122691449926,
    "layernorm_grads_all_reduce_time_ms": null,
    "embedding_grads_all_reduce_time_ms": null,
    "optimizer_time_ms": 55.06524208838116,
    "layer_compute_total_ms": [
      0.23709163487722182,
      1.0110348047113245,
      0.9383510633349819,
      0.8835190827872927,
      1.5173116222933598,
      1.0653825204769787,
      1.0624989438203156,
      1.0614863901851517,
      4.126442219755699,
      2.9136010731490662,
      2.8791742495534876,
      2.874881902621814,
      2.8721524102139804,
      2.882277946565621,
      9.413028773018405,
      20.83432560917146,
      3.8210032145049024,
      0.2677544003942555
    ]
  },
  "execution_memory": {
    "total_memory_mb": 19638.0,
    "layer_memory_total_mb": [
      26.107433319091797,
      96.09867858886719,
      81.97757339477539,
      81.97757339477539,
      255.3223114013672,
      205.2051124572754,
      205.2051124572754,
      205.2051124572754,
      915.6445770263672,
      759.1601905822754,
      759.1601905822754,
      759.1601905822754,
      759.1601905822754,
      759.1601905822754,
      3608.789108276367,
      3005.1953468322754,
      3005.1953468322754,
      16.87653350830078
    ]
  }
}