{
  "model": {
    "model_name": "wideresnet_1B",
    "num_layers": 18,
    "parameters": {
      "total_parameters_bytes": 3984762000,
      "parameters_per_layer_bytes": [
        190720,
        12725760,
        12305920,
        12305920,
        59038720,
        49187840,
        49187840,
        49187840,
        236042240,
        196679680,
        196679680,
        196679680,
        196679680,
        196679680,
        943943680,
        786575360,
        786575360,
        4096400
      ],
      "activation_parameters_bytes": [
        9175040,
        21626880,
        16384000,
        16384000,
        13762560,
        8192000,
        8192000,
        8192000,
        6881280,
        4096000,
        4096000,
        4096000,
        4096000,
        4096000,
        3440640,
        2048000,
        2048000,
        661760
      ]
    }
  },
  "execution_time": {
    "total_time_ms": 50.00875447693392,
    "forward_backward_time_ms": 20.423639294758683,
    "batch_generator_time_ms": 0.44058546664942677,
    "layernorm_grads_all_reduce_time_ms": null,
    "embedding_grads_all_reduce_time_ms": null,
    "optimizer_time_ms": 29.144529715525813,
    "layer_compute_total_ms": [
      0.08489264280477345,
      0.38355095645669113,
      0.3152355357799352,
      0.29445859516769085,
      0.44541514290628764,
      0.3540362682203194,
      0.3425103741580525,
      0.3432219931234354,
      1.0551326056232706,
      0.811408942921975,
      0.8143020823222201,
      0.8195517304275036,
      0.8167985816433995,
      0.8193067468492571,
      2.7630647860808835,
      7.218161151802711,
      2.60285719179231,
      0.13973396667796845
    ]
  },
  "execution_memory": {
    "total_memory_mb": 19676.0,
    "layer_memory_total_mb": [
      7.076183319091797,
      60.47367858886719,
      55.72757339477539,
      55.72757339477539,
      232.8223114013672,
      192.0801124572754,
      192.0801124572754,
      192.0801124572754,
      904.3945770263672,
      752.5976905822754,
      752.5976905822754,
      752.5976905822754,
      752.5976905822754,
      752.5976905822754,
      3603.164108276367,
      3001.9140968322754,
      3001.9140968322754,
      15.939033508300781
    ]
  }
}