{
  "model": {
    "model_name": "wideresnet_1B",
    "num_layers": 18,
    "parameters": {
      "total_parameters_bytes": 3984762000,
      "parameters_per_layer_bytes": [
        190720,
        12725760,
        12305920,
        12305920,
        59038720,
        49187840,
        49187840,
        49187840,
        236042240,
        196679680,
        196679680,
        196679680,
        196679680,
        196679680,
        943943680,
        786575360,
        786575360,
        4096400
      ],
      "activation_parameters_bytes": [
        4587520,
        10813440,
        8192000,
        8192000,
        6881280,
        4096000,
        4096000,
        4096000,
        3440640,
        2048000,
        2048000,
        2048000,
        2048000,
        2048000,
        1720320,
        1024000,
        1024000,
        330880
      ]
    }
  },
  "execution_time": {
    "total_time_ms": 91.62639667467214,
    "forward_backward_time_ms": 35.661170500914494,
    "batch_generator_time_ms": 0.6871937377431983,
    "layernorm_grads_all_reduce_time_ms": null,
    "embedding_grads_all_reduce_time_ms": null,
    "optimizer_time_ms": 55.27803243601445,
    "layer_compute_total_ms": [
      0.2692952428825487,
      0.7988167700022635,
      0.6578076702878931,
      0.5881615898170427,
      0.7988387820378106,
      0.6149942611488906,
      0.6200130052536169,
      0.6236449911188793,
      1.529176109453217,
      1.111563771054679,
      1.1067871593409704,
      1.1181893937543397,
      1.108570134220281,
      1.1040136428620426,
      4.747423754573386,
      14.843508002652145,
      3.728838821669425,
      0.2915273987850642
    ]
  },
  "execution_memory": {
    "total_memory_mb": 19670.0,
    "layer_memory_total_mb": [
      3.904308319091797,
      54.53617858886719,
      51.35257339477539,
      51.35257339477539,
      229.0723114013672,
      189.8926124572754,
      189.8926124572754,
      189.8926124572754,
      902.5195770263672,
      751.5039405822754,
      751.5039405822754,
      751.5039405822754,
      751.5039405822754,
      751.5039405822754,
      3602.226608276367,
      3001.3672218322754,
      3001.3672218322754,
      15.782783508300781
    ]
  }
}