{
  "model": {
    "model_name": "wide_resnet_1B",
    "num_layers": 18,
    "parameters": {
      "total_parameters_bytes": 3985975440,
      "parameters_per_layer_bytes": [
        193280,
        12753920,
        12323840,
        12323840,
        59095040,
        49223680,
        49223680,
        49223680,
        236154880,
        196751360,
        196751360,
        196751360,
        196751360,
        196751360,
        944168960,
        786718720,
        786718720,
        4096400
      ],
      "activation_parameters_bytes": [
        1474560,
        3604480,
        2621440,
        2621440,
        2293760,
        1310720,
        1310720,
        1310720,
        1146880,
        655360,
        655360,
        655360,
        655360,
        655360,
        573440,
        327680,
        327680,
        82720
      ]
    }
  },
  "execution_time": {
    "total_time_ms": 56.9425830214698,
    "forward_backward_time_ms": 26.069740824953197,
    "batch_generator_time_ms": 0.20976427240245038,
    "layernorm_grads_all_reduce_time_ms": null,
    "embedding_grads_all_reduce_time_ms": null,
    "optimizer_time_ms": 29.281102227455936,
    "layer_compute_total_ms": [
      0.11467564638874853,
      0.45208802894233685,
      0.3510031382039334,
      0.3509214770111846,
      0.44681504906769653,
      0.4097991969831087,
      0.36266902288234115,
      0.36226071691859696,
      0.6370972940572059,
      0.5660287245963457,
      0.5851724413536129,
      0.565725411594707,
      0.5692835064216215,
      0.6179769090692955,
      2.4022856365164444,
      1.8709979164923973,
      2.0159115359675788,
      0.1249766225597826
    ]
  },
  "execution_memory": {
    "total_memory_mb": 19838.0,
    "layer_memory_total_mb": [
      1.5278434753417969,
      50.10990905761719,
      48.08841323852539,
      48.08841323852539,
      226.3135223388672,
      188.2861671447754,
      188.2861671447754,
      188.2861671447754,
      901.2207489013672,
      750.7519874572754,
      750.7519874572754,
      750.7519874572754,
      750.7519874572754,
      750.7519874572754,
      3601.347724914551,
      3000.820369720459,
      3000.820369720459,
      15.665596008300781
    ]
  }
}