{
  "model": {
    "model_name": "wideresnet_1B",
    "num_layers": 18,
    "parameters": {
      "total_parameters_bytes": 3984762000,
      "parameters_per_layer_bytes": [
        190720,
        12725760,
        12305920,
        12305920,
        59038720,
        49187840,
        49187840,
        49187840,
        236042240,
        196679680,
        196679680,
        196679680,
        196679680,
        196679680,
        943943680,
        786575360,
        786575360,
        4096400
      ],
      "activation_parameters_bytes": [
        587202560,
        1384120320,
        1048576000,
        1048576000,
        880803840,
        524288000,
        524288000,
        524288000,
        440401920,
        262144000,
        262144000,
        262144000,
        262144000,
        262144000,
        220200960,
        131072000,
        131072000,
        42352640
      ]
    }
  },
  "execution_time": {
    "total_time_ms": 138.3357404039532,
    "forward_backward_time_ms": 89.59029624472873,
    "batch_generator_time_ms": 19.572029713234915,
    "layernorm_grads_all_reduce_time_ms": null,
    "embedding_grads_all_reduce_time_ms": null,
    "optimizer_time_ms": 29.17341444598955,
    "layer_compute_total_ms": [
      0.5861990392053128,
      5.824227923349122,
      5.174379817338416,
      5.194923440257091,
      6.6755225259865725,
      3.933817974751854,
      3.964814230342383,
      3.9669374213538533,
      6.50431400244626,
      4.383701151489971,
      4.374590095556135,
      4.423668472398196,
      4.395915332748265,
      9.51321397635523,
      10.297884711594296,
      5.140210441115359,
      5.0958450816833745,
      0.14013060675703432
    ]
  },
  "execution_memory": {
    "total_memory_mb": 22256.0,
    "layer_memory_total_mb": [
      406.7324333190918,
      808.5986785888672,
      606.9775733947754,
      606.9775733947754,
      705.3223114013672,
      467.7051124572754,
      467.7051124572754,
      467.7051124572754,
      1140.6445770263672,
      890.4101905822754,
      890.4101905822754,
      890.4101905822754,
      890.4101905822754,
      890.4101905822754,
      3721.289108276367,
      3070.8203468322754,
      3070.8203468322754,
      35.62653350830078
    ]
  }
}