{
  "model": {
    "model_name": "wideresnet_1B",
    "num_layers": 18,
    "parameters": {
      "total_parameters_bytes": 3984762000,
      "parameters_per_layer_bytes": [
        190720,
        12725760,
        12305920,
        12305920,
        59038720,
        49187840,
        49187840,
        49187840,
        236042240,
        196679680,
        196679680,
        196679680,
        196679680,
        196679680,
        943943680,
        786575360,
        786575360,
        4096400
      ],
      "activation_parameters_bytes": [
        1174405120,
        2768240640,
        2097152000,
        2097152000,
        1761607680,
        1048576000,
        1048576000,
        1048576000,
        880803840,
        524288000,
        524288000,
        524288000,
        524288000,
        524288000,
        440401920,
        262144000,
        262144000,
        84705280
      ]
    }
  },
  "execution_time": {
    "total_time_ms": 945.1828002929688,
    "forward_backward_time_ms": 665.7736301422119,
    "batch_generator_time_ms": 160.20793914794922,
    "layernorm_grads_all_reduce_time_ms": null,
    "embedding_grads_all_reduce_time_ms": null,
    "optimizer_time_ms": 119.20123100280762,
    "layer_compute_total_ms": [
      4.7214508056640625,
      45.804643630981445,
      40.85116386413574,
      41.19424819946289,
      55.124711990356445,
      33.54759216308594,
      34.7320556640625,
      34.79723930358887,
      52.35257148742676,
      34.20405387878418,
      34.224843978881836,
      34.34886932373047,
      34.683799743652344,
      34.647512435913086,
      66.13478660583496,
      42.475032806396484,
      41.002607345581055,
      0.9264469146728516
    ]
  },
  "execution_memory": {
    "total_memory_mb": 26800.0,
    "layer_memory_total_mb": [
      812.7324333190918,
      1568.5986785888672,
      1166.9775733947754,
      1166.9775733947754,
      1185.3223114013672,
      747.7051124572754,
      747.7051124572754,
      747.7051124572754,
      1380.6445770263672,
      1030.4101905822754,
      1030.4101905822754,
      1030.4101905822754,
      1030.4101905822754,
      1030.4101905822754,
      3841.289108276367,
      3140.8203468322754,
      3140.8203468322754,
      55.62653350830078
    ]
  }
}