{
  "model": {
    "model_name": "wideresnet_1B",
    "num_layers": 18,
    "parameters": {
      "total_parameters_bytes": 3984762000,
      "parameters_per_layer_bytes": [
        190720,
        12725760,
        12305920,
        12305920,
        59038720,
        49187840,
        49187840,
        49187840,
        236042240,
        196679680,
        196679680,
        196679680,
        196679680,
        196679680,
        943943680,
        786575360,
        786575360,
        4096400
      ],
      "activation_parameters_bytes": [
        9175040,
        21626880,
        16384000,
        16384000,
        13762560,
        8192000,
        8192000,
        8192000,
        6881280,
        4096000,
        4096000,
        4096000,
        4096000,
        4096000,
        3440640,
        2048000,
        2048000,
        661760
      ]
    }
  },
  "execution_time": {
    "total_time_ms": 94.3601374053663,
    "forward_backward_time_ms": 38.53680081274491,
    "batch_generator_time_ms": 0.831328546505249,
    "layernorm_grads_all_reduce_time_ms": null,
    "embedding_grads_all_reduce_time_ms": null,
    "optimizer_time_ms": 54.99200804611614,
    "layer_compute_total_ms": [
      0.16018158267584656,
      0.723711704715746,
      0.5948092245522504,
      0.5556057892429631,
      0.8404415292217257,
      0.668021254781722,
      0.6462733636612416,
      0.6476160978296113,
      1.9909005670880333,
      1.5310251204391687,
      1.536484105254836,
      1.5463895212510061,
      1.5411946808619037,
      1.5459272685045182,
      5.213550619317611,
      13.619748886414179,
      4.911259335150042,
      0.2636601617825052
    ]
  },
  "execution_memory": {
    "total_memory_mb": 19676.0,
    "layer_memory_total_mb": [
      7.076183319091797,
      60.47367858886719,
      55.72757339477539,
      55.72757339477539,
      232.8223114013672,
      192.0801124572754,
      192.0801124572754,
      192.0801124572754,
      904.3945770263672,
      752.5976905822754,
      752.5976905822754,
      752.5976905822754,
      752.5976905822754,
      752.5976905822754,
      3603.164108276367,
      3001.9140968322754,
      3001.9140968322754,
      15.939033508300781
    ]
  }
}