{
  "model": {
    "model_name": "wideresnet_1B",
    "num_layers": 18,
    "parameters": {
      "total_parameters_bytes": 3984762000,
      "parameters_per_layer_bytes": [
        190720,
        12725760,
        12305920,
        12305920,
        59038720,
        49187840,
        49187840,
        49187840,
        236042240,
        196679680,
        196679680,
        196679680,
        196679680,
        196679680,
        943943680,
        786575360,
        786575360,
        4096400
      ],
      "activation_parameters_bytes": [
        146800640,
        346030080,
        262144000,
        262144000,
        220200960,
        131072000,
        131072000,
        131072000,
        110100480,
        65536000,
        65536000,
        65536000,
        65536000,
        65536000,
        55050240,
        32768000,
        32768000,
        10588160
      ]
    }
  },
  "execution_time": {
    "total_time_ms": 93.49315296154408,
    "forward_backward_time_ms": 59.23336613223003,
    "batch_generator_time_ms": 4.994141899057016,
    "layernorm_grads_all_reduce_time_ms": null,
    "embedding_grads_all_reduce_time_ms": null,
    "optimizer_time_ms": 29.265644930257046,
    "layer_compute_total_ms": [
      0.19580020844239626,
      1.5288491847593753,
      1.364231886062363,
      1.340795123743442,
      1.9298523046949645,
      1.292510027059512,
      1.2895818900052316,
      1.2922300458272302,
      5.672116453027363,
      3.8976770640181466,
      3.9069864399915155,
      3.952145079581632,
      3.9406541831734008,
      3.9588762950410734,
      13.74871172889071,
      7.424798967111348,
      2.303977226331502,
      0.19357202446882038
    ]
  },
  "execution_memory": {
    "total_memory_mb": 19798.0,
    "layer_memory_total_mb": [
      102.2324333190918,
      238.5986785888672,
      186.9775733947754,
      186.9775733947754,
      345.3223114013672,
      257.7051124572754,
      257.7051124572754,
      257.7051124572754,
      960.6445770263672,
      785.4101905822754,
      785.4101905822754,
      785.4101905822754,
      785.4101905822754,
      785.4101905822754,
      3631.289108276367,
      3018.3203468322754,
      3018.3203468322754,
      20.62653350830078
    ]
  }
}