{
  "model": {
    "model_name": "moe_1.3B",
    "num_layers": 17,
    "parameters": {
      "total_parameters_bytes": 4835188264,
      "parameters_per_layer_bytes": [
        302198784,
        302198784,
        302198784,
        302198784,
        302198784,
        302198784,
        302198784,
        302198784,
        302198784,
        302198784,
        302198784,
        302198784,
        302198784,
        302198784,
        302198784,
        302198784,
        7720
      ],
      "activation_parameters_bytes": [
        2323644428,
        2323644428,
        2323644428,
        2323644428,
        2323644428,
        2323644428,
        2323644428,
        2323644428,
        2323644428,
        2323644428,
        2323644428,
        2323644428,
        2323644428,
        2323644428,
        2323644428,
        2323644428,
        5242880
      ]
    }
  },
  "execution_time": {
    "total_time_ms": 1356.570053100586,
    "forward_backward_time_ms": 1266.1571025848389,
    "batch_generator_time_ms": 33.14208984375,
    "layernorm_grads_all_reduce_time_ms": null,
    "embedding_grads_all_reduce_time_ms": null,
    "optimizer_time_ms": 57.27086067199707,
    "layer_compute_total_ms": [
      37.68301010131836,
      83.05630683898926,
      82.6988697052002,
      83.00433158874512,
      82.37571716308594,
      81.56890869140625,
      65.85783958435059,
      82.36970901489258,
      82.17835426330566,
      82.95812606811523,
      83.29906463623047,
      81.17918968200684,
      92.92783737182617,
      81.4671516418457,
      81.66699409484863,
      81.17437362670898,
      0.6913185119628906
    ]
  },
  "execution_memory": {
    "total_memory_mb": 102714.0,
    "layer_memory_total_mb": [
      4007.779702758789,
      6030.429702758789,
      6030.429702758789,
      6030.429702758789,
      6030.429702758789,
      6030.429702758789,
      6030.429702758789,
      6030.429702758789,
      6030.429702758789,
      6030.429702758789,
      6030.429702758789,
      6030.429702758789,
      6030.429702758789,
      6030.429702758789,
      6030.429702758789,
      6030.429702758789,
      96.02945709228516
    ]
  }
}