{
  "model": {
    "model_name": "moe_380M",
    "num_layers": 9,
    "parameters": {
      "total_parameters_bytes": 1208852008,
      "parameters_per_layer_bytes": [
        151105536,
        151105536,
        151105536,
        151105536,
        151105536,
        151105536,
        151105536,
        151105536,
        7720
      ],
      "activation_parameters_bytes": [
        2323644428,
        2323644428,
        2323644428,
        2323644428,
        2323644428,
        2323644428,
        2323644428,
        2323644428,
        5242880
      ]
    }
  },
  "execution_time": {
    "total_time_ms": 656.468915939331,
    "forward_backward_time_ms": 591.3331985473633,
    "batch_generator_time_ms": 32.764291763305664,
    "layernorm_grads_all_reduce_time_ms": null,
    "embedding_grads_all_reduce_time_ms": null,
    "optimizer_time_ms": 32.37142562866211,
    "layer_compute_total_ms": [
      37.03031539916992,
      81.6734790802002,
      81.7481517791748,
      81.66203498840332,
      81.66265487670898,
      81.66394233703613,
      80.70907592773438,
      64.52126502990723,
      0.6622791290283203
    ]
  },
  "execution_memory": {
    "total_memory_mb": 46764.0,
    "layer_memory_total_mb": [
      3429.742202758789,
      5431.492202758789,
      5431.492202758789,
      5431.492202758789,
      5431.492202758789,
      5431.492202758789,
      5431.492202758789,
      5431.492202758789,
      96.02945709228516
    ]
  }
}