{
  "model": {
    "model_name": "moe_380M",
    "num_layers": 9,
    "parameters": {
      "total_parameters_bytes": 1208852008,
      "parameters_per_layer_bytes": [
        151105536,
        151105536,
        151105536,
        151105536,
        151105536,
        151105536,
        151105536,
        151105536,
        7720
      ],
      "activation_parameters_bytes": [
        145227788,
        145227788,
        145227788,
        145227788,
        145227788,
        145227788,
        145227788,
        145227788,
        327680
      ]
    }
  },
  "execution_time": {
    "total_time_ms": 131.64000511169434,
    "forward_backward_time_ms": 89.33420181274414,
    "batch_generator_time_ms": 3.8299083709716797,
    "layernorm_grads_all_reduce_time_ms": null,
    "embedding_grads_all_reduce_time_ms": null,
    "optimizer_time_ms": 36.66181564331055,
    "layer_compute_total_ms": [
      5.747079849243164,
      9.163331985473633,
      9.374189376831055,
      9.192991256713867,
      9.321165084838867,
      9.488058090209961,
      9.926033020019531,
      10.401058197021484,
      0.4729747772216797
    ]
  },
  "execution_memory": {
    "total_memory_mb": 8360.0,
    "layer_memory_total_mb": [
      754.4731597900391,
      879.8637847900391,
      879.8637847900391,
      879.8637847900391,
      879.8637847900391,
      879.8637847900391,
      879.8637847900391,
      879.8637847900391,
      6.029457092285156
    ]
  }
}