{
  "model": {
    "model_name": "moe_380M",
    "num_layers": 9,
    "parameters": {
      "total_parameters_bytes": 1208852008,
      "parameters_per_layer_bytes": [
        151105536,
        151105536,
        151105536,
        151105536,
        151105536,
        151105536,
        151105536,
        151105536,
        7720
      ],
      "activation_parameters_bytes": [
        290455564,
        290455564,
        290455564,
        290455564,
        290455564,
        290455564,
        290455564,
        290455564,
        655360
      ]
    }
  },
  "execution_time": {
    "total_time_ms": 150.56376457214355,
    "forward_backward_time_ms": 110.65740585327148,
    "batch_generator_time_ms": 2.365446090698242,
    "layernorm_grads_all_reduce_time_ms": null,
    "embedding_grads_all_reduce_time_ms": null,
    "optimizer_time_ms": 36.318397521972656,
    "layer_compute_total_ms": [
      6.660890579223633,
      12.774801254272461,
      12.77761459350586,
      12.766695022583008,
      12.786054611206055,
      13.04168701171875,
      12.916231155395508,
      12.929296493530273,
      0.42052268981933594
    ]
  },
  "execution_memory": {
    "total_memory_mb": 9964.0,
    "layer_memory_total_mb": [
      935.8119293212891,
      1183.305679321289,
      1183.305679321289,
      1183.305679321289,
      1183.305679321289,
      1183.305679321289,
      1183.305679321289,
      1183.305679321289,
      12.029457092285156
    ]
  }
}