{
  "model": {
    "model_name": "moe_2.4B",
    "num_layers": 17,
    "parameters": {
      "total_parameters_bytes": 8594401320,
      "parameters_per_layer_bytes": [
        537149440,
        537149440,
        537149440,
        537149440,
        537149440,
        537149440,
        537149440,
        537149440,
        537149440,
        537149440,
        537149440,
        537149440,
        537149440,
        537149440,
        537149440,
        537149440,
        10280
      ],
      "activation_parameters_bytes": [
        2608857100,
        2608857100,
        2608857100,
        2608857100,
        2608857100,
        2608857100,
        2608857100,
        2608857100,
        2608857100,
        2608857100,
        2608857100,
        2608857100,
        2608857100,
        2608857100,
        2608857100,
        2608857100,
        5242880
      ]
    }
  },
  "execution_time": {
    "total_time_ms": 1632.1260929107666,
    "forward_backward_time_ms": 1490.7576084136963,
    "batch_generator_time_ms": 57.25717544555664,
    "layernorm_grads_all_reduce_time_ms": null,
    "embedding_grads_all_reduce_time_ms": null,
    "optimizer_time_ms": 84.11130905151367,
    "layer_compute_total_ms": [
      42.455196380615234,
      97.39141464233398,
      97.40891456604004,
      97.21493721008301,
      96.29178047180176,
      76.43451690673828,
      96.91762924194336,
      97.48425483703613,
      97.33667373657227,
      95.98722457885742,
      108.12883377075195,
      96.66366577148438,
      96.6733455657959,
      96.62346839904785,
      95.43070793151855,
      101.54643058776855,
      0.7686138153076172
    ]
  },
  "execution_memory": {
    "total_memory_mb": 130108.8,
    "layer_memory_total_mb": [
      5318.245327758789,
      7326.695327758789,
      7326.695327758789,
      7326.695327758789,
      7326.695327758789,
      7326.695327758789,
      7326.695327758789,
      7326.695327758789,
      7326.695327758789,
      7326.695327758789,
      7326.695327758789,
      7326.695327758789,
      7326.695327758789,
      7326.695327758789,
      7326.695327758789,
      7326.695327758789,
      128.03922271728516
    ]
  }
}