{
  "model": {
    "model_name": "moe_10B",
    "num_layers": 17,
    "parameters": {
      "total_parameters_bytes": 38667697192,
      "parameters_per_layer_bytes": [
        2416730112,
        2416730112,
        2416730112,
        2416730112,
        2416730112,
        2416730112,
        2416730112,
        2416730112,
        2416730112,
        2416730112,
        2416730112,
        2416730112,
        2416730112,
        2416730112,
        2416730112,
        2416730112,
        15400
      ],
      "activation_parameters_bytes": [
        58195980,
        58195980,
        58195980,
        58195980,
        58195980,
        58195980,
        58195980,
        58195980,
        58195980,
        58195980,
        58195980,
        58195980,
        58195980,
        58195980,
        58195980,
        58195980,
        81920
      ]
    }
  },
  "execution_time": {
    "total_time_ms": 536.9829177856445,
    "forward_backward_time_ms": 235.3111743927002,
    "batch_generator_time_ms": 1.6689777374267578,
    "layernorm_grads_all_reduce_time_ms": null,
    "embedding_grads_all_reduce_time_ms": null,
    "optimizer_time_ms": 300.0027656555176,
    "layer_compute_total_ms": [
      7.904195785522461,
      16.06454849243164,
      16.030120849609375,
      16.10541343688965,
      13.184976577758789,
      14.930438995361328,
      15.05279541015625,
      15.245962142944336,
      15.93165397644043,
      14.904975891113281,
      14.927816390991211,
      14.769887924194336,
      14.977359771728516,
      14.902067184448242,
      14.857912063598633,
      14.953756332397461,
      0.5672931671142578
    ]
  },
  "execution_memory": {
    "total_memory_mb": 186516.0,
    "layer_memory_total_mb": [
      9293.5501373291,
      9324.582168579102,
      9324.582168579102,
      9324.582168579102,
      9324.582168579102,
      9324.582168579102,
      9324.582168579102,
      9324.582168579102,
      9324.582168579102,
      9324.582168579102,
      9324.582168579102,
      9324.582168579102,
      9324.582168579102,
      9324.582168579102,
      9324.582168579102,
      9324.582168579102,
      3.0587539672851562
    ]
  }
}