{
  "model": {
    "model_name": "moe_2.4B",
    "num_layers": 17,
    "parameters": {
      "total_parameters_bytes": 8594401320,
      "parameters_per_layer_bytes": [
        537149440,
        537149440,
        537149440,
        537149440,
        537149440,
        537149440,
        537149440,
        537149440,
        537149440,
        537149440,
        537149440,
        537149440,
        537149440,
        537149440,
        537149440,
        537149440,
        10280
      ],
      "activation_parameters_bytes": [
        1304428556,
        1304428556,
        1304428556,
        1304428556,
        1304428556,
        1304428556,
        1304428556,
        1304428556,
        1304428556,
        1304428556,
        1304428556,
        1304428556,
        1304428556,
        1304428556,
        1304428556,
        1304428556,
        2621440
      ]
    }
  },
  "execution_time": {
    "total_time_ms": 904.4215202331543,
    "forward_backward_time_ms": 748.7581253051758,
    "batch_generator_time_ms": 24.861860275268555,
    "layernorm_grads_all_reduce_time_ms": null,
    "embedding_grads_all_reduce_time_ms": null,
    "optimizer_time_ms": 130.80153465270996,
    "layer_compute_total_ms": [
      22.015905380249023,
      49.637746810913086,
      49.30305480957031,
      49.275827407836914,
      49.29008483886719,
      49.25427436828613,
      48.87666702270508,
      48.946189880371094,
      39.33138847351074,
      48.854637145996094,
      48.95377159118652,
      49.069881439208984,
      49.23114776611328,
      48.885345458984375,
      48.702049255371094,
      48.55008125305176,
      0.5800724029541016
    ]
  },
  "execution_memory": {
    "total_memory_mb": 78904.0,
    "layer_memory_total_mb": [
      3693.853921508789,
      4687.878921508789,
      4687.878921508789,
      4687.878921508789,
      4687.878921508789,
      4687.878921508789,
      4687.878921508789,
      4687.878921508789,
      4687.878921508789,
      4687.878921508789,
      4687.878921508789,
      4687.878921508789,
      4687.878921508789,
      4687.878921508789,
      4687.878921508789,
      4687.878921508789,
      64.03922271728516
    ]
  }
}