{
  "model": {
    "model_name": "moe_1.3B",
    "num_layers": 17,
    "parameters": {
      "total_parameters_bytes": 4835188264,
      "parameters_per_layer_bytes": [
        302198784,
        302198784,
        302198784,
        302198784,
        302198784,
        302198784,
        302198784,
        302198784,
        302198784,
        302198784,
        302198784,
        302198784,
        302198784,
        302198784,
        302198784,
        302198784,
        7720
      ],
      "activation_parameters_bytes": [
        36306956,
        36306956,
        36306956,
        36306956,
        36306956,
        36306956,
        36306956,
        36306956,
        36306956,
        36306956,
        36306956,
        36306956,
        36306956,
        36306956,
        36306956,
        36306956,
        81920
      ]
    }
  },
  "execution_time": {
    "total_time_ms": 300.9519100189209,
    "forward_backward_time_ms": 153.76219749450684,
    "batch_generator_time_ms": 0.8798599243164062,
    "layernorm_grads_all_reduce_time_ms": null,
    "embedding_grads_all_reduce_time_ms": null,
    "optimizer_time_ms": 144.31657791137695,
    "layer_compute_total_ms": [
      4.836034774780273,
      8.57396125793457,
      8.14361572265625,
      8.214950561523438,
      8.330106735229492,
      8.466196060180664,
      8.134603500366211,
      8.187389373779297,
      8.321571350097656,
      8.148431777954102,
      8.147001266479492,
      8.347082138061523,
      8.224964141845703,
      8.188199996948242,
      9.034061431884766,
      10.76059341430664,
      0.444793701171875
    ]
  },
  "execution_memory": {
    "total_memory_mb": 24332.0,
    "layer_memory_total_mb": [
      1198.1052154541017,
      1229.0099029541016,
      1229.0099029541016,
      1229.0099029541016,
      1229.0099029541016,
      1229.0099029541016,
      1229.0099029541016,
      1229.0099029541016,
      1229.0099029541016,
      1229.0099029541016,
      1229.0099029541016,
      1229.0099029541016,
      1229.0099029541016,
      1229.0099029541016,
      1229.0099029541016,
      1229.0099029541016,
      1.5294570922851562
    ]
  }
}