{
  "model": {
    "model_name": "moe_380M",
    "num_layers": 9,
    "parameters": {
      "total_parameters_bytes": 1208852008,
      "parameters_per_layer_bytes": [
        151105536,
        151105536,
        151105536,
        151105536,
        151105536,
        151105536,
        151105536,
        151105536,
        7720
      ],
      "activation_parameters_bytes": [
        1161822220,
        1161822220,
        1161822220,
        1161822220,
        1161822220,
        1161822220,
        1161822220,
        1161822220,
        2621440
      ]
    }
  },
  "execution_time": {
    "total_time_ms": 394.4312572479248,
    "forward_backward_time_ms": 334.0601921081543,
    "batch_generator_time_ms": 22.88975715637207,
    "layernorm_grads_all_reduce_time_ms": null,
    "embedding_grads_all_reduce_time_ms": null,
    "optimizer_time_ms": 36.39631271362305,
    "layer_compute_total_ms": [
      19.376230239868164,
      41.44926071166992,
      41.48082733154297,
      41.52565002441406,
      41.76468849182129,
      41.573429107666016,
      41.06392860412598,
      40.86112976074219,
      0.7130146026611328
    ]
  },
  "execution_memory": {
    "total_memory_mb": 24626.0,
    "layer_memory_total_mb": [
      2005.382046508789,
      3003.957046508789,
      3003.957046508789,
      3003.957046508789,
      3003.957046508789,
      3003.957046508789,
      3003.957046508789,
      3003.957046508789,
      48.029457092285156
    ]
  }
}