{
  "model": {
    "model_name": "moe_1.3B",
    "num_layers": 17,
    "parameters": {
      "total_parameters_bytes": 4835188264,
      "parameters_per_layer_bytes": [
        302198784,
        302198784,
        302198784,
        302198784,
        302198784,
        302198784,
        302198784,
        302198784,
        302198784,
        302198784,
        302198784,
        302198784,
        302198784,
        302198784,
        302198784,
        302198784,
        7720
      ],
      "activation_parameters_bytes": [
        18153484,
        18153484,
        18153484,
        18153484,
        18153484,
        18153484,
        18153484,
        18153484,
        18153484,
        18153484,
        18153484,
        18153484,
        18153484,
        18153484,
        18153484,
        18153484,
        40960
      ]
    }
  },
  "execution_time": {
    "total_time_ms": 294.48843002319336,
    "forward_backward_time_ms": 147.4191665649414,
    "batch_generator_time_ms": 0.5019664764404297,
    "layernorm_grads_all_reduce_time_ms": null,
    "embedding_grads_all_reduce_time_ms": null,
    "optimizer_time_ms": 144.67453956604004,
    "layer_compute_total_ms": [
      4.468011856079102,
      8.305788040161133,
      7.883787155151367,
      7.933473587036133,
      7.892417907714844,
      8.207130432128906,
      7.879638671875,
      7.937431335449219,
      8.102846145629883,
      8.724260330200195,
      7.978677749633789,
      7.958889007568359,
      7.950878143310547,
      7.957935333251953,
      7.977581024169922,
      9.831523895263672,
      0.38471221923828125
    ]
  },
  "execution_memory": {
    "total_memory_mb": 23744.0,
    "layer_memory_total_mb": [
      1175.2053497314453,
      1190.9033966064453,
      1190.9033966064453,
      1190.9033966064453,
      1190.9033966064453,
      1190.9033966064453,
      1190.9033966064453,
      1190.9033966064453,
      1190.9033966064453,
      1190.9033966064453,
      1190.9033966064453,
      1190.9033966064453,
      1190.9033966064453,
      1190.9033966064453,
      1190.9033966064453,
      1190.9033966064453,
      0.7794570922851562
    ]
  }
}