{
  "model": {
    "model_name": "moe_1.3B",
    "num_layers": 17,
    "parameters": {
      "total_parameters_bytes": 4835188264,
      "parameters_per_layer_bytes": [
        302198784,
        302198784,
        302198784,
        302198784,
        302198784,
        302198784,
        302198784,
        302198784,
        302198784,
        302198784,
        302198784,
        302198784,
        302198784,
        302198784,
        302198784,
        302198784,
        7720
      ],
      "activation_parameters_bytes": [
        290455564,
        290455564,
        290455564,
        290455564,
        290455564,
        290455564,
        290455564,
        290455564,
        290455564,
        290455564,
        290455564,
        290455564,
        290455564,
        290455564,
        290455564,
        290455564,
        655360
      ]
    }
  },
  "execution_time": {
    "total_time_ms": 385.3001117706299,
    "forward_backward_time_ms": 232.12542533874512,
    "batch_generator_time_ms": 5.279397964477539,
    "layernorm_grads_all_reduce_time_ms": null,
    "embedding_grads_all_reduce_time_ms": null,
    "optimizer_time_ms": 144.53401565551758,
    "layer_compute_total_ms": [
      6.857061386108398,
      13.808679580688477,
      13.138341903686523,
      13.090181350708008,
      13.052988052368164,
      13.461780548095703,
      13.064813613891602,
      13.076639175415039,
      13.069438934326172,
      13.114690780639648,
      13.083457946777344,
      13.221406936645508,
      13.070487976074219,
      13.13467025756836,
      13.085460662841797,
      13.751077651977539,
      0.6092548370361328
    ]
  },
  "execution_memory": {
    "total_memory_mb": 33028.0,
    "layer_memory_total_mb": [
      1514.138491821289,
      1762.500991821289,
      1762.500991821289,
      1762.500991821289,
      1762.500991821289,
      1762.500991821289,
      1762.500991821289,
      1762.500991821289,
      1762.500991821289,
      1762.500991821289,
      1762.500991821289,
      1762.500991821289,
      1762.500991821289,
      1762.500991821289,
      1762.500991821289,
      1762.500991821289,
      12.029457092285156
    ]
  }
}