{
  "model": {
    "model_name": "moe_380M",
    "num_layers": 9,
    "parameters": {
      "total_parameters_bytes": 1208852008,
      "parameters_per_layer_bytes": [
        151105536,
        151105536,
        151105536,
        151105536,
        151105536,
        151105536,
        151105536,
        151105536,
        7720
      ],
      "activation_parameters_bytes": [
        18153484,
        18153484,
        18153484,
        18153484,
        18153484,
        18153484,
        18153484,
        18153484,
        40960
      ]
    }
  },
  "execution_time": {
    "total_time_ms": 107.25865364074707,
    "forward_backward_time_ms": 69.66824531555176,
    "batch_generator_time_ms": 0.30226707458496094,
    "layernorm_grads_all_reduce_time_ms": null,
    "embedding_grads_all_reduce_time_ms": null,
    "optimizer_time_ms": 36.249589920043945,
    "layer_compute_total_ms": [
      4.371404647827148,
      7.62181282043457,
      7.856655120849609,
      7.961893081665039,
      7.753992080688477,
      7.758617401123047,
      7.578897476196289,
      7.592248916625977,
      0.35452842712402344
    ]
  },
  "execution_memory": {
    "total_memory_mb": 6130.0,
    "layer_memory_total_mb": [
      598.7181427001954,
      614.3521270751953,
      614.3521270751953,
      614.3521270751953,
      614.3521270751953,
      614.3521270751953,
      614.3521270751953,
      614.3521270751953,
      0.7794570922851562
    ]
  }
}