{
  "model": {
    "model_name": "moe_10B",
    "num_layers": 17,
    "parameters": {
      "total_parameters_bytes": 38667697192,
      "parameters_per_layer_bytes": [
        2416730112,
        2416730112,
        2416730112,
        2416730112,
        2416730112,
        2416730112,
        2416730112,
        2416730112,
        2416730112,
        2416730112,
        2416730112,
        2416730112,
        2416730112,
        2416730112,
        2416730112,
        2416730112,
        15400
      ],
      "activation_parameters_bytes": [
        465567756,
        465567756,
        465567756,
        465567756,
        465567756,
        465567756,
        465567756,
        465567756,
        465567756,
        465567756,
        465567756,
        465567756,
        465567756,
        465567756,
        465567756,
        465567756,
        655360
      ]
    }
  },
  "execution_time": {
    "total_time_ms": 715.7068729400635,
    "forward_backward_time_ms": 474.80382919311523,
    "batch_generator_time_ms": 11.302852630615234,
    "layernorm_grads_all_reduce_time_ms": null,
    "embedding_grads_all_reduce_time_ms": null,
    "optimizer_time_ms": 229.600191116333,
    "layer_compute_total_ms": [
      13.538932800292969,
      31.176424026489258,
      31.51850700378418,
      23.672199249267578,
      30.488157272338867,
      30.452632904052734,
      35.17470359802246,
      30.297470092773438,
      30.34186363220215,
      31.644439697265625,
      30.42454719543457,
      31.081819534301758,
      31.76746368408203,
      30.48248291015625,
      30.39679527282715,
      31.8051815032959,
      0.5402088165283203
    ]
  },
  "execution_memory": {
    "total_memory_mb": 200908.0,
    "layer_memory_total_mb": [
      9813.907241821289,
      10063.000991821289,
      10063.000991821289,
      10063.000991821289,
      10063.000991821289,
      10063.000991821289,
      10063.000991821289,
      10063.000991821289,
      10063.000991821289,
      10063.000991821289,
      10063.000991821289,
      10063.000991821289,
      10063.000991821289,
      10063.000991821289,
      10063.000991821289,
      10063.000991821289,
      24.058753967285156
    ]
  }
}