{
  "model": {
    "model_name": "moe_1.3B",
    "num_layers": 17,
    "parameters": {
      "total_parameters_bytes": 4835188264,
      "parameters_per_layer_bytes": [
        302198784,
        302198784,
        302198784,
        302198784,
        302198784,
        302198784,
        302198784,
        302198784,
        302198784,
        302198784,
        302198784,
        302198784,
        302198784,
        302198784,
        302198784,
        302198784,
        7720
      ],
      "activation_parameters_bytes": [
        580911116,
        580911116,
        580911116,
        580911116,
        580911116,
        580911116,
        580911116,
        580911116,
        580911116,
        580911116,
        580911116,
        580911116,
        580911116,
        580911116,
        580911116,
        580911116,
        1310720
      ]
    }
  },
  "execution_time": {
    "total_time_ms": 537.2047424316406,
    "forward_backward_time_ms": 380.25970458984375,
    "batch_generator_time_ms": 10.39128303527832,
    "layernorm_grads_all_reduce_time_ms": null,
    "embedding_grads_all_reduce_time_ms": null,
    "optimizer_time_ms": 144.50922012329102,
    "layer_compute_total_ms": [
      11.21211051940918,
      23.25115203857422,
      22.844648361206055,
      22.78742790222168,
      22.867393493652344,
      23.15654754638672,
      22.820711135864258,
      22.816944122314453,
      22.857332229614258,
      22.841930389404297,
      22.787046432495117,
      22.98712730407715,
      22.691917419433594,
      22.623109817504883,
      22.605609893798828,
      22.783517837524414,
      0.5756378173828125
    ]
  },
  "execution_memory": {
    "total_memory_mb": 38856.0,
    "layer_memory_total_mb": [
      1878.192593383789,
      2372.205093383789,
      2372.205093383789,
      2372.205093383789,
      2372.205093383789,
      2372.205093383789,
      2372.205093383789,
      2372.205093383789,
      2372.205093383789,
      2372.205093383789,
      2372.205093383789,
      2372.205093383789,
      2372.205093383789,
      2372.205093383789,
      2372.205093383789,
      2372.205093383789,
      24.029457092285156
    ]
  }
}