{
  "model": {
    "model_name": "moe_380M",
    "num_layers": 9,
    "parameters": {
      "total_parameters_bytes": 1208852008,
      "parameters_per_layer_bytes": [
        151105536,
        151105536,
        151105536,
        151105536,
        151105536,
        151105536,
        151105536,
        151105536,
        7720
      ],
      "activation_parameters_bytes": [
        72613900,
        72613900,
        72613900,
        72613900,
        72613900,
        72613900,
        72613900,
        72613900,
        163840
      ]
    }
  },
  "execution_time": {
    "total_time_ms": 116.26214981079102,
    "forward_backward_time_ms": 78.02705764770508,
    "batch_generator_time_ms": 0.7954120635986328,
    "layernorm_grads_all_reduce_time_ms": null,
    "embedding_grads_all_reduce_time_ms": null,
    "optimizer_time_ms": 36.301517486572266,
    "layer_compute_total_ms": [
      4.974174499511719,
      8.178901672363281,
      8.342695236206055,
      8.178424835205078,
      8.234548568725586,
      8.38632583618164,
      9.08365249633789,
      9.833669662475586,
      0.3959178924560547
    ]
  },
  "execution_memory": {
    "total_memory_mb": 7074.0,
    "layer_memory_total_mb": [
      666.511587524414,
      728.1428375244141,
      728.1428375244141,
      728.1428375244141,
      728.1428375244141,
      728.1428375244141,
      728.1428375244141,
      728.1428375244141,
      3.0294570922851562
    ]
  }
}