{
  "model": {
    "model_name": "moe_2.4B",
    "num_layers": 17,
    "parameters": {
      "total_parameters_bytes": 8594401320,
      "parameters_per_layer_bytes": [
        537149440,
        537149440,
        537149440,
        537149440,
        537149440,
        537149440,
        537149440,
        537149440,
        537149440,
        537149440,
        537149440,
        537149440,
        537149440,
        537149440,
        537149440,
        537149440,
        10280
      ],
      "activation_parameters_bytes": [
        326107148,
        326107148,
        326107148,
        326107148,
        326107148,
        326107148,
        326107148,
        326107148,
        326107148,
        326107148,
        326107148,
        326107148,
        326107148,
        326107148,
        326107148,
        326107148,
        655360
      ]
    }
  },
  "execution_time": {
    "total_time_ms": 470.5148220062256,
    "forward_backward_time_ms": 237.19325065612793,
    "batch_generator_time_ms": 8.635234832763672,
    "layernorm_grads_all_reduce_time_ms": null,
    "embedding_grads_all_reduce_time_ms": null,
    "optimizer_time_ms": 224.68633651733398,
    "layer_compute_total_ms": [
      7.569789886474609,
      16.30854606628418,
      15.3045654296875,
      15.299034118652344,
      15.28010368347168,
      15.611791610717773,
      15.249061584472656,
      15.754079818725586,
      15.413379669189453,
      15.31524658203125,
      15.988492965698242,
      15.33050537109375,
      15.282201766967773,
      15.252017974853516,
      13.076305389404297,
      14.68205451965332,
      0.47607421875
    ]
  },
  "execution_memory": {
    "total_memory_mb": 52324.0,
    "layer_memory_total_mb": [
      2460.485366821289,
      2708.766616821289,
      2708.766616821289,
      2708.766616821289,
      2708.766616821289,
      2708.766616821289,
      2708.766616821289,
      2708.766616821289,
      2708.766616821289,
      2708.766616821289,
      2708.766616821289,
      2708.766616821289,
      2708.766616821289,
      2708.766616821289,
      2708.766616821289,
      2708.766616821289,
      16.039222717285156
    ]
  }
}