{
  "model": {
    "model_name": "moe_380M",
    "num_layers": 9,
    "parameters": {
      "total_parameters_bytes": 1208852008,
      "parameters_per_layer_bytes": [
        151105536,
        151105536,
        151105536,
        151105536,
        151105536,
        151105536,
        151105536,
        151105536,
        7720
      ],
      "activation_parameters_bytes": [
        580911116,
        580911116,
        580911116,
        580911116,
        580911116,
        580911116,
        580911116,
        580911116,
        1310720
      ]
    }
  },
  "execution_time": {
    "total_time_ms": 231.60676956176758,
    "forward_backward_time_ms": 183.97889137268066,
    "batch_generator_time_ms": 9.679746627807617,
    "layernorm_grads_all_reduce_time_ms": null,
    "embedding_grads_all_reduce_time_ms": null,
    "optimizer_time_ms": 36.51900291442871,
    "layer_compute_total_ms": [
      12.06674575805664,
      21.718978881835938,
      21.714401245117188,
      21.67949676513672,
      21.66309356689453,
      21.753597259521484,
      21.565532684326172,
      21.651792526245117,
      0.5351066589355469
    ]
  },
  "execution_memory": {
    "total_memory_mb": 14478.0,
    "layer_memory_total_mb": [
      1290.751968383789,
      1790.189468383789,
      1790.189468383789,
      1790.189468383789,
      1790.189468383789,
      1790.189468383789,
      1790.189468383789,
      1790.189468383789,
      24.029457092285156
    ]
  }
}