{
  "model": {
    "model_name": "moe_1.3B",
    "num_layers": 17,
    "parameters": {
      "total_parameters_bytes": 4835188264,
      "parameters_per_layer_bytes": [
        302198784,
        302198784,
        302198784,
        302198784,
        302198784,
        302198784,
        302198784,
        302198784,
        302198784,
        302198784,
        302198784,
        302198784,
        302198784,
        302198784,
        302198784,
        302198784,
        7720
      ],
      "activation_parameters_bytes": [
        72613900,
        72613900,
        72613900,
        72613900,
        72613900,
        72613900,
        72613900,
        72613900,
        72613900,
        72613900,
        72613900,
        72613900,
        72613900,
        72613900,
        72613900,
        72613900,
        163840
      ]
    }
  },
  "execution_time": {
    "total_time_ms": 323.28014373779297,
    "forward_backward_time_ms": 174.21512603759766,
    "batch_generator_time_ms": 1.4515399932861328,
    "layernorm_grads_all_reduce_time_ms": null,
    "embedding_grads_all_reduce_time_ms": null,
    "optimizer_time_ms": 144.4161891937256,
    "layer_compute_total_ms": [
      5.378007888793945,
      9.878015518188477,
      9.140872955322266,
      9.153604507446289,
      9.272050857543945,
      9.587430953979492,
      9.195661544799805,
      9.217119216918945,
      9.39183235168457,
      9.267616271972656,
      9.383773803710938,
      9.400033950805664,
      9.316825866699219,
      9.315252304077148,
      9.42697525024414,
      11.560773849487305,
      0.48050880432128906
    ]
  },
  "execution_memory": {
    "total_memory_mb": 25626.0,
    "layer_memory_total_mb": [
      1243.072915649414,
      1305.222915649414,
      1305.222915649414,
      1305.222915649414,
      1305.222915649414,
      1305.222915649414,
      1305.222915649414,
      1305.222915649414,
      1305.222915649414,
      1305.222915649414,
      1305.222915649414,
      1305.222915649414,
      1305.222915649414,
      1305.222915649414,
      1305.222915649414,
      1305.222915649414,
      3.0294570922851562
    ]
  }
}