{
  "model": {
    "model_name": "wideresnet_6.8B",
    "num_layers": 18,
    "parameters": {
      "total_parameters_bytes": 26872866960,
      "parameters_per_layer_bytes": [
        190720,
        87308800,
        86888960,
        86888960,
        357299200,
        347448320,
        347448320,
        347448320,
        1428940800,
        1389578240,
        1389578240,
        1389578240,
        1389578240,
        1389578240,
        5715251200,
        5557882880,
        5557882880,
        4096400
      ],
      "activation_parameters_bytes": [
        36700160,
        196608000,
        175636480,
        175636480,
        110100480,
        87818240,
        87818240,
        87818240,
        55050240,
        43909120,
        43909120,
        43909120,
        43909120,
        43909120,
        27525120,
        21954560,
        21954560,
        2647040
      ]
    }
  },
  "execution_time": {
    "total_time_ms": 1346.070647239685,
    "forward_backward_time_ms": 541.2096977233887,
    "batch_generator_time_ms": 6.886935234069824,
    "layernorm_grads_all_reduce_time_ms": null,
    "embedding_grads_all_reduce_time_ms": null,
    "optimizer_time_ms": 797.9740142822266,
    "layer_compute_total_ms": [
      0.36110877990722656,
      9.302902221679688,
      9.059619903564453,
      9.091711044311523,
      16.994047164916992,
      14.736318588256836,
      14.665746688842773,
      14.626407623291016,
      47.06768989562988,
      41.64161682128906,
      41.612958908081055,
      41.32881164550781,
      41.315364837646484,
      41.71547889709473,
      80.49554824829102,
      58.217763900756836,
      58.33449363708496,
      0.6421089172363281
    ]
  },
  "execution_memory": {
    "total_memory_mb": 137532.0,
    "layer_memory_total_mb": [
      3.227550506591797,
      343.0566864013672,
      341.4551124572754,
      341.4551124572754,
      1367.9883270263672,
      1330.4101905822754,
      1330.4101905822754,
      1330.4101905822754,
      5453.476608276367,
      5303.320346832275,
      5303.320346832275,
      5303.320346832275,
      5303.320346832275,
      5303.320346832275,
      21803.203170776367,
      21202.890659332275,
      21202.890659332275,
      15.638740539550781
    ]
  }
}