{
  "model": {
    "model_name": "wideresnet_1B",
    "num_layers": 18,
    "parameters": {
      "total_parameters_bytes": 3984762000,
      "parameters_per_layer_bytes": [
        190720,
        12725760,
        12305920,
        12305920,
        59038720,
        49187840,
        49187840,
        49187840,
        236042240,
        196679680,
        196679680,
        196679680,
        196679680,
        196679680,
        943943680,
        786575360,
        786575360,
        4096400
      ],
      "activation_parameters_bytes": [
        2293760,
        5406720,
        4096000,
        4096000,
        3440640,
        2048000,
        2048000,
        2048000,
        1720320,
        1024000,
        1024000,
        1024000,
        1024000,
        1024000,
        860160,
        512000,
        512000,
        165440
      ]
    }
  },
  "execution_time": {
    "total_time_ms": 193.3992862701416,
    "forward_backward_time_ms": 73.33817481994629,
    "batch_generator_time_ms": 0.85601806640625,
    "layernorm_grads_all_reduce_time_ms": null,
    "embedding_grads_all_reduce_time_ms": null,
    "optimizer_time_ms": 119.20509338378906,
    "layer_compute_total_ms": [
      0.4212379455566406,
      1.5044212341308594,
      1.264333724975586,
      1.2016773223876953,
      1.4998435974121094,
      1.3657569885253906,
      1.374673843383789,
      1.386260986328125,
      2.743101119995117,
      2.6289939880371094,
      2.6162147521972656,
      2.614116668701172,
      2.6130199432373047,
      2.620220184326172,
      10.010480880737305,
      27.57854461669922,
      9.348440170288086,
      0.5468368530273438
    ]
  },
  "execution_memory": {
    "total_memory_mb": 19846.0,
    "layer_memory_total_mb": [
      2.318370819091797,
      51.56742858886719,
      49.16507339477539,
      49.16507339477539,
      227.1973114013672,
      188.7988624572754,
      188.7988624572754,
      188.7988624572754,
      901.5820770263672,
      750.9570655822754,
      750.9570655822754,
      750.9570655822754,
      750.9570655822754,
      750.9570655822754,
      3601.757858276367,
      3001.0937843322754,
      3001.0937843322754,
      15.704658508300781
    ]
  }
}