{
  "model": {
    "model_name": "wideresnet_6.8B",
    "num_layers": 18,
    "parameters": {
      "total_parameters_bytes": 26872866960,
      "parameters_per_layer_bytes": [
        190720,
        87308800,
        86888960,
        86888960,
        357299200,
        347448320,
        347448320,
        347448320,
        1428940800,
        1389578240,
        1389578240,
        1389578240,
        1389578240,
        1389578240,
        5715251200,
        5557882880,
        5557882880,
        4096400
      ],
      "activation_parameters_bytes": [
        587202560,
        3145728000,
        2810183680,
        2810183680,
        1761607680,
        1405091840,
        1405091840,
        1405091840,
        880803840,
        702545920,
        702545920,
        702545920,
        702545920,
        702545920,
        440401920,
        351272960,
        351272960,
        42352640
      ]
    }
  },
  "execution_time": {
    "total_time_ms": 3017.243528366089,
    "forward_backward_time_ms": 2137.4916553497314,
    "batch_generator_time_ms": 80.68556785583496,
    "layernorm_grads_all_reduce_time_ms": null,
    "embedding_grads_all_reduce_time_ms": null,
    "optimizer_time_ms": 799.0663051605225,
    "layer_compute_total_ms": [
      2.4528026580810547,
      100.64444541931152,
      100.16012191772461,
      100.46892166137695,
      107.97414779663086,
      116.95904731750488,
      116.0634994506836,
      116.24617576599121,
      152.92730331420898,
      136.0182285308838,
      137.7103328704834,
      137.57634162902832,
      137.96238899230957,
      136.07888221740723,
      248.84963035583496,
      144.2671775817871,
      144.3181037902832,
      0.8141040802001953
    ]
  },
  "execution_memory": {
    "total_memory_mb": 171550.0,
    "layer_memory_total_mb": [
      40.7275505065918,
      493.0566864013672,
      491.4551124572754,
      491.4551124572754,
      1442.9883270263672,
      1405.4101905822754,
      1405.4101905822754,
      1405.4101905822754,
      5490.976608276367,
      5340.820346832275,
      5340.820346832275,
      5340.820346832275,
      5340.820346832275,
      5340.820346832275,
      21821.953170776367,
      21221.640659332275,
      21221.640659332275,
      15.821846008300781
    ]
  }
}