{
  "model": {
    "model_name": "wideresnet_250M",
    "num_layers": 18,
    "parameters": {
      "total_parameters_bytes": 997565200,
      "parameters_per_layer_bytes": [
        95360,
        3188480,
        3080960,
        3080960,
        14773760,
        12305920,
        12305920,
        12305920,
        59038720,
        49187840,
        49187840,
        49187840,
        49187840,
        49187840,
        236042240,
        196679680,
        196679680,
        2048400
      ],
      "activation_parameters_bytes": [
        293601280,
        692060160,
        524288000,
        524288000,
        440401920,
        262144000,
        262144000,
        262144000,
        220200960,
        131072000,
        131072000,
        131072000,
        131072000,
        131072000,
        110100480,
        65536000,
        65536000,
        21381120
      ]
    }
  },
  "execution_time": {
    "total_time_ms": 252.10375785827637,
    "forward_backward_time_ms": 143.19777488708496,
    "batch_generator_time_ms": 78.29771041870117,
    "layernorm_grads_all_reduce_time_ms": null,
    "embedding_grads_all_reduce_time_ms": null,
    "optimizer_time_ms": 30.608272552490234,
    "layer_compute_total_ms": [
      1.3457298278808594,
      10.274696350097656,
      8.941459655761719,
      8.946657180786133,
      10.013055801391602,
      5.782651901245117,
      5.780458450317383,
      5.792808532714844,
      8.410310745239258,
      8.45184326171875,
      8.417367935180664,
      8.331727981567383,
      8.342504501342773,
      22.607851028442383,
      10.327720642089844,
      5.411100387573242,
      5.434513092041016,
      0.5853176116943359
    ]
  },
  "execution_memory": {
    "total_memory_mb": 7124.0,
    "layer_memory_total_mb": [
      206.3662223815918,
      392.1899871826172,
      291.7700538635254,
      291.7700538635254,
      296.4111785888672,
      186.9775733947754,
      186.9775733947754,
      186.9775733947754,
      345.3223114013672,
      257.7051124572754,
      257.7051124572754,
      257.7051124572754,
      257.7051124572754,
      257.7051124572754,
      960.6445770263672,
      785.4101905822754,
      785.4101905822754,
      17.81403350830078
    ]
  }
}