{
  "model": {
    "model_name": "wideresnet_1B",
    "num_layers": 18,
    "parameters": {
      "total_parameters_bytes": 3984762000,
      "parameters_per_layer_bytes": [
        190720,
        12725760,
        12305920,
        12305920,
        59038720,
        49187840,
        49187840,
        49187840,
        236042240,
        196679680,
        196679680,
        196679680,
        196679680,
        196679680,
        943943680,
        786575360,
        786575360,
        4096400
      ],
      "activation_parameters_bytes": [
        4587520,
        10813440,
        8192000,
        8192000,
        6881280,
        4096000,
        4096000,
        4096000,
        3440640,
        2048000,
        2048000,
        2048000,
        2048000,
        2048000,
        1720320,
        1024000,
        1024000,
        330880
      ]
    }
  },
  "execution_time": {
    "total_time_ms": 198.48628044128418,
    "forward_backward_time_ms": 77.2512435913086,
    "batch_generator_time_ms": 1.488637924194336,
    "layernorm_grads_all_reduce_time_ms": null,
    "embedding_grads_all_reduce_time_ms": null,
    "optimizer_time_ms": 119.74639892578125,
    "layer_compute_total_ms": [
      0.5833625793457031,
      1.7304420471191406,
      1.4249801635742188,
      1.27410888671875,
      1.730489730834961,
      1.332235336303711,
      1.3431072235107422,
      1.3509750366210938,
      3.3125877380371094,
      2.4079322814941406,
      2.397584915161133,
      2.4222850799560547,
      2.401447296142578,
      2.3915767669677734,
      10.284137725830078,
      32.15484619140625,
      8.077621459960938,
      0.6315231323242188
    ]
  },
  "execution_memory": {
    "total_memory_mb": 19670.0,
    "layer_memory_total_mb": [
      3.904308319091797,
      54.53617858886719,
      51.35257339477539,
      51.35257339477539,
      229.0723114013672,
      189.8926124572754,
      189.8926124572754,
      189.8926124572754,
      902.5195770263672,
      751.5039405822754,
      751.5039405822754,
      751.5039405822754,
      751.5039405822754,
      751.5039405822754,
      3602.226608276367,
      3001.3672218322754,
      3001.3672218322754,
      15.782783508300781
    ]
  }
}