{
  "model": {
    "model_name": "wideresnet_13B",
    "num_layers": 35,
    "parameters": {
      "total_parameters_bytes": 50495697040,
      "parameters_per_layer_bytes": [
        190720,
        87308800,
        86888960,
        86888960,
        357299200,
        347448320,
        347448320,
        347448320,
        1428940800,
        1389578240,
        1389578240,
        1389578240,
        1389578240,
        1389578240,
        1389578240,
        1389578240,
        1389578240,
        1389578240,
        1389578240,
        1389578240,
        1389578240,
        1389578240,
        1389578240,
        1389578240,
        1389578240,
        1389578240,
        1389578240,
        1389578240,
        1389578240,
        1389578240,
        1389578240,
        5715251200,
        5557882880,
        5557882880,
        4096400
      ],
      "activation_parameters_bytes": [
        73400320,
        393216000,
        351272960,
        351272960,
        220200960,
        175636480,
        175636480,
        175636480,
        110100480,
        87818240,
        87818240,
        87818240,
        87818240,
        87818240,
        87818240,
        87818240,
        87818240,
        87818240,
        87818240,
        87818240,
        87818240,
        87818240,
        87818240,
        87818240,
        87818240,
        87818240,
        87818240,
        87818240,
        87818240,
        87818240,
        87818240,
        55050240,
        43909120,
        43909120,
        5294080
      ]
    }
  },
  "execution_time": {
    "total_time_ms": 3376.275420188904,
    "forward_backward_time_ms": 1865.3409004211426,
    "batch_generator_time_ms": 10.768342018127441,
    "layernorm_grads_all_reduce_time_ms": null,
    "embedding_grads_all_reduce_time_ms": null,
    "optimizer_time_ms": 1500.1661777496338,
    "layer_compute_total_ms": [
      0.4272937774658203,
      18.66321563720703,
      18.198013305664062,
      18.228578567504883,
      28.802776336669922,
      26.36427879333496,
      26.288175582885742,
      26.258516311645508,
      76.15151405334473,
      64.57657814025879,
      64.50905799865723,
      64.0772819519043,
      64.10508155822754,
      64.78891372680664,
      64.75915908813477,
      64.75710868835449,
      64.73689079284668,
      64.62569236755371,
      64.2690658569336,
      64.08448219299316,
      64.94674682617188,
      64.8374080657959,
      64.89682197570801,
      64.85013961791992,
      64.82934951782227,
      64.22858238220215,
      64.23373222351074,
      65.20142555236816,
      64.71233367919922,
      64.23373222351074,
      64.12138938903809,
      83.53180885314941,
      60.67194938659668,
      60.83979606628418,
      0.5340099334716797
    ]
  },
  "execution_memory": {
    "total_memory_mb": 245798.0,
    "layer_memory_total_mb": [
      5.727550506591797,
      353.0566864013672,
      351.4551124572754,
      351.4551124572754,
      1372.9883270263672,
      1335.4101905822754,
      1335.4101905822754,
      1335.4101905822754,
      5455.976608276367,
      5305.820346832275,
      5305.820346832275,
      5305.820346832275,
      5305.820346832275,
      5305.820346832275,
      5305.820346832275,
      5305.820346832275,
      5305.820346832275,
      5305.820346832275,
      5305.820346832275,
      5305.820346832275,
      5305.820346832275,
      5305.820346832275,
      5305.820346832275,
      5305.820346832275,
      5305.820346832275,
      5305.820346832275,
      5305.820346832275,
      5305.820346832275,
      5305.820346832275,
      5305.820346832275,
      5305.820346832275,
      21804.453170776367,
      21204.140659332275,
      21204.140659332275,
      15.650947570800781
    ]
  }
}