{
  "model": {
    "model_name": "wide_resnet_4B",
    "num_layers": 18,
    "parameters": {
      "total_parameters_bytes": 15930478480,
      "parameters_per_layer_bytes": [
        386560,
        50903040,
        49223680,
        49223680,
        236154880,
        196751360,
        196751360,
        196751360,
        944168960,
        786718720,
        786718720,
        786718720,
        786718720,
        786718720,
        3775774720,
        3146301440,
        3146301440,
        8192400
      ],
      "activation_parameters_bytes": [
        2949120,
        7208960,
        5242880,
        5242880,
        4587520,
        2621440,
        2621440,
        2621440,
        2293760,
        1310720,
        1310720,
        1310720,
        1310720,
        1310720,
        1146880,
        655360,
        655360,
        164640
      ]
    }
  },
  "execution_time": {
    "total_time_ms": 420.2174663543701,
    "forward_backward_time_ms": 129.7853946685791,
    "batch_generator_time_ms": 0.5651950836181641,
    "layernorm_grads_all_reduce_time_ms": null,
    "embedding_grads_all_reduce_time_ms": null,
    "optimizer_time_ms": 289.86687660217285,
    "layer_compute_total_ms": [
      0.41294097900390625,
      1.7611503601074219,
      1.3693809509277344,
      1.38702392578125,
      2.7283668518066406,
      2.402639389038086,
      2.3366928100585938,
      2.344512939453125,
      7.072162628173828,
      6.814861297607422,
      6.851863861083984,
      6.819963455200195,
      6.806421279907227,
      6.975841522216797,
      34.9700927734375,
      19.12059783935547,
      19.10872459411621,
      0.5021572113037109
    ]
  },
  "execution_memory": {
    "total_memory_mb": 79126.0,
    "layer_memory_total_mb": [
      3.043956756591797,
      197.0947723388672,
      189.9267921447754,
      189.9267921447754,
      902.6269989013672,
      751.5722999572754,
      751.5722999572754,
      751.5722999572754,
      3602.441452026367,
      3001.5039405822754,
      3001.5039405822754,
      3001.5039405822754,
      3001.5039405822754,
      3001.5039405822754,
      14402.69538116455,
      12001.718807220459,
      12001.640682220459,
      31.32965850830078
    ]
  }
}