{
  "model": {
    "model_name": "wideresnet_13B",
    "num_layers": 35,
    "parameters": {
      "total_parameters_bytes": 50495697040,
      "parameters_per_layer_bytes": [
        190720,
        87308800,
        86888960,
        86888960,
        357299200,
        347448320,
        347448320,
        347448320,
        1428940800,
        1389578240,
        1389578240,
        1389578240,
        1389578240,
        1389578240,
        1389578240,
        1389578240,
        1389578240,
        1389578240,
        1389578240,
        1389578240,
        1389578240,
        1389578240,
        1389578240,
        1389578240,
        1389578240,
        1389578240,
        1389578240,
        1389578240,
        1389578240,
        1389578240,
        1389578240,
        5715251200,
        5557882880,
        5557882880,
        4096400
      ],
      "activation_parameters_bytes": [
        146800640,
        786432000,
        702545920,
        702545920,
        440401920,
        351272960,
        351272960,
        351272960,
        220200960,
        175636480,
        175636480,
        175636480,
        175636480,
        175636480,
        175636480,
        175636480,
        175636480,
        175636480,
        175636480,
        175636480,
        175636480,
        175636480,
        175636480,
        175636480,
        175636480,
        175636480,
        175636480,
        175636480,
        175636480,
        175636480,
        175636480,
        110100480,
        87818240,
        87818240,
        10588160
      ]
    }
  },
  "execution_time": {
    "total_time_ms": 4570.001935958862,
    "forward_backward_time_ms": 3048.6907958984375,
    "batch_generator_time_ms": 20.674610137939453,
    "layernorm_grads_all_reduce_time_ms": null,
    "embedding_grads_all_reduce_time_ms": null,
    "optimizer_time_ms": 1500.6365299224854,
    "layer_compute_total_ms": [
      0.7365226745605469,
      32.25736618041992,
      31.59003257751465,
      31.615209579467773,
      31.932640075683594,
      35.306358337402344,
      35.17451286315918,
      34.89947319030762,
      134.02605056762695,
      109.06209945678711,
      109.23910140991211,
      108.19249153137207,
      108.23454856872559,
      109.24954414367676,
      109.33952331542969,
      109.65695381164551,
      109.67488288879395,
      108.91532897949219,
      108.09187889099121,
      109.7625732421875,
      109.78889465332031,
      110.13169288635254,
      109.73773002624512,
      109.2233657836914,
      108.13899040222168,
      109.759521484375,
      109.73215103149414,
      109.64488983154297,
      109.47628021240234,
      108.80584716796875,
      107.95555114746094,
      139.26429748535156,
      69.5767879486084,
      69.90890502929688,
      0.5887985229492188
    ]
  },
  "execution_memory": {
    "total_memory_mb": 256508.0,
    "layer_memory_total_mb": [
      10.727550506591797,
      373.0566864013672,
      371.4551124572754,
      371.4551124572754,
      1382.9883270263672,
      1345.4101905822754,
      1345.4101905822754,
      1345.4101905822754,
      5460.976608276367,
      5310.820346832275,
      5310.820346832275,
      5310.820346832275,
      5310.820346832275,
      5310.820346832275,
      5310.820346832275,
      5310.820346832275,
      5310.820346832275,
      5310.820346832275,
      5310.820346832275,
      5310.820346832275,
      5310.820346832275,
      5310.820346832275,
      5310.820346832275,
      5310.820346832275,
      5310.820346832275,
      5310.820346832275,
      5310.820346832275,
      5310.820346832275,
      5310.820346832275,
      5310.820346832275,
      5310.820346832275,
      21806.953170776367,
      21206.640659332275,
      21206.640659332275,
      15.675361633300781
    ]
  }
}