{
  "model": {
    "model_name": "wideresnet_2B",
    "num_layers": 18,
    "parameters": {
      "total_parameters_bytes": 7807054480,
      "parameters_per_layer_bytes": [
        267008,
        24926720,
        24109568,
        24109568,
        115684352,
        96388096,
        96388096,
        96388096,
        462579712,
        385452032,
        385452032,
        385452032,
        385452032,
        385452032,
        1850003456,
        1541607424,
        1541607424,
        5734800
      ],
      "activation_parameters_bytes": [
        51380224,
        121110528,
        91750400,
        91750400,
        77070336,
        45875200,
        45875200,
        45875200,
        38535168,
        22937600,
        22937600,
        22937600,
        22937600,
        22937600,
        19267584,
        11468800,
        11468800,
        3695616
      ]
    }
  },
  "execution_time": {
    "total_time_ms": 439.1177177429199,
    "forward_backward_time_ms": 201.36795043945312,
    "batch_generator_time_ms": 5.369663238525391,
    "layernorm_grads_all_reduce_time_ms": null,
    "embedding_grads_all_reduce_time_ms": null,
    "optimizer_time_ms": 232.3801040649414,
    "layer_compute_total_ms": [
      0.3525257110595703,
      3.127622604370117,
      2.9553890228271484,
      2.8650760650634766,
      6.206083297729492,
      3.9427757263183594,
      3.9948463439941406,
      3.905820846557617,
      17.401742935180664,
      12.16897964477539,
      12.216329574584961,
      12.283706665039062,
      12.324333190917969,
      13.306665420532227,
      42.7365779876709,
      35.76712608337402,
      15.224218368530273,
      0.5881309509277344
    ]
  },
  "execution_memory": {
    "total_memory_mb": 38322.0,
    "layer_memory_total_mb": [
      36.4004020690918,
      161.6631317138672,
      141.0185890197754,
      141.0185890197754,
      483.4512176513672,
      392.2871437072754,
      392.2871437072754,
      392.2871437072754,
      1785.9023895263672,
      1482.8242530822754,
      1482.8242530822754,
      1482.8242530822754,
      1482.8242530822754,
      1482.8242530822754,
      7068.304733276367,
      5887.273471832275,
      5887.273471832275,
      23.62653350830078
    ]
  }
}