{
  "model": {
    "model_name": "wideresnet_13B",
    "num_layers": 35,
    "parameters": {
      "total_parameters_bytes": 50495697040,
      "parameters_per_layer_bytes": [
        190720,
        87308800,
        86888960,
        86888960,
        357299200,
        347448320,
        347448320,
        347448320,
        1428940800,
        1389578240,
        1389578240,
        1389578240,
        1389578240,
        1389578240,
        1389578240,
        1389578240,
        1389578240,
        1389578240,
        1389578240,
        1389578240,
        1389578240,
        1389578240,
        1389578240,
        1389578240,
        1389578240,
        1389578240,
        1389578240,
        1389578240,
        1389578240,
        1389578240,
        1389578240,
        5715251200,
        5557882880,
        5557882880,
        4096400
      ],
      "activation_parameters_bytes": [
        36700160,
        196608000,
        175636480,
        175636480,
        110100480,
        87818240,
        87818240,
        87818240,
        55050240,
        43909120,
        43909120,
        43909120,
        43909120,
        43909120,
        43909120,
        43909120,
        43909120,
        43909120,
        43909120,
        43909120,
        43909120,
        43909120,
        43909120,
        43909120,
        43909120,
        43909120,
        43909120,
        43909120,
        43909120,
        43909120,
        43909120,
        27525120,
        21954560,
        21954560,
        2647040
      ]
    }
  },
  "execution_time": {
    "total_time_ms": 2754.5111417770386,
    "forward_backward_time_ms": 1248.7642765045166,
    "batch_generator_time_ms": 5.549502372741699,
    "layernorm_grads_all_reduce_time_ms": null,
    "embedding_grads_all_reduce_time_ms": null,
    "optimizer_time_ms": 1500.1973628997803,
    "layer_compute_total_ms": [
      0.2902030944824219,
      9.273242950439453,
      9.016036987304688,
      9.012794494628906,
      17.048168182373047,
      14.752721786499023,
      14.548015594482422,
      14.52932357788086,
      46.96965217590332,
      41.52665138244629,
      41.501569747924805,
      41.24093055725098,
      41.37439727783203,
      41.6748046875,
      41.6348934173584,
      41.69611930847168,
      41.684865951538086,
      41.6050910949707,
      41.39070510864258,
      41.347694396972656,
      41.938114166259766,
      41.773128509521484,
      41.802072525024414,
      41.791391372680664,
      41.72196388244629,
      41.4461612701416,
      41.5865421295166,
      41.80154800415039,
      41.55306816101074,
      41.37263298034668,
      41.40963554382324,
      80.94296455383301,
      58.16164016723633,
      58.71481895446777,
      0.6307125091552734
    ]
  },
  "execution_memory": {
    "total_memory_mb": 247772.0,
    "layer_memory_total_mb": [
      3.227550506591797,
      343.0566864013672,
      341.4551124572754,
      341.4551124572754,
      1367.9883270263672,
      1330.4101905822754,
      1330.4101905822754,
      1330.4101905822754,
      5453.476608276367,
      5303.320346832275,
      5303.320346832275,
      5303.320346832275,
      5303.320346832275,
      5303.320346832275,
      5303.320346832275,
      5303.320346832275,
      5303.320346832275,
      5303.320346832275,
      5303.320346832275,
      5303.320346832275,
      5303.320346832275,
      5303.320346832275,
      5303.320346832275,
      5303.320346832275,
      5303.320346832275,
      5303.320346832275,
      5303.320346832275,
      5303.320346832275,
      5303.320346832275,
      5303.320346832275,
      5303.320346832275,
      21803.203170776367,
      21202.890659332275,
      21202.890659332275,
      15.638740539550781
    ]
  }
}