{
  "model": {
    "model_name": "wideresnet_250M",
    "num_layers": 18,
    "parameters": {
      "total_parameters_bytes": 997565200,
      "parameters_per_layer_bytes": [
        95360,
        3188480,
        3080960,
        3080960,
        14773760,
        12305920,
        12305920,
        12305920,
        59038720,
        49187840,
        49187840,
        49187840,
        49187840,
        49187840,
        236042240,
        196679680,
        196679680,
        2048400
      ],
      "activation_parameters_bytes": [
        73400320,
        173015040,
        131072000,
        131072000,
        110100480,
        65536000,
        65536000,
        65536000,
        55050240,
        32768000,
        32768000,
        32768000,
        32768000,
        32768000,
        27525120,
        16384000,
        16384000,
        5345280
      ]
    }
  },
  "execution_time": {
    "total_time_ms": 130.1206111907959,
    "forward_backward_time_ms": 79.45008277893066,
    "batch_generator_time_ms": 20.081806182861328,
    "layernorm_grads_all_reduce_time_ms": null,
    "embedding_grads_all_reduce_time_ms": null,
    "optimizer_time_ms": 30.588722229003906,
    "layer_compute_total_ms": [
      0.4367828369140625,
      2.8263092041015625,
      2.5551319122314453,
      2.4789810180664062,
      3.033590316772461,
      2.045106887817383,
      2.039003372192383,
      2.0422935485839844,
      5.602025985717773,
      3.8519859313964844,
      3.8878440856933594,
      3.8621902465820312,
      3.872823715209961,
      3.873109817504883,
      10.91465950012207,
      22.64728546142578,
      2.963733673095703,
      0.5172252655029297
    ]
  },
  "execution_memory": {
    "total_memory_mb": 5258.0,
    "layer_memory_total_mb": [
      51.8662223815918,
      107.18998718261719,
      81.77005386352539,
      81.77005386352539,
      116.41117858886719,
      81.97757339477539,
      81.97757339477539,
      81.97757339477539,
      255.3223114013672,
      205.2051124572754,
      205.2051124572754,
      205.2051124572754,
      205.2051124572754,
      205.2051124572754,
      915.6445770263672,
      759.1601905822754,
      759.1601905822754,
      10.314033508300781
    ]
  }
}