{
  "model": {
    "model_name": "wideresnet_1B",
    "num_layers": 18,
    "parameters": {
      "total_parameters_bytes": 3984762000,
      "parameters_per_layer_bytes": [
        190720,
        12725760,
        12305920,
        12305920,
        59038720,
        49187840,
        49187840,
        49187840,
        236042240,
        196679680,
        196679680,
        196679680,
        196679680,
        196679680,
        943943680,
        786575360,
        786575360,
        4096400
      ],
      "activation_parameters_bytes": [
        146800640,
        346030080,
        262144000,
        262144000,
        220200960,
        131072000,
        131072000,
        131072000,
        110100480,
        65536000,
        65536000,
        65536000,
        65536000,
        65536000,
        55050240,
        32768000,
        32768000,
        10588160
      ]
    }
  },
  "execution_time": {
    "total_time_ms": 382.14855194091797,
    "forward_backward_time_ms": 242.11339950561523,
    "batch_generator_time_ms": 20.41330337524414,
    "layernorm_grads_all_reduce_time_ms": null,
    "embedding_grads_all_reduce_time_ms": null,
    "optimizer_time_ms": 119.6218490600586,
    "layer_compute_total_ms": [
      0.800323486328125,
      6.249094009399414,
      5.576229095458984,
      5.480432510375977,
      7.888174057006836,
      5.283069610595703,
      5.271100997924805,
      5.281925201416016,
      23.184490203857422,
      15.931558609008789,
      15.969610214233398,
      16.154193878173828,
      16.10722541809082,
      16.18170738220215,
      56.197166442871094,
      30.348491668701172,
      9.417390823364258,
      0.7912158966064453
    ]
  },
  "execution_memory": {
    "total_memory_mb": 19798.0,
    "layer_memory_total_mb": [
      102.2324333190918,
      238.5986785888672,
      186.9775733947754,
      186.9775733947754,
      345.3223114013672,
      257.7051124572754,
      257.7051124572754,
      257.7051124572754,
      960.6445770263672,
      785.4101905822754,
      785.4101905822754,
      785.4101905822754,
      785.4101905822754,
      785.4101905822754,
      3631.289108276367,
      3018.3203468322754,
      3018.3203468322754,
      20.62653350830078
    ]
  }
}