{
  "model": {
    "model_name": "wideresnet_6.8B",
    "num_layers": 18,
    "parameters": {
      "total_parameters_bytes": 26872866960,
      "parameters_per_layer_bytes": [
        190720,
        87308800,
        86888960,
        86888960,
        357299200,
        347448320,
        347448320,
        347448320,
        1428940800,
        1389578240,
        1389578240,
        1389578240,
        1389578240,
        1389578240,
        5715251200,
        5557882880,
        5557882880,
        4096400
      ],
      "activation_parameters_bytes": [
        9175040,
        49152000,
        43909120,
        43909120,
        27525120,
        21954560,
        21954560,
        21954560,
        13762560,
        10977280,
        10977280,
        10977280,
        10977280,
        10977280,
        6881280,
        5488640,
        5488640,
        661760
      ]
    }
  },
  "execution_time": {
    "total_time_ms": 1209.41903591156,
    "forward_backward_time_ms": 409.77420806884766,
    "batch_generator_time_ms": 1.7000436782836914,
    "layernorm_grads_all_reduce_time_ms": null,
    "embedding_grads_all_reduce_time_ms": null,
    "optimizer_time_ms": 797.9447841644287,
    "layer_compute_total_ms": [
      0.28901100158691406,
      3.235483169555664,
      3.1210899353027344,
      3.1151294708251953,
      8.463287353515625,
      6.998920440673828,
      6.9431304931640625,
      6.98847770690918,
      26.430940628051758,
      25.497102737426758,
      25.36492347717285,
      24.979448318481445,
      24.901866912841797,
      25.182390213012695,
      60.14747619628906,
      78.58953475952148,
      78.81979942321777,
      0.7061958312988281
    ]
  },
  "execution_memory": {
    "total_memory_mb": 140266.8,
    "layer_memory_total_mb": [
      1.3525505065917969,
      335.5566864013672,
      333.9551124572754,
      333.9551124572754,
      1364.2383270263672,
      1326.6601905822754,
      1326.6601905822754,
      1326.6601905822754,
      5451.601608276367,
      5301.445346832275,
      5301.445346832275,
      5301.445346832275,
      5301.445346832275,
      5301.445346832275,
      21802.265670776367,
      21201.953159332275,
      21201.953159332275,
      15.629585266113281
    ]
  }
}