{
  "model": {
    "model_name": "wideresnet_13B",
    "num_layers": 35,
    "parameters": {
      "total_parameters_bytes": 50495697040,
      "parameters_per_layer_bytes": [
        190720,
        87308800,
        86888960,
        86888960,
        357299200,
        347448320,
        347448320,
        347448320,
        1428940800,
        1389578240,
        1389578240,
        1389578240,
        1389578240,
        1389578240,
        1389578240,
        1389578240,
        1389578240,
        1389578240,
        1389578240,
        1389578240,
        1389578240,
        1389578240,
        1389578240,
        1389578240,
        1389578240,
        1389578240,
        1389578240,
        1389578240,
        1389578240,
        1389578240,
        1389578240,
        5715251200,
        5557882880,
        5557882880,
        4096400
      ],
      "activation_parameters_bytes": [
        18350080,
        98304000,
        87818240,
        87818240,
        55050240,
        43909120,
        43909120,
        43909120,
        27525120,
        21954560,
        21954560,
        21954560,
        21954560,
        21954560,
        21954560,
        21954560,
        21954560,
        21954560,
        21954560,
        21954560,
        21954560,
        21954560,
        21954560,
        21954560,
        21954560,
        21954560,
        21954560,
        21954560,
        21954560,
        21954560,
        21954560,
        13762560,
        10977280,
        10977280,
        1323520
      ]
    }
  },
  "execution_time": {
    "total_time_ms": 2816.547179222107,
    "forward_backward_time_ms": 1311.8651866912842,
    "batch_generator_time_ms": 4.768490791320801,
    "layernorm_grads_all_reduce_time_ms": null,
    "embedding_grads_all_reduce_time_ms": null,
    "optimizer_time_ms": 1499.913501739502,
    "layer_compute_total_ms": [
      0.3509998321533203,
      5.195283889770508,
      5.032157897949219,
      5.046319961547852,
      12.768363952636719,
      10.056066513061523,
      10.010480880737305,
      10.027170181274414,
      47.7327823638916,
      46.29006385803223,
      46.042442321777344,
      45.934486389160156,
      45.75009346008301,
      46.45967483520508,
      46.32000923156738,
      46.373748779296875,
      46.358680725097656,
      46.24533653259277,
      46.246337890625,
      45.64623832702637,
      46.68393135070801,
      46.488332748413086,
      46.61130905151367,
      46.50382995605469,
      46.39010429382324,
      46.235036849975586,
      45.656728744506836,
      46.387481689453125,
      46.024465560913086,
      46.0963249206543,
      45.57695388793945,
      75.11634826660156,
      57.04755783081055,
      56.390380859375,
      0.7696628570556641
    ]
  },
  "execution_memory": {
    "total_memory_mb": 254340.8,
    "layer_memory_total_mb": [
      1.9775505065917969,
      338.0566864013672,
      336.4551124572754,
      336.4551124572754,
      1365.4883270263672,
      1327.9101905822754,
      1327.9101905822754,
      1327.9101905822754,
      5452.226608276367,
      5302.070346832275,
      5302.070346832275,
      5302.070346832275,
      5302.070346832275,
      5302.070346832275,
      5302.070346832275,
      5302.070346832275,
      5302.070346832275,
      5302.070346832275,
      5302.070346832275,
      5302.070346832275,
      5302.070346832275,
      5302.070346832275,
      5302.070346832275,
      5302.070346832275,
      5302.070346832275,
      5302.070346832275,
      5302.070346832275,
      5302.070346832275,
      5302.070346832275,
      5302.070346832275,
      5302.070346832275,
      21802.578170776367,
      21202.265659332275,
      21202.265659332275,
      15.632637023925781
    ]
  }
}