{
  "model": {
    "model_name": "wideresnet_6.8B",
    "num_layers": 18,
    "parameters": {
      "total_parameters_bytes": 26872866960,
      "parameters_per_layer_bytes": [
        190720,
        87308800,
        86888960,
        86888960,
        357299200,
        347448320,
        347448320,
        347448320,
        1428940800,
        1389578240,
        1389578240,
        1389578240,
        1389578240,
        1389578240,
        5715251200,
        5557882880,
        5557882880,
        4096400
      ],
      "activation_parameters_bytes": [
        4587520,
        24576000,
        21954560,
        21954560,
        13762560,
        10977280,
        10977280,
        10977280,
        6881280,
        5488640,
        5488640,
        5488640,
        5488640,
        5488640,
        3440640,
        2744320,
        2744320,
        330880
      ]
    }
  },
  "execution_time": {
    "total_time_ms": 1093.3520555496216,
    "forward_backward_time_ms": 293.335485458374,
    "batch_generator_time_ms": 2.2455453872680664,
    "layernorm_grads_all_reduce_time_ms": null,
    "embedding_grads_all_reduce_time_ms": null,
    "optimizer_time_ms": 797.7710247039795,
    "layer_compute_total_ms": [
      0.30150413513183594,
      2.4446964263916016,
      2.304553985595703,
      2.315950393676758,
      5.301094055175781,
      4.826641082763672,
      4.807472229003906,
      4.814481735229492,
      16.391658782958984,
      15.415668487548828,
      15.212011337280273,
      15.180158615112305,
      15.236568450927734,
      15.269851684570312,
      58.85734558105469,
      56.859540939331055,
      57.187795639038086,
      0.6084918975830078
    ]
  },
  "execution_memory": {
    "total_memory_mb": 139741.2,
    "layer_memory_total_mb": [
      1.0400505065917969,
      334.3066864013672,
      332.7051124572754,
      332.7051124572754,
      1363.6133270263672,
      1326.0351905822754,
      1326.0351905822754,
      1326.0351905822754,
      5451.289108276367,
      5301.132846832275,
      5301.132846832275,
      5301.132846832275,
      5301.132846832275,
      5301.132846832275,
      21802.109420776367,
      21201.796909332275,
      21201.796909332275,
      15.628059387207031
    ]
  }
}