{
  "model": {
    "model_name": "wideresnet_1B",
    "num_layers": 18,
    "parameters": {
      "total_parameters_bytes": 3984762000,
      "parameters_per_layer_bytes": [
        190720,
        12725760,
        12305920,
        12305920,
        59038720,
        49187840,
        49187840,
        49187840,
        236042240,
        196679680,
        196679680,
        196679680,
        196679680,
        196679680,
        943943680,
        786575360,
        786575360,
        4096400
      ],
      "activation_parameters_bytes": [
        73400320,
        173015040,
        131072000,
        131072000,
        110100480,
        65536000,
        65536000,
        65536000,
        55050240,
        32768000,
        32768000,
        32768000,
        32768000,
        32768000,
        27525120,
        16384000,
        16384000,
        5294080
      ]
    }
  },
  "execution_time": {
    "total_time_ms": 285.7626438140869,
    "forward_backward_time_ms": 156.50620460510254,
    "batch_generator_time_ms": 10.17603874206543,
    "layernorm_grads_all_reduce_time_ms": null,
    "embedding_grads_all_reduce_time_ms": null,
    "optimizer_time_ms": 119.08040046691895,
    "layer_compute_total_ms": [
      0.42204856872558594,
      3.591156005859375,
      3.2381534576416016,
      3.1513214111328125,
      4.801177978515625,
      3.2446861267089844,
      3.2493114471435547,
      3.2497406005859375,
      14.124536514282227,
      9.532976150512695,
      9.621381759643555,
      9.557008743286133,
      9.642982482910156,
      9.578323364257812,
      30.068492889404297,
      30.175352096557617,
      8.750724792480469,
      0.5068302154541016
    ]
  },
  "execution_memory": {
    "total_memory_mb": 19826.0,
    "layer_memory_total_mb": [
      51.4824333190918,
      143.5986785888672,
      116.97757339477539,
      116.97757339477539,
      285.3223114013672,
      222.7051124572754,
      222.7051124572754,
      222.7051124572754,
      930.6445770263672,
      767.9101905822754,
      767.9101905822754,
      767.9101905822754,
      767.9101905822754,
      767.9101905822754,
      3616.289108276367,
      3009.5703468322754,
      3009.5703468322754,
      18.12653350830078
    ]
  }
}