{
  "model": {
    "model_name": "wideresnet_4B",
    "num_layers": 18,
    "parameters": {
      "total_parameters_bytes": 15928051600,
      "parameters_per_layer_bytes": [
        381440,
        50846720,
        49187840,
        49187840,
        236042240,
        196679680,
        196679680,
        196679680,
        943943680,
        786575360,
        786575360,
        786575360,
        786575360,
        786575360,
        3775324160,
        3146014720,
        3146014720,
        8192400
      ],
      "activation_parameters_bytes": [
        146800640,
        346030080,
        262144000,
        262144000,
        220200960,
        131072000,
        131072000,
        131072000,
        110100480,
        65536000,
        65536000,
        65536000,
        65536000,
        65536000,
        55050240,
        32768000,
        32768000,
        10536960
      ]
    }
  },
  "execution_time": {
    "total_time_ms": 1027.2330045700073,
    "forward_backward_time_ms": 541.4843559265137,
    "batch_generator_time_ms": 12.111639976501465,
    "layernorm_grads_all_reduce_time_ms": null,
    "embedding_grads_all_reduce_time_ms": null,
    "optimizer_time_ms": 473.6370086669922,
    "layer_compute_total_ms": [
      0.7549285888671875,
      8.886146545410156,
      8.146381378173828,
      8.157825469970703,
      17.31853485107422,
      12.829446792602539,
      12.995624542236328,
      12.92266845703125,
      58.446693420410156,
      41.87941551208496,
      41.74904823303223,
      41.49518013000488,
      41.41340255737305,
      41.41964912414551,
      128.54838371276855,
      31.855344772338867,
      32.018375396728516,
      0.6473064422607422
    ]
  },
  "execution_memory": {
    "total_memory_mb": 80254.0,
    "layer_memory_total_mb": [
      11.455089569091797,
      233.9648895263672,
      227.6367530822754,
      227.6367530822754,
      920.4297332763672,
      770.2734718322754,
      770.2734718322754,
      770.2734718322754,
      3610.859420776367,
      3010.5469093322754,
      3010.5469093322754,
      3010.5469093322754,
      3010.5469093322754,
      3010.5469093322754,
      14406.718795776367,
      12006.093784332275,
      12006.093784332275,
      31.27594757080078
    ]
  }
}