{
  "model": {
    "model_name": "wideresnet_2B",
    "num_layers": 18,
    "parameters": {
      "total_parameters_bytes": 7807054480,
      "parameters_per_layer_bytes": [
        267008,
        24926720,
        24109568,
        24109568,
        115684352,
        96388096,
        96388096,
        96388096,
        462579712,
        385452032,
        385452032,
        385452032,
        385452032,
        385452032,
        1850003456,
        1541607424,
        1541607424,
        5734800
      ],
      "activation_parameters_bytes": [
        25690112,
        60555264,
        45875200,
        45875200,
        38535168,
        22937600,
        22937600,
        22937600,
        19267584,
        11468800,
        11468800,
        11468800,
        11468800,
        11468800,
        9633792,
        5734400,
        5734400,
        1847808
      ]
    }
  },
  "execution_time": {
    "total_time_ms": 414.75720405578613,
    "forward_backward_time_ms": 179.31666374206543,
    "batch_generator_time_ms": 3.088808059692383,
    "layernorm_grads_all_reduce_time_ms": null,
    "embedding_grads_all_reduce_time_ms": null,
    "optimizer_time_ms": 232.35173225402832,
    "layer_compute_total_ms": [
      0.3762245178222656,
      2.202749252319336,
      1.8496036529541016,
      1.7849445343017578,
      4.1858673095703125,
      2.6556015014648438,
      2.6491165161132812,
      2.646207809448242,
      14.81771469116211,
      12.770271301269531,
      12.727737426757812,
      12.776613235473633,
      12.679004669189453,
      12.718868255615234,
      32.56988525390625,
      34.22894477844238,
      15.140056610107422,
      0.5372524261474609
    ]
  },
  "execution_memory": {
    "total_memory_mb": 38730.0,
    "layer_memory_total_mb": [
      18.712902069091797,
      128.4131317138672,
      116.51858901977539,
      116.51858901977539,
      462.4512176513672,
      380.0371437072754,
      380.0371437072754,
      380.0371437072754,
      1775.4023895263672,
      1476.6992530822754,
      1476.6992530822754,
      1476.6992530822754,
      1476.6992530822754,
      1476.6992530822754,
      7063.054733276367,
      5884.210971832275,
      5884.210971832275,
      22.75153350830078
    ]
  }
}