{
  "model": {
    "model_name": "wideresnet_2B",
    "num_layers": 18,
    "parameters": {
      "total_parameters_bytes": 7807054480,
      "parameters_per_layer_bytes": [
        267008,
        24926720,
        24109568,
        24109568,
        115684352,
        96388096,
        96388096,
        96388096,
        462579712,
        385452032,
        385452032,
        385452032,
        385452032,
        385452032,
        1850003456,
        1541607424,
        1541607424,
        5734800
      ],
      "activation_parameters_bytes": [
        1644167168,
        3875536896,
        2936012800,
        2936012800,
        2466250752,
        1468006400,
        1468006400,
        1468006400,
        1233125376,
        734003200,
        734003200,
        734003200,
        734003200,
        734003200,
        616562688,
        367001600,
        367001600,
        118259712
      ]
    }
  },
  "execution_time": {
    "total_time_ms": 1620.0677633285522,
    "forward_backward_time_ms": 1234.3037605285645,
    "batch_generator_time_ms": 153.04934978485107,
    "layernorm_grads_all_reduce_time_ms": null,
    "embedding_grads_all_reduce_time_ms": null,
    "optimizer_time_ms": 232.71465301513672,
    "layer_compute_total_ms": [
      6.518888473510742,
      72.41578102111816,
      66.70536994934082,
      67.2612190246582,
      93.9478874206543,
      64.9315357208252,
      64.75400924682617,
      64.90898132324219,
      98.77572059631348,
      67.33412742614746,
      67.17796325683594,
      67.17820167541504,
      66.98031425476074,
      63.625144958496094,
      127.36287117004395,
      88.60440254211426,
      84.66448783874512,
      1.1568546295166016
    ]
  },
  "execution_memory": {
    "total_memory_mb": 50784.0,
    "layer_memory_total_mb": [
      113.0185661315918,
      543.0879364013672,
      539.9707374572754,
      539.9707374572754,
      665.3008270263672,
      591.6914405822754,
      591.6914405822754,
      591.6914405822754,
      1876.6016082763672,
      1582.3828468322754,
      1582.3828468322754,
      1582.3828468322754,
      1582.3828468322754,
      1582.3828468322754,
      7113.203170776367,
      5936.765659332275,
      5936.765659332275,
      22.26715850830078
    ]
  }
}