{
  "model": {
    "model_name": "wideresnet_1B",
    "num_layers": 18,
    "parameters": {
      "total_parameters_bytes": 3984762000,
      "parameters_per_layer_bytes": [
        190720,
        12725760,
        12305920,
        12305920,
        59038720,
        49187840,
        49187840,
        49187840,
        236042240,
        196679680,
        196679680,
        196679680,
        196679680,
        196679680,
        943943680,
        786575360,
        786575360,
        4096400
      ],
      "activation_parameters_bytes": [
        9175040,
        21626880,
        16384000,
        16384000,
        13762560,
        8192000,
        8192000,
        8192000,
        6881280,
        4096000,
        4096000,
        4096000,
        4096000,
        4096000,
        3440640,
        2048000,
        2048000,
        661760
      ]
    }
  },
  "execution_time": {
    "total_time_ms": 204.40826416015625,
    "forward_backward_time_ms": 83.4805965423584,
    "batch_generator_time_ms": 1.8008708953857422,
    "layernorm_grads_all_reduce_time_ms": null,
    "embedding_grads_all_reduce_time_ms": null,
    "optimizer_time_ms": 119.12679672241211,
    "layer_compute_total_ms": [
      0.34699440002441406,
      1.5677452087402344,
      1.2885093688964844,
      1.2035846710205078,
      1.8206119537353516,
      1.4471054077148438,
      1.399993896484375,
      1.402902603149414,
      4.312801361083984,
      3.3165931701660156,
      3.328418731689453,
      3.3498764038085938,
      3.338623046875,
      3.348875045776367,
      11.293888092041016,
      29.503870010375977,
      10.639047622680664,
      0.5711555480957031
    ]
  },
  "execution_memory": {
    "total_memory_mb": 19676.0,
    "layer_memory_total_mb": [
      7.076183319091797,
      60.47367858886719,
      55.72757339477539,
      55.72757339477539,
      232.8223114013672,
      192.0801124572754,
      192.0801124572754,
      192.0801124572754,
      904.3945770263672,
      752.5976905822754,
      752.5976905822754,
      752.5976905822754,
      752.5976905822754,
      752.5976905822754,
      3603.164108276367,
      3001.9140968322754,
      3001.9140968322754,
      15.939033508300781
    ]
  }
}