{
  "model": {
    "model_name": "wideresnet_250M",
    "num_layers": 18,
    "parameters": {
      "total_parameters_bytes": 997565200,
      "parameters_per_layer_bytes": [
        95360,
        3188480,
        3080960,
        3080960,
        14773760,
        12305920,
        12305920,
        12305920,
        59038720,
        49187840,
        49187840,
        49187840,
        49187840,
        49187840,
        236042240,
        196679680,
        196679680,
        2048400
      ],
      "activation_parameters_bytes": [
        1146880,
        2703360,
        2048000,
        2048000,
        1720320,
        1024000,
        1024000,
        1024000,
        860160,
        512000,
        512000,
        512000,
        512000,
        512000,
        430080,
        256000,
        256000,
        83520
      ]
    }
  },
  "execution_time": {
    "total_time_ms": 74.21689033508301,
    "forward_backward_time_ms": 43.25399398803711,
    "batch_generator_time_ms": 0.5660057067871094,
    "layernorm_grads_all_reduce_time_ms": null,
    "embedding_grads_all_reduce_time_ms": null,
    "optimizer_time_ms": 30.39689064025879,
    "layer_compute_total_ms": [
      0.2884864807128906,
      1.3360977172851562,
      1.1449813842773438,
      1.0804176330566406,
      1.3379573822021484,
      1.0573863983154297,
      1.0813713073730469,
      1.043081283569336,
      1.4373302459716797,
      1.3606071472167969,
      1.2549400329589844,
      1.2588024139404297,
      1.2628555297851562,
      1.2569427490234375,
      3.1456470489501953,
      20.65443992614746,
      2.8800487518310547,
      0.3726005554199219
    ]
  },
  "execution_memory": {
    "total_memory_mb": 4960.0,
    "layer_memory_total_mb": [
      1.1709098815917969,
      13.674362182617188,
      12.86380386352539,
      12.86380386352539,
      57.34867858886719,
      47.52444839477539,
      47.52444839477539,
      47.52444839477539,
      225.7910614013672,
      187.9785499572754,
      187.9785499572754,
      187.9785499572754,
      187.9785499572754,
      187.9785499572754,
      900.8789520263672,
      750.5469093322754,
      750.5469093322754,
      7.853096008300781
    ]
  }
}