{
  "model": {
    "model_name": "wideresnet_6.8B",
    "num_layers": 18,
    "parameters": {
      "total_parameters_bytes": 26872866960,
      "parameters_per_layer_bytes": [
        190720,
        87308800,
        86888960,
        86888960,
        357299200,
        347448320,
        347448320,
        347448320,
        1428940800,
        1389578240,
        1389578240,
        1389578240,
        1389578240,
        1389578240,
        5715251200,
        5557882880,
        5557882880,
        4096400
      ],
      "activation_parameters_bytes": [
        146800640,
        786432000,
        702545920,
        702545920,
        440401920,
        351272960,
        351272960,
        351272960,
        220200960,
        175636480,
        175636480,
        175636480,
        175636480,
        175636480,
        110100480,
        87818240,
        87818240,
        10588160
      ]
    }
  },
  "execution_time": {
    "total_time_ms": 2009.3258142471313,
    "forward_backward_time_ms": 1189.6450996398926,
    "batch_generator_time_ms": 20.548081398010254,
    "layernorm_grads_all_reduce_time_ms": null,
    "embedding_grads_all_reduce_time_ms": null,
    "optimizer_time_ms": 799.1326332092285,
    "layer_compute_total_ms": [
      0.7279872894287109,
      32.26828575134277,
      31.660747528076172,
      31.787681579589844,
      32.06477165222168,
      35.546112060546875,
      35.28141975402832,
      34.97276306152344,
      134.1836452484131,
      109.1315746307373,
      109.30600166320801,
      108.72821807861328,
      108.0298900604248,
      109.08041000366211,
      137.81819343566895,
      69.00019645690918,
      69.40655708312988,
      0.6506443023681641
    ]
  },
  "execution_memory": {
    "total_memory_mb": 141852.0,
    "layer_memory_total_mb": [
      10.727550506591797,
      373.0566864013672,
      371.4551124572754,
      371.4551124572754,
      1382.9883270263672,
      1345.4101905822754,
      1345.4101905822754,
      1345.4101905822754,
      5460.976608276367,
      5310.820346832275,
      5310.820346832275,
      5310.820346832275,
      5310.820346832275,
      5310.820346832275,
      21806.953170776367,
      21206.640659332275,
      21206.640659332275,
      15.675361633300781
    ]
  }
}