{
  "model": {
    "model_name": "wide_resnet_13B",
    "num_layers": 35,
    "parameters": {
      "total_parameters_bytes": 50502680720,
      "parameters_per_layer_bytes": [
        193280,
        87372800,
        86942720,
        86942720,
        357427200,
        347555840,
        347555840,
        347555840,
        1429196800,
        1389793280,
        1389793280,
        1389793280,
        1389793280,
        1389793280,
        1389793280,
        1389793280,
        1389793280,
        1389793280,
        1389793280,
        1389793280,
        1389793280,
        1389793280,
        1389793280,
        1389793280,
        1389793280,
        1389793280,
        1389793280,
        1389793280,
        1389793280,
        1389793280,
        1389793280,
        5715763200,
        5558312960,
        5558312960,
        4096400
      ],
      "activation_parameters_bytes": [
        1474560,
        8192000,
        7208960,
        7208960,
        4587520,
        3604480,
        3604480,
        3604480,
        2293760,
        1802240,
        1802240,
        1802240,
        1802240,
        1802240,
        1802240,
        1802240,
        1802240,
        1802240,
        1802240,
        1802240,
        1802240,
        1802240,
        1802240,
        1802240,
        1802240,
        1802240,
        1802240,
        1802240,
        1802240,
        1802240,
        1802240,
        1146880,
        901120,
        901120,
        82720
      ]
    }
  },
  "execution_time": {
    "total_time_ms": 654.0162086486816,
    "forward_backward_time_ms": 373.3128547668457,
    "batch_generator_time_ms": 1.3466358184814453,
    "layernorm_grads_all_reduce_time_ms": null,
    "embedding_grads_all_reduce_time_ms": null,
    "optimizer_time_ms": 279.3567180633545,
    "layer_compute_total_ms": [
      0.5035400390625,
      2.221536636352539,
      1.788949966430664,
      2.093982696533203,
      3.711843490600586,
      4.310417175292969,
      4.302120208740234,
      4.315042495727539,
      11.069726943969727,
      13.265800476074219,
      13.286590576171875,
      13.677692413330078,
      13.797616958618164,
      9.051275253295898,
      9.029960632324219,
      9.046697616577148,
      9.04989242553711,
      9.04545783996582,
      9.022998809814453,
      9.497737884521484,
      9.081792831420898,
      9.045696258544922,
      9.055900573730469,
      9.053659439086914,
      9.045886993408203,
      9.092855453491211,
      9.108352661132812,
      9.3597412109375,
      9.050369262695312,
      9.04397964477539,
      9.178304672241211,
      38.78583908081055,
      42.52419471740723,
      38.95697593688965,
      0.8404254913330078
    ]
  },
  "execution_memory": {
    "total_memory_mb": 253838.0,
    "layer_memory_total_mb": [
      1.5278434753417969,
      336.9116668701172,
      334.8901710510254,
      334.8901710510254,
      1365.3857879638672,
      1327.3584327697754,
      1327.3584327697754,
      1327.3584327697754,
      5452.724655151367,
      5302.255893707275,
      5302.255893707275,
      5302.255893707275,
      5302.255893707275,
      5302.334018707275,
      5302.255893707275,
      5302.255893707275,
      5302.255893707275,
      5302.255893707275,
      5302.255893707275,
      5302.255893707275,
      5302.334018707275,
      5302.255893707275,
      5302.255893707275,
      5302.255893707275,
      5302.255893707275,
      5302.255893707275,
      5302.255893707275,
      5302.334018707275,
      5302.255893707275,
      5302.255893707275,
      5302.255893707275,
      21803.06647491455,
      21202.50005722046,
      21202.50005722046,
      15.665596008300781
    ]
  }
}