{
  "model": {
    "model_name": "wideresnet_13B",
    "num_layers": 35,
    "parameters": {
      "total_parameters_bytes": 50495697040,
      "parameters_per_layer_bytes": [
        190720,
        87308800,
        86888960,
        86888960,
        357299200,
        347448320,
        347448320,
        347448320,
        1428940800,
        1389578240,
        1389578240,
        1389578240,
        1389578240,
        1389578240,
        1389578240,
        1389578240,
        1389578240,
        1389578240,
        1389578240,
        1389578240,
        1389578240,
        1389578240,
        1389578240,
        1389578240,
        1389578240,
        1389578240,
        1389578240,
        1389578240,
        1389578240,
        1389578240,
        1389578240,
        5715251200,
        5557882880,
        5557882880,
        4096400
      ],
      "activation_parameters_bytes": [
        4587520,
        24576000,
        21954560,
        21954560,
        13762560,
        10977280,
        10977280,
        10977280,
        6881280,
        5488640,
        5488640,
        5488640,
        5488640,
        5488640,
        5488640,
        5488640,
        5488640,
        5488640,
        5488640,
        5488640,
        5488640,
        5488640,
        5488640,
        5488640,
        5488640,
        5488640,
        5488640,
        5488640,
        5488640,
        5488640,
        5488640,
        3440640,
        2744320,
        2744320,
        330880
      ]
    }
  },
  "execution_time": {
    "total_time_ms": 2056.936287879944,
    "forward_backward_time_ms": 556.4329147338867,
    "batch_generator_time_ms": 1.0142087936401367,
    "layernorm_grads_all_reduce_time_ms": null,
    "embedding_grads_all_reduce_time_ms": null,
    "optimizer_time_ms": 1499.489164352417,
    "layer_compute_total_ms": [
      0.27785301208496094,
      2.4430274963378906,
      2.3128509521484375,
      2.3042678833007812,
      5.2898406982421875,
      4.8183441162109375,
      4.812431335449219,
      4.828071594238281,
      16.384220123291016,
      15.479850769042969,
      15.269851684570312,
      15.207242965698242,
      15.287590026855469,
      15.71345329284668,
      15.601205825805664,
      15.628194808959961,
      15.293645858764648,
      15.152215957641602,
      15.201997756958008,
      15.215587615966797,
      15.87977409362793,
      15.685367584228516,
      15.663290023803711,
      15.589618682861328,
      15.163993835449219,
      15.206193923950195,
      15.243291854858398,
      15.603065490722656,
      15.16566276550293,
      15.18702507019043,
      15.264081954956055,
      59.13372039794922,
      57.08765983581543,
      57.32402801513672,
      0.7143974304199219
    ]
  },
  "execution_memory": {
    "total_memory_mb": 253653.2,
    "layer_memory_total_mb": [
      1.0400505065917969,
      334.3066864013672,
      332.7051124572754,
      332.7051124572754,
      1363.6133270263672,
      1326.0351905822754,
      1326.0351905822754,
      1326.0351905822754,
      5451.289108276367,
      5301.132846832275,
      5301.132846832275,
      5301.132846832275,
      5301.132846832275,
      5301.132846832275,
      5301.132846832275,
      5301.132846832275,
      5301.132846832275,
      5301.132846832275,
      5301.132846832275,
      5301.132846832275,
      5301.132846832275,
      5301.132846832275,
      5301.132846832275,
      5301.132846832275,
      5301.132846832275,
      5301.132846832275,
      5301.132846832275,
      5301.132846832275,
      5301.132846832275,
      5301.132846832275,
      5301.132846832275,
      21802.109420776367,
      21201.796909332275,
      21201.796909332275,
      15.628059387207031
    ]
  }
}