{
  "model": {
    "model_name": "wide_resnet_1B",
    "num_layers": 18,
    "parameters": {
      "total_parameters_bytes": 3985975440,
      "parameters_per_layer_bytes": [
        193280,
        12753920,
        12323840,
        12323840,
        59095040,
        49223680,
        49223680,
        49223680,
        236154880,
        196751360,
        196751360,
        196751360,
        196751360,
        196751360,
        944168960,
        786718720,
        786718720,
        4096400
      ],
      "activation_parameters_bytes": [
        1474560,
        3604480,
        2621440,
        2621440,
        2293760,
        1310720,
        1310720,
        1310720,
        1146880,
        655360,
        655360,
        655360,
        655360,
        655360,
        573440,
        327680,
        327680,
        82720
      ]
    }
  },
  "execution_time": {
    "total_time_ms": 232.74993896484375,
    "forward_backward_time_ms": 106.55875205993652,
    "batch_generator_time_ms": 0.8574008941650391,
    "layernorm_grads_all_reduce_time_ms": null,
    "embedding_grads_all_reduce_time_ms": null,
    "optimizer_time_ms": 119.68502998352051,
    "layer_compute_total_ms": [
      0.4687309265136719,
      1.8478870391845703,
      1.4347076416015625,
      1.4343738555908203,
      1.826333999633789,
      1.6750335693359375,
      1.482391357421875,
      1.480722427368164,
      2.6041030883789062,
      2.3136138916015625,
      2.3918628692626953,
      2.3123741149902344,
      2.3269176483154297,
      2.525949478149414,
      9.819221496582031,
      7.647609710693359,
      8.239936828613281,
      0.5108356475830078
    ]
  },
  "execution_memory": {
    "total_memory_mb": 19838.0,
    "layer_memory_total_mb": [
      1.5278434753417969,
      50.10990905761719,
      48.08841323852539,
      48.08841323852539,
      226.3135223388672,
      188.2861671447754,
      188.2861671447754,
      188.2861671447754,
      901.2207489013672,
      750.7519874572754,
      750.7519874572754,
      750.7519874572754,
      750.7519874572754,
      750.7519874572754,
      3601.347724914551,
      3000.820369720459,
      3000.820369720459,
      15.665596008300781
    ]
  }
}