{
  "model": {
    "model_name": "wideresnet_2B",
    "num_layers": 18,
    "parameters": {
      "total_parameters_bytes": 7807054480,
      "parameters_per_layer_bytes": [
        267008,
        24926720,
        24109568,
        24109568,
        115684352,
        96388096,
        96388096,
        96388096,
        462579712,
        385452032,
        385452032,
        385452032,
        385452032,
        385452032,
        1850003456,
        1541607424,
        1541607424,
        5734800
      ],
      "activation_parameters_bytes": [
        205520896,
        484442112,
        367001600,
        367001600,
        308281344,
        183500800,
        183500800,
        183500800,
        154140672,
        91750400,
        91750400,
        91750400,
        91750400,
        91750400,
        77070336,
        45875200,
        45875200,
        14782464
      ]
    }
  },
  "execution_time": {
    "total_time_ms": 716.8125152587891,
    "forward_backward_time_ms": 464.3359184265137,
    "batch_generator_time_ms": 20.126724243164062,
    "layernorm_grads_all_reduce_time_ms": null,
    "embedding_grads_all_reduce_time_ms": null,
    "optimizer_time_ms": 232.34987258911133,
    "layer_compute_total_ms": [
      0.9647369384765625,
      9.826040267944336,
      9.117794036865234,
      9.123706817626953,
      13.61246109008789,
      8.895015716552734,
      8.913278579711914,
      8.854293823242188,
      47.362565994262695,
      33.63370895385742,
      35.672760009765625,
      35.102176666259766,
      34.977054595947266,
      35.07804870605469,
      114.97178077697754,
      39.82071876525879,
      17.766189575195312,
      0.6435871124267578
    ]
  },
  "execution_memory": {
    "total_memory_mb": 39920.0,
    "layer_memory_total_mb": [
      142.5254020690918,
      361.1631317138672,
      288.0185890197754,
      288.0185890197754,
      609.4512176513672,
      465.7871437072754,
      465.7871437072754,
      465.7871437072754,
      1848.9023895263672,
      1519.5742530822754,
      1519.5742530822754,
      1519.5742530822754,
      1519.5742530822754,
      1519.5742530822754,
      7099.804733276367,
      5905.648471832275,
      5905.648471832275,
      28.87653350830078
    ]
  }
}