{
  "model": {
    "model_name": "wideresnet_4B",
    "num_layers": 18,
    "parameters": {
      "total_parameters_bytes": 15928051600,
      "parameters_per_layer_bytes": [
        381440,
        50846720,
        49187840,
        49187840,
        236042240,
        196679680,
        196679680,
        196679680,
        943943680,
        786575360,
        786575360,
        786575360,
        786575360,
        786575360,
        3775324160,
        3146014720,
        3146014720,
        8192400
      ],
      "activation_parameters_bytes": [
        73400320,
        173015040,
        131072000,
        131072000,
        110100480,
        65536000,
        65536000,
        65536000,
        55050240,
        32768000,
        32768000,
        32768000,
        32768000,
        32768000,
        27525120,
        16384000,
        16384000,
        5268480
      ]
    }
  },
  "execution_time": {
    "total_time_ms": 841.8509244918823,
    "forward_backward_time_ms": 363.213586807251,
    "batch_generator_time_ms": 5.481410026550293,
    "layernorm_grads_all_reduce_time_ms": null,
    "embedding_grads_all_reduce_time_ms": null,
    "optimizer_time_ms": 473.15592765808105,
    "layer_compute_total_ms": [
      0.38285255432128906,
      4.900598526000977,
      4.492664337158203,
      4.488468170166016,
      11.691761016845703,
      7.462739944458008,
      7.563877105712891,
      7.417488098144531,
      34.4332218170166,
      25.92926025390625,
      26.000404357910156,
      26.043272018432617,
      26.0042667388916,
      26.033782958984375,
      89.02173042297363,
      30.49154281616211,
      30.26266098022461,
      0.5929946899414062
    ]
  },
  "execution_memory": {
    "total_memory_mb": 77410.0,
    "layer_memory_total_mb": [
      6.455089569091797,
      213.9648895263672,
      207.6367530822754,
      207.6367530822754,
      910.4297332763672,
      760.2734718322754,
      760.2734718322754,
      760.2734718322754,
      3605.859420776367,
      3005.5469093322754,
      3005.5469093322754,
      3005.5469093322754,
      3005.5469093322754,
      3005.5469093322754,
      14404.218795776367,
      12003.593784332275,
      12003.593784332275,
      31.26374053955078
    ]
  }
}