{
  "model": {
    "model_name": "wideresnet_4B",
    "num_layers": 18,
    "parameters": {
      "total_parameters_bytes": 15928051600,
      "parameters_per_layer_bytes": [
        381440,
        50846720,
        49187840,
        49187840,
        236042240,
        196679680,
        196679680,
        196679680,
        943943680,
        786575360,
        786575360,
        786575360,
        786575360,
        786575360,
        3775324160,
        3146014720,
        3146014720,
        8192400
      ],
      "activation_parameters_bytes": [
        293601280,
        692060160,
        524288000,
        524288000,
        440401920,
        262144000,
        262144000,
        262144000,
        220200960,
        131072000,
        131072000,
        131072000,
        131072000,
        131072000,
        110100480,
        65536000,
        65536000,
        21073920
      ]
    }
  },
  "execution_time": {
    "total_time_ms": 1394.5844888687134,
    "forward_backward_time_ms": 899.738883972168,
    "batch_generator_time_ms": 21.062541007995605,
    "layernorm_grads_all_reduce_time_ms": null,
    "embedding_grads_all_reduce_time_ms": null,
    "optimizer_time_ms": 473.7830638885498,
    "layer_compute_total_ms": [
      1.3031959533691406,
      16.814613342285156,
      15.570926666259766,
      15.577173233032227,
      25.0699520111084,
      16.29195213317871,
      16.275787353515625,
      16.483068466186523,
      102.08978652954102,
      73.92096519470215,
      73.89998435974121,
      73.60353469848633,
      72.90005683898926,
      72.92985916137695,
      234.17086601257324,
      36.106109619140625,
      36.15922927856445,
      0.5718231201171875
    ]
  },
  "execution_memory": {
    "total_memory_mb": 83164.0,
    "layer_memory_total_mb": [
      21.455089569091797,
      273.9648895263672,
      267.6367530822754,
      267.6367530822754,
      940.4297332763672,
      790.2734718322754,
      790.2734718322754,
      790.2734718322754,
      3620.859420776367,
      3020.5469093322754,
      3020.5469093322754,
      3020.5469093322754,
      3020.5469093322754,
      3020.5469093322754,
      14411.718795776367,
      12011.093784332275,
      12011.093784332275,
      31.30036163330078
    ]
  }
}