{
  "model": {
    "model_name": "wideresnet_2B",
    "num_layers": 18,
    "parameters": {
      "total_parameters_bytes": 7807054480,
      "parameters_per_layer_bytes": [
        267008,
        24926720,
        24109568,
        24109568,
        115684352,
        96388096,
        96388096,
        96388096,
        462579712,
        385452032,
        385452032,
        385452032,
        385452032,
        385452032,
        1850003456,
        1541607424,
        1541607424,
        5734800
      ],
      "activation_parameters_bytes": [
        6422528,
        15138816,
        11468800,
        11468800,
        9633792,
        5734400,
        5734400,
        5734400,
        4816896,
        2867200,
        2867200,
        2867200,
        2867200,
        2867200,
        2408448,
        1433600,
        1433600,
        461952
      ]
    }
  },
  "execution_time": {
    "total_time_ms": 346.5198516845703,
    "forward_backward_time_ms": 112.99257278442383,
    "batch_generator_time_ms": 1.132822036743164,
    "layernorm_grads_all_reduce_time_ms": null,
    "embedding_grads_all_reduce_time_ms": null,
    "optimizer_time_ms": 232.39445686340332,
    "layer_compute_total_ms": [
      0.3388404846191406,
      1.4801025390625,
      1.2938499450683594,
      1.2152671813964844,
      2.202463150024414,
      1.561117172241211,
      1.5562057495117188,
      1.560068130493164,
      5.940485000610352,
      4.587697982788086,
      4.567480087280273,
      4.595661163330078,
      4.604578018188477,
      4.587793350219727,
      20.099544525146484,
      36.7497444152832,
      15.435123443603516,
      0.6165504455566406
    ]
  },
  "execution_memory": {
    "total_memory_mb": 38368.0,
    "layer_memory_total_mb": [
      5.447277069091797,
      103.47563171386719,
      98.14358901977539,
      98.14358901977539,
      446.7012176513672,
      370.8496437072754,
      370.8496437072754,
      370.8496437072754,
      1767.5273895263672,
      1472.1055030822754,
      1472.1055030822754,
      1472.1055030822754,
      1472.1055030822754,
      1472.1055030822754,
      7059.117233276367,
      5881.914096832275,
      5881.914096832275,
      22.09528350830078
    ]
  }
}