{
  "model": {
    "model_name": "wideresnet_13B",
    "num_layers": 35,
    "parameters": {
      "total_parameters_bytes": 50495697040,
      "parameters_per_layer_bytes": [
        190720,
        87308800,
        86888960,
        86888960,
        357299200,
        347448320,
        347448320,
        347448320,
        1428940800,
        1389578240,
        1389578240,
        1389578240,
        1389578240,
        1389578240,
        1389578240,
        1389578240,
        1389578240,
        1389578240,
        1389578240,
        1389578240,
        1389578240,
        1389578240,
        1389578240,
        1389578240,
        1389578240,
        1389578240,
        1389578240,
        1389578240,
        1389578240,
        1389578240,
        1389578240,
        5715251200,
        5557882880,
        5557882880,
        4096400
      ],
      "activation_parameters_bytes": [
        9175040,
        49152000,
        43909120,
        43909120,
        27525120,
        21954560,
        21954560,
        21954560,
        13762560,
        10977280,
        10977280,
        10977280,
        10977280,
        10977280,
        10977280,
        10977280,
        10977280,
        10977280,
        10977280,
        10977280,
        10977280,
        10977280,
        10977280,
        10977280,
        10977280,
        10977280,
        10977280,
        10977280,
        10977280,
        10977280,
        10977280,
        6881280,
        5488640,
        5488640,
        661760
      ]
    }
  },
  "execution_time": {
    "total_time_ms": 2343.9539194107056,
    "forward_backward_time_ms": 840.9258842468262,
    "batch_generator_time_ms": 3.50496768951416,
    "layernorm_grads_all_reduce_time_ms": null,
    "embedding_grads_all_reduce_time_ms": null,
    "optimizer_time_ms": 1499.5230674743652,
    "layer_compute_total_ms": [
      0.30150413513183594,
      3.205585479736328,
      3.0506134033203125,
      3.074026107788086,
      8.442401885986328,
      6.952476501464844,
      6.931591033935547,
      7.018041610717773,
      26.43752098083496,
      25.42734146118164,
      25.43320655822754,
      24.983930587768555,
      24.9847412109375,
      25.622177124023438,
      25.523757934570312,
      25.55837631225586,
      25.442075729370117,
      25.39691925048828,
      25.037336349487305,
      24.89757537841797,
      25.801753997802734,
      25.656557083129883,
      25.571107864379883,
      25.542259216308594,
      25.43778419494629,
      25.033187866210938,
      25.12216567993164,
      25.6256103515625,
      25.339317321777344,
      25.016212463378906,
      24.89314079284668,
      60.35728454589844,
      78.4492015838623,
      78.64031791687012,
      0.7187843322753906
    ]
  },
  "execution_memory": {
    "total_memory_mb": 254306.4,
    "layer_memory_total_mb": [
      1.3525505065917969,
      335.5566864013672,
      333.9551124572754,
      333.9551124572754,
      1364.2383270263672,
      1326.6601905822754,
      1326.6601905822754,
      1326.6601905822754,
      5451.601608276367,
      5301.445346832275,
      5301.445346832275,
      5301.445346832275,
      5301.445346832275,
      5301.445346832275,
      5301.445346832275,
      5301.445346832275,
      5301.445346832275,
      5301.445346832275,
      5301.445346832275,
      5301.445346832275,
      5301.445346832275,
      5301.445346832275,
      5301.445346832275,
      5301.445346832275,
      5301.445346832275,
      5301.445346832275,
      5301.445346832275,
      5301.445346832275,
      5301.445346832275,
      5301.445346832275,
      5301.445346832275,
      21802.265670776367,
      21201.953159332275,
      21201.953159332275,
      15.629585266113281
    ]
  }
}