{
  "model": {
    "model_name": "wideresnet_6.8B",
    "num_layers": 18,
    "parameters": {
      "total_parameters_bytes": 26872866960,
      "parameters_per_layer_bytes": [
        190720,
        87308800,
        86888960,
        86888960,
        357299200,
        347448320,
        347448320,
        347448320,
        1428940800,
        1389578240,
        1389578240,
        1389578240,
        1389578240,
        1389578240,
        5715251200,
        5557882880,
        5557882880,
        4096400
      ],
      "activation_parameters_bytes": [
        1174405120,
        6291456000,
        5620367360,
        5620367360,
        3523215360,
        2810183680,
        2810183680,
        2810183680,
        1761607680,
        1405091840,
        1405091840,
        1405091840,
        1405091840,
        1405091840,
        880803840,
        702545920,
        702545920,
        84705280
      ]
    }
  },
  "execution_time": {
    "total_time_ms": 5018.947267532349,
    "forward_backward_time_ms": 4063.991355895996,
    "batch_generator_time_ms": 155.2475929260254,
    "layernorm_grads_all_reduce_time_ms": null,
    "embedding_grads_all_reduce_time_ms": null,
    "optimizer_time_ms": 799.7083187103271,
    "layer_compute_total_ms": [
      4.722166061401367,
      203.57365608215332,
      202.2317409515381,
      198.12884330749512,
      224.87010955810547,
      233.7240695953369,
      233.6186408996582,
      232.74264335632324,
      279.98852729797363,
      250.42777061462402,
      251.271390914917,
      251.49292945861816,
      248.97379875183105,
      250.95033645629883,
      360.4328155517578,
      319.3789482116699,
      316.5499687194824,
      0.9130001068115234
    ]
  },
  "execution_memory": {
    "total_memory_mb": 167872.0,
    "layer_memory_total_mb": [
      80.7275505065918,
      653.0566864013672,
      651.4551124572754,
      651.4551124572754,
      1522.9883270263672,
      1485.4101905822754,
      1485.4101905822754,
      1485.4101905822754,
      5530.976608276367,
      5380.820346832275,
      5380.820346832275,
      5380.820346832275,
      5380.820346832275,
      5380.820346832275,
      21841.953170776367,
      21241.640659332275,
      21241.640659332275,
      16.01715850830078
    ]
  }
}