{
  "model": {
    "model_name": "wideresnet_250M",
    "num_layers": 18,
    "parameters": {
      "total_parameters_bytes": 997565200,
      "parameters_per_layer_bytes": [
        95360,
        3188480,
        3080960,
        3080960,
        14773760,
        12305920,
        12305920,
        12305920,
        59038720,
        49187840,
        49187840,
        49187840,
        49187840,
        49187840,
        236042240,
        196679680,
        196679680,
        2048400
      ],
      "activation_parameters_bytes": [
        2293760,
        5406720,
        4096000,
        4096000,
        3440640,
        2048000,
        2048000,
        2048000,
        1720320,
        1024000,
        1024000,
        1024000,
        1024000,
        1024000,
        860160,
        512000,
        512000,
        167040
      ]
    }
  },
  "execution_time": {
    "total_time_ms": 72.19371795654297,
    "forward_backward_time_ms": 40.703582763671875,
    "batch_generator_time_ms": 0.9407520294189453,
    "layernorm_grads_all_reduce_time_ms": null,
    "embedding_grads_all_reduce_time_ms": null,
    "optimizer_time_ms": 30.54938316345215,
    "layer_compute_total_ms": [
      0.29807090759277344,
      1.3893604278564453,
      1.1981964111328125,
      1.1142730712890625,
      1.4033317565917969,
      1.1011123657226562,
      1.1110782623291016,
      1.1119365692138672,
      1.5716075897216797,
      1.2467384338378906,
      1.1641502380371094,
      1.1683940887451172,
      1.1663436889648438,
      1.1761665344238281,
      3.2320022583007812,
      18.164968490600586,
      2.588939666748047,
      0.49691200256347656
    ]
  },
  "execution_memory": {
    "total_memory_mb": 4970.0,
    "layer_memory_total_mb": [
      1.9755973815917969,
      15.158737182617188,
      13.95755386352539,
      13.95755386352539,
      58.28617858886719,
      48.07132339477539,
      48.07132339477539,
      48.07132339477539,
      226.2598114013672,
      188.2519874572754,
      188.2519874572754,
      188.2519874572754,
      188.2519874572754,
      188.2519874572754,
      901.1133270263672,
      750.6836280822754,
      750.6836280822754,
      7.892158508300781
    ]
  }
}