{
  "model": {
    "model_name": "wideresnet_13B",
    "num_layers": 35,
    "parameters": {
      "total_parameters_bytes": 50495697040,
      "parameters_per_layer_bytes": [
        190720,
        87308800,
        86888960,
        86888960,
        357299200,
        347448320,
        347448320,
        347448320,
        1428940800,
        1389578240,
        1389578240,
        1389578240,
        1389578240,
        1389578240,
        1389578240,
        1389578240,
        1389578240,
        1389578240,
        1389578240,
        1389578240,
        1389578240,
        1389578240,
        1389578240,
        1389578240,
        1389578240,
        1389578240,
        1389578240,
        1389578240,
        1389578240,
        1389578240,
        1389578240,
        5715251200,
        5557882880,
        5557882880,
        4096400
      ],
      "activation_parameters_bytes": [
        587202560,
        3145728000,
        2810183680,
        2810183680,
        1761607680,
        1405091840,
        1405091840,
        1405091840,
        880803840,
        702545920,
        702545920,
        702545920,
        702545920,
        702545920,
        702545920,
        702545920,
        702545920,
        702545920,
        702545920,
        702545920,
        702545920,
        702545920,
        702545920,
        702545920,
        702545920,
        702545920,
        702545920,
        702545920,
        702545920,
        702545920,
        702545920,
        440401920,
        351272960,
        351272960,
        42352640
      ]
    }
  },
  "execution_time": {
    "total_time_ms": 6059.264874458313,
    "forward_backward_time_ms": 4470.4442501068115,
    "batch_generator_time_ms": 86.95962429046631,
    "layernorm_grads_all_reduce_time_ms": null,
    "embedding_grads_all_reduce_time_ms": null,
    "optimizer_time_ms": 1501.8610000610352,
    "layer_compute_total_ms": [
      2.4300575256347656,
      100.27079582214355,
      99.12853240966797,
      100.76780319213867,
      108.1082820892334,
      116.98904037475586,
      115.86270332336426,
      115.93294143676758,
      153.00030708312988,
      135.83612442016602,
      137.34073638916016,
      137.06183433532715,
      137.32552528381348,
      137.1201992034912,
      137.07175254821777,
      135.78405380249023,
      138.25435638427734,
      137.98322677612305,
      137.95337677001953,
      137.8326416015625,
      138.58098983764648,
      136.3724708557129,
      138.12618255615234,
      137.52164840698242,
      137.79020309448242,
      137.76893615722656,
      138.02719116210938,
      136.31834983825684,
      137.2065544128418,
      136.8424415588379,
      135.37263870239258,
      246.30484580993652,
      146.10719680786133,
      145.00951766967773,
      1.040792465209961
    ]
  },
  "execution_memory": {
    "total_memory_mb": 296136.0,
    "layer_memory_total_mb": [
      40.7275505065918,
      493.0566864013672,
      491.4551124572754,
      491.4551124572754,
      1442.9883270263672,
      1405.4101905822754,
      1405.4101905822754,
      1405.4101905822754,
      5490.976608276367,
      5340.820346832275,
      5340.820346832275,
      5340.820346832275,
      5340.820346832275,
      5340.820346832275,
      5340.820346832275,
      5340.820346832275,
      5340.820346832275,
      5340.820346832275,
      5340.820346832275,
      5340.820346832275,
      5340.820346832275,
      5340.820346832275,
      5340.820346832275,
      5340.820346832275,
      5340.820346832275,
      5340.820346832275,
      5340.820346832275,
      5340.820346832275,
      5340.820346832275,
      5340.820346832275,
      5340.820346832275,
      21821.953170776367,
      21221.640659332275,
      21221.640659332275,
      15.821846008300781
    ]
  }
}