{
  "model": {
    "model_name": "wideresnet_2B",
    "num_layers": 18,
    "parameters": {
      "total_parameters_bytes": 7807054480,
      "parameters_per_layer_bytes": [
        267008,
        24926720,
        24109568,
        24109568,
        115684352,
        96388096,
        96388096,
        96388096,
        462579712,
        385452032,
        385452032,
        385452032,
        385452032,
        385452032,
        1850003456,
        1541607424,
        1541607424,
        5734800
      ],
      "activation_parameters_bytes": [
        822083584,
        1937768448,
        1468006400,
        1468006400,
        1233125376,
        734003200,
        734003200,
        734003200,
        616562688,
        367001600,
        367001600,
        367001600,
        367001600,
        367001600,
        308281344,
        183500800,
        183500800,
        59129856
      ]
    }
  },
  "execution_time": {
    "total_time_ms": 967.9779052734375,
    "forward_backward_time_ms": 643.2195663452148,
    "batch_generator_time_ms": 91.7562484741211,
    "layernorm_grads_all_reduce_time_ms": null,
    "embedding_grads_all_reduce_time_ms": null,
    "optimizer_time_ms": 233.00209045410156,
    "layer_compute_total_ms": [
      3.383159637451172,
      37.45760917663574,
      33.78152847290039,
      34.1465950012207,
      46.94838523864746,
      30.15308380126953,
      30.56168556213379,
      30.123329162597656,
      51.6542911529541,
      36.25378608703613,
      36.20882034301758,
      36.270761489868164,
      36.26408576965332,
      36.351776123046875,
      83.53009223937988,
      39.61071968078613,
      39.60061073303223,
      0.9192466735839844
    ]
  },
  "execution_memory": {
    "total_memory_mb": 43936.8,
    "layer_memory_total_mb": [
      57.0185661315918,
      319.0879364013672,
      315.9707374572754,
      315.9707374572754,
      553.3008270263672,
      479.6914405822754,
      479.6914405822754,
      479.6914405822754,
      1820.6016082763672,
      1526.3828468322754,
      1526.3828468322754,
      1526.3828468322754,
      1526.3828468322754,
      1526.3828468322754,
      7085.203170776367,
      5908.765659332275,
      5908.765659332275,
      22.07184600830078
    ]
  }
}