{
  "model": {
    "model_name": "wideresnet_250M",
    "num_layers": 18,
    "parameters": {
      "total_parameters_bytes": 997565200,
      "parameters_per_layer_bytes": [
        95360,
        3188480,
        3080960,
        3080960,
        14773760,
        12305920,
        12305920,
        12305920,
        59038720,
        49187840,
        49187840,
        49187840,
        49187840,
        49187840,
        236042240,
        196679680,
        196679680,
        2048400
      ],
      "activation_parameters_bytes": [
        4587520,
        10813440,
        8192000,
        8192000,
        6881280,
        4096000,
        4096000,
        4096000,
        3440640,
        2048000,
        2048000,
        2048000,
        2048000,
        2048000,
        1720320,
        1024000,
        1024000,
        334080
      ]
    }
  },
  "execution_time": {
    "total_time_ms": 79.57634925842285,
    "forward_backward_time_ms": 46.9660758972168,
    "batch_generator_time_ms": 1.9378662109375,
    "layernorm_grads_all_reduce_time_ms": null,
    "embedding_grads_all_reduce_time_ms": null,
    "optimizer_time_ms": 30.672407150268555,
    "layer_compute_total_ms": [
      0.40435791015625,
      1.6067028045654297,
      1.2817859649658203,
      1.1912822723388672,
      1.561737060546875,
      1.3431549072265625,
      1.3360023498535156,
      1.3946533203125,
      1.8633842468261719,
      1.4560699462890625,
      1.3503551483154297,
      1.3835430145263672,
      1.3551712036132812,
      1.4126777648925781,
      3.358030319213867,
      20.982933044433594,
      3.150796890258789,
      0.5334377288818359
    ]
  },
  "execution_memory": {
    "total_memory_mb": 4972.0,
    "layer_memory_total_mb": [
      3.584972381591797,
      18.127487182617188,
      16.14505386352539,
      16.14505386352539,
      60.16117858886719,
      49.16507339477539,
      49.16507339477539,
      49.16507339477539,
      227.1973114013672,
      188.7988624572754,
      188.7988624572754,
      188.7988624572754,
      188.7988624572754,
      188.7988624572754,
      901.5820770263672,
      750.9570655822754,
      750.9570655822754,
      7.970283508300781
    ]
  }
}