{
  "model": {
    "model_name": "wideresnet_6.8B",
    "num_layers": 18,
    "parameters": {
      "total_parameters_bytes": 26872866960,
      "parameters_per_layer_bytes": [
        190720,
        87308800,
        86888960,
        86888960,
        357299200,
        347448320,
        347448320,
        347448320,
        1428940800,
        1389578240,
        1389578240,
        1389578240,
        1389578240,
        1389578240,
        5715251200,
        5557882880,
        5557882880,
        4096400
      ],
      "activation_parameters_bytes": [
        293601280,
        1572864000,
        1405091840,
        1405091840,
        880803840,
        702545920,
        702545920,
        702545920,
        440401920,
        351272960,
        351272960,
        351272960,
        351272960,
        351272960,
        220200960,
        175636480,
        175636480,
        21176320
      ]
    }
  },
  "execution_time": {
    "total_time_ms": 3000.494384765625,
    "forward_backward_time_ms": 2160.688304901123,
    "batch_generator_time_ms": 41.16835594177246,
    "layernorm_grads_all_reduce_time_ms": null,
    "embedding_grads_all_reduce_time_ms": null,
    "optimizer_time_ms": 798.6377239227295,
    "layer_compute_total_ms": [
      1.3062477111816406,
      65.82818031311035,
      64.47086334228516,
      64.42317962646484,
      55.142927169799805,
      61.432552337646484,
      61.3337516784668,
      60.906314849853516,
      221.57907485961914,
      217.34380722045898,
      217.31634140014648,
      214.55979347229004,
      218.19772720336914,
      216.5419578552246,
      233.87365341186523,
      93.05925369262695,
      92.65494346618652,
      0.7177352905273438
    ]
  },
  "execution_memory": {
    "total_memory_mb": 135300.0,
    "layer_memory_total_mb": [
      20.727550506591797,
      413.0566864013672,
      411.4551124572754,
      411.4551124572754,
      1402.9883270263672,
      1365.4101905822754,
      1365.4101905822754,
      1365.4101905822754,
      5470.976608276367,
      5320.820346832275,
      5320.820346832275,
      5320.820346832275,
      5320.820346832275,
      5320.820346832275,
      21811.953170776367,
      21211.640659332275,
      21211.640659332275,
      15.724189758300781
    ]
  }
}