{
  "model": {
    "model_name": "llama2_1B",
    "num_layers": 18,
    "parameters": {
      "total_parameters_bytes": 4223967232.0,
      "parameters_per_layer_bytes": [
        262144000,
        205537280.0,
        205537280.0,
        205537280.0,
        205537280.0,
        205537280.0,
        205537280.0,
        205537280.0,
        205537280.0,
        205537280.0,
        205537280.0,
        205537280.0,
        205537280.0,
        205537280.0,
        205537280.0,
        205537280.0,
        205537280.0,
        205537280.0,
        205537280.0,
        8192,
        262144000
      ],
      "activation_parameters_bytes": [
        536870912,
        8321499136.0,
        8321499136.0,
        8321499136.0,
        8321499136.0,
        8321499136.0,
        8321499136.0,
        8321499136.0,
        8321499136.0,
        8321499136.0,
        8321499136.0,
        8321499136.0,
        8321499136.0,
        8321499136.0,
        8321499136.0,
        8321499136.0,
        8321499136.0,
        8321499136.0,
        8321499136.0,
        536870912,
        8388608000
      ]
    }
  },
  "execution_time": {
    "total_time_ms": 2054.0685831180913,
    "forward_backward_time_ms": 2000.6339142246727,
    "batch_generator_time_ms": 38.99032806473273,
    "layernorm_grads_all_reduce_time_ms": null,
    "embedding_grads_all_reduce_time_ms": null,
    "optimizer_time_ms": 9.397262478067924,
    "layer_compute_total_ms": [
      11.466989677415704,
      106.57134172030278,
      106.57134172030278,
      106.57134172030278,
      106.57134172030278,
      106.57134172030278,
      106.57134172030278,
      106.57134172030278,
      106.57134172030278,
      106.57134172030278,
      106.57134172030278,
      106.57134172030278,
      106.57134172030278,
      106.57134172030278,
      106.57134172030278,
      106.57134172030278,
      106.57134172030278,
      106.57134172030278,
      106.57134172030278,
      0.9557109367290171,
      35.0312434503224
    ]
  },
  "execution_memory": {
    "total_memory_mb": 48272.2506942749,
    "layer_memory_total_mb": [
      344.25000381469727,
      2338.8750495910645,
      2338.8750495910645,
      2338.8750495910645,
      2338.8750495910645,
      2338.8750495910645,
      2338.8750495910645,
      2338.8750495910645,
      2338.8750495910645,
      2338.8750495910645,
      2338.8750495910645,
      2338.8750495910645,
      2338.8750495910645,
      2338.8750495910645,
      2338.8750495910645,
      2338.8750495910645,
      2338.8750495910645,
      2338.8750495910645,
      2338.8750495910645,
      128.06250381469727,
      637.0000038146973
    ]
  }
}