{
  "model": {
    "model_name": "llama2_1B",
    "num_layers": 18,
    "parameters": {
      "total_parameters_bytes": 4223967232.0,
      "parameters_per_layer_bytes": [
        262144000,
        205537280.0,
        205537280.0,
        205537280.0,
        205537280.0,
        205537280.0,
        205537280.0,
        205537280.0,
        205537280.0,
        205537280.0,
        205537280.0,
        205537280.0,
        205537280.0,
        205537280.0,
        205537280.0,
        205537280.0,
        205537280.0,
        205537280.0,
        205537280.0,
        8192,
        262144000
      ],
      "activation_parameters_bytes": [
        16777216,
        260046848.0,
        260046848.0,
        260046848.0,
        260046848.0,
        260046848.0,
        260046848.0,
        260046848.0,
        260046848.0,
        260046848.0,
        260046848.0,
        260046848.0,
        260046848.0,
        260046848.0,
        260046848.0,
        260046848.0,
        260046848.0,
        260046848.0,
        260046848.0,
        16777216,
        262144000
      ]
    }
  },
  "execution_time": {
    "total_time_ms": 114.85175314277043,
    "forward_backward_time_ms": 96.4167203221404,
    "batch_generator_time_ms": 1.3846655163540715,
    "layernorm_grads_all_reduce_time_ms": null,
    "embedding_grads_all_reduce_time_ms": null,
    "optimizer_time_ms": 12.273145864594104,
    "layer_compute_total_ms": [
      0.37678307678826056,
      4.987432348811977,
      4.987432348811977,
      4.987432348811977,
      4.987432348811977,
      4.987432348811977,
      4.987432348811977,
      4.987432348811977,
      4.987432348811977,
      4.987432348811977,
      4.987432348811977,
      4.987432348811977,
      4.987432348811977,
      4.987432348811977,
      4.987432348811977,
      4.987432348811977,
      4.987432348811977,
      4.987432348811977,
      4.987432348811977,
      0.7301510564720027,
      2.1901281911999666
    ]
  },
  "execution_memory": {
    "total_memory_mb": 6226.867881774902,
    "layer_memory_total_mb": [
      437.51562881469727,
      304.34770584106445,
      304.34770584106445,
      304.34770584106445,
      304.34770584106445,
      304.34770584106445,
      304.34770584106445,
      304.34770584106445,
      304.34770584106445,
      304.34770584106445,
      304.34770584106445,
      304.34770584106445,
      304.34770584106445,
      304.34770584106445,
      304.34770584106445,
      304.34770584106445,
      304.34770584106445,
      304.34770584106445,
      304.34770584106445,
      8.033206939697266,
      266.00000381469727
    ]
  }
}