{
  "model": {
    "model_name": "llama2_1B",
    "num_layers": 18,
    "parameters": {
      "total_parameters_bytes": 4223967232.0,
      "parameters_per_layer_bytes": [
        262144000,
        205537280.0,
        205537280.0,
        205537280.0,
        205537280.0,
        205537280.0,
        205537280.0,
        205537280.0,
        205537280.0,
        205537280.0,
        205537280.0,
        205537280.0,
        205537280.0,
        205537280.0,
        205537280.0,
        205537280.0,
        205537280.0,
        205537280.0,
        205537280.0,
        8192,
        262144000
      ],
      "activation_parameters_bytes": [
        67108864,
        1040187392.0,
        1040187392.0,
        1040187392.0,
        1040187392.0,
        1040187392.0,
        1040187392.0,
        1040187392.0,
        1040187392.0,
        1040187392.0,
        1040187392.0,
        1040187392.0,
        1040187392.0,
        1040187392.0,
        1040187392.0,
        1040187392.0,
        1040187392.0,
        1040187392.0,
        1040187392.0,
        67108864,
        1048576000
      ]
    }
  },
  "execution_time": {
    "total_time_ms": 315.6651633698658,
    "forward_backward_time_ms": 290.98409473727213,
    "batch_generator_time_ms": 5.649046332798334,
    "layernorm_grads_all_reduce_time_ms": null,
    "embedding_grads_all_reduce_time_ms": null,
    "optimizer_time_ms": 12.352395048957014,
    "layer_compute_total_ms": [
      0.9110889278341073,
      15.265576716975453,
      15.265576716975453,
      15.265576716975453,
      15.265576716975453,
      15.265576716975453,
      15.265576716975453,
      15.265576716975453,
      15.265576716975453,
      15.265576716975453,
      15.265576716975453,
      15.265576716975453,
      15.265576716975453,
      15.265576716975453,
      15.265576716975453,
      15.265576716975453,
      15.265576716975453,
      15.265576716975453,
      15.265576716975453,
      0.7362173165047746,
      8.345915556104023
    ]
  },
  "execution_memory": {
    "total_memory_mb": 13086.344444274902,
    "layer_memory_total_mb": [
      437.56250381469727,
      628.4531745910645,
      628.4531745910645,
      628.4531745910645,
      628.4531745910645,
      628.4531745910645,
      628.4531745910645,
      628.4531745910645,
      628.4531745910645,
      628.4531745910645,
      628.4531745910645,
      628.4531745910645,
      628.4531745910645,
      628.4531745910645,
      628.4531745910645,
      628.4531745910645,
      628.4531745910645,
      628.4531745910645,
      628.4531745910645,
      32.039066314697266,
      314.00000381469727
    ]
  }
}