{
  "model": {
    "model_name": "llama2_1B",
    "num_layers": 18,
    "parameters": {
      "total_parameters_bytes": 4223967232.0,
      "parameters_per_layer_bytes": [
        262144000,
        205537280.0,
        205537280.0,
        205537280.0,
        205537280.0,
        205537280.0,
        205537280.0,
        205537280.0,
        205537280.0,
        205537280.0,
        205537280.0,
        205537280.0,
        205537280.0,
        205537280.0,
        205537280.0,
        205537280.0,
        205537280.0,
        205537280.0,
        205537280.0,
        8192,
        262144000
      ],
      "activation_parameters_bytes": [
        33554432,
        520093696.0,
        520093696.0,
        520093696.0,
        520093696.0,
        520093696.0,
        520093696.0,
        520093696.0,
        520093696.0,
        520093696.0,
        520093696.0,
        520093696.0,
        520093696.0,
        520093696.0,
        520093696.0,
        520093696.0,
        520093696.0,
        520093696.0,
        520093696.0,
        33554432,
        524288000
      ]
    }
  },
  "execution_time": {
    "total_time_ms": 256.22793652973024,
    "forward_backward_time_ms": 227.76954880505082,
    "batch_generator_time_ms": 2.757906798498073,
    "layernorm_grads_all_reduce_time_ms": null,
    "embedding_grads_all_reduce_time_ms": null,
    "optimizer_time_ms": 20.405119218508002,
    "layer_compute_total_ms": [
      0.4478616455788451,
      11.873749911440084,
      11.873749911440084,
      11.873749911440084,
      11.873749911440084,
      11.873749911440084,
      11.873749911440084,
      11.873749911440084,
      11.873749911440084,
      11.873749911440084,
      11.873749911440084,
      11.873749911440084,
      11.873749911440084,
      11.873749911440084,
      11.873749911440084,
      11.873749911440084,
      11.873749911440084,
      11.873749911440084,
      11.873749911440084,
      0.7473082397240323,
      8.371663830144223
    ]
  },
  "execution_memory": {
    "total_memory_mb": 15330.344444274902,
    "layer_memory_total_mb": [
      625.0312538146973,
      760.4531745910645,
      760.4531745910645,
      760.4531745910645,
      760.4531745910645,
      760.4531745910645,
      760.4531745910645,
      760.4531745910645,
      760.4531745910645,
      760.4531745910645,
      760.4531745910645,
      760.4531745910645,
      760.4531745910645,
      760.4531745910645,
      760.4531745910645,
      760.4531745910645,
      760.4531745910645,
      760.4531745910645,
      760.4531745910645,
      32.039066314697266,
      532.0000038146973
    ]
  }
}