{
  "model": {
    "model_name": "llama2_1B",
    "num_layers": 18,
    "parameters": {
      "total_parameters_bytes": 4223967232.0,
      "parameters_per_layer_bytes": [
        262144000,
        205537280.0,
        205537280.0,
        205537280.0,
        205537280.0,
        205537280.0,
        205537280.0,
        205537280.0,
        205537280.0,
        205537280.0,
        205537280.0,
        205537280.0,
        205537280.0,
        205537280.0,
        205537280.0,
        205537280.0,
        205537280.0,
        205537280.0,
        205537280.0,
        8192,
        262144000
      ],
      "activation_parameters_bytes": [
        268435456,
        4160749568.0,
        4160749568.0,
        4160749568.0,
        4160749568.0,
        4160749568.0,
        4160749568.0,
        4160749568.0,
        4160749568.0,
        4160749568.0,
        4160749568.0,
        4160749568.0,
        4160749568.0,
        4160749568.0,
        4160749568.0,
        4160749568.0,
        4160749568.0,
        4160749568.0,
        4160749568.0,
        268435456,
        4194304000
      ]
    }
  },
  "execution_time": {
    "total_time_ms": 1975.210834606737,
    "forward_backward_time_ms": 1902.147646690284,
    "batch_generator_time_ms": 38.57263326203899,
    "layernorm_grads_all_reduce_time_ms": null,
    "embedding_grads_all_reduce_time_ms": null,
    "optimizer_time_ms": 21.46920924349915,
    "layer_compute_total_ms": [
      19.270971097666703,
      100.76406274443828,
      100.76406274443828,
      100.76406274443828,
      100.76406274443828,
      100.76406274443828,
      100.76406274443828,
      100.76406274443828,
      100.76406274443828,
      100.76406274443828,
      100.76406274443828,
      100.76406274443828,
      100.76406274443828,
      100.76406274443828,
      100.76406274443828,
      100.76406274443828,
      100.76406274443828,
      100.76406274443828,
      100.76406274443828,
      1.5066609416650967,
      31.8030675727833
    ]
  },
  "execution_memory": {
    "total_memory_mb": 24918.313194274902,
    "layer_memory_total_mb": [
      344.00000381469727,
      1218.5937995910645,
      1218.5937995910645,
      1218.5937995910645,
      1218.5937995910645,
      1218.5937995910645,
      1218.5937995910645,
      1218.5937995910645,
      1218.5937995910645,
      1218.5937995910645,
      1218.5937995910645,
      1218.5937995910645,
      1218.5937995910645,
      1218.5937995910645,
      1218.5937995910645,
      1218.5937995910645,
      1218.5937995910645,
      1218.5937995910645,
      1218.5937995910645,
      64.04687881469727,
      381.00000381469727
    ]
  }
}