{
  "model": {
    "model_name": "llama2_1B",
    "num_layers": 18,
    "parameters": {
      "total_parameters_bytes": 4223967232.0,
      "parameters_per_layer_bytes": [
        262144000,
        205537280.0,
        205537280.0,
        205537280.0,
        205537280.0,
        205537280.0,
        205537280.0,
        205537280.0,
        205537280.0,
        205537280.0,
        205537280.0,
        205537280.0,
        205537280.0,
        205537280.0,
        205537280.0,
        205537280.0,
        205537280.0,
        205537280.0,
        205537280.0,
        8192,
        262144000
      ],
      "activation_parameters_bytes": [
        536870912,
        8321499136.0,
        8321499136.0,
        8321499136.0,
        8321499136.0,
        8321499136.0,
        8321499136.0,
        8321499136.0,
        8321499136.0,
        8321499136.0,
        8321499136.0,
        8321499136.0,
        8321499136.0,
        8321499136.0,
        8321499136.0,
        8321499136.0,
        8321499136.0,
        8321499136.0,
        8321499136.0,
        536870912,
        8388608000
      ]
    }
  },
  "execution_time": {
    "total_time_ms": 2230.2632951213936,
    "forward_backward_time_ms": 2183.2967949558492,
    "batch_generator_time_ms": 31.559634492748877,
    "layernorm_grads_all_reduce_time_ms": null,
    "embedding_grads_all_reduce_time_ms": null,
    "optimizer_time_ms": 11.170882952767991,
    "layer_compute_total_ms": [
      6.260547009316159,
      115.24790177929196,
      115.24790177929196,
      115.24790177929196,
      115.24790177929196,
      115.24790177929196,
      115.24790177929196,
      115.24790177929196,
      115.24790177929196,
      115.24790177929196,
      115.24790177929196,
      115.24790177929196,
      115.24790177929196,
      115.24790177929196,
      115.24790177929196,
      115.24790177929196,
      115.24790177929196,
      115.24790177929196,
      115.24790177929196,
      1.514390153977966,
      69.82978583240963
    ]
  },
  "execution_memory": {
    "total_memory_mb": 77050.1256942749,
    "layer_memory_total_mb": [
      438.00000381469727,
      3653.4375495910645,
      3653.4375495910645,
      3653.4375495910645,
      3653.4375495910645,
      3653.4375495910645,
      3653.4375495910645,
      3653.4375495910645,
      3653.4375495910645,
      3653.4375495910645,
      3653.4375495910645,
      3653.4375495910645,
      3653.4375495910645,
      3653.4375495910645,
      3653.4375495910645,
      3653.4375495910645,
      3653.4375495910645,
      3653.4375495910645,
      3653.4375495910645,
      256.09375381469727,
      762.0000038146973
    ]
  }
}