{
  "model": {
    "model_name": "llama2_1B",
    "num_layers": 18,
    "parameters": {
      "total_parameters_bytes": 4223967232.0,
      "parameters_per_layer_bytes": [
        262144000,
        205537280.0,
        205537280.0,
        205537280.0,
        205537280.0,
        205537280.0,
        205537280.0,
        205537280.0,
        205537280.0,
        205537280.0,
        205537280.0,
        205537280.0,
        205537280.0,
        205537280.0,
        205537280.0,
        205537280.0,
        205537280.0,
        205537280.0,
        205537280.0,
        8192,
        262144000
      ],
      "activation_parameters_bytes": [
        16777216,
        260046848.0,
        260046848.0,
        260046848.0,
        260046848.0,
        260046848.0,
        260046848.0,
        260046848.0,
        260046848.0,
        260046848.0,
        260046848.0,
        260046848.0,
        260046848.0,
        260046848.0,
        260046848.0,
        260046848.0,
        260046848.0,
        260046848.0,
        260046848.0,
        16777216,
        262144000
      ]
    }
  },
  "execution_time": {
    "total_time_ms": 596.386125385608,
    "forward_backward_time_ms": 515.7957587923322,
    "batch_generator_time_ms": 6.497553416660854,
    "layernorm_grads_all_reduce_time_ms": null,
    "embedding_grads_all_reduce_time_ms": null,
    "optimizer_time_ms": 47.559618225966105,
    "layer_compute_total_ms": [
      3.1748499189104353,
      26.758049215589253,
      26.758049215589253,
      26.758049215589253,
      26.758049215589253,
      26.758049215589253,
      26.758049215589253,
      26.758049215589253,
      26.758049215589253,
      26.758049215589253,
      26.758049215589253,
      26.758049215589253,
      26.758049215589253,
      26.758049215589253,
      26.758049215589253,
      26.758049215589253,
      26.758049215589253,
      26.758049215589253,
      26.758049215589253,
      2.9853412083217075,
      6.546906062534878
    ]
  },
  "execution_memory": {
    "total_memory_mb": 29540.97430419922,
    "layer_memory_total_mb": [
      2750.125030517578,
      1346.6410217285156,
      1346.6410217285156,
      1346.6410217285156,
      1346.6410217285156,
      1346.6410217285156,
      1346.6410217285156,
      1346.6410217285156,
      1346.6410217285156,
      1346.6410217285156,
      1346.6410217285156,
      1346.6410217285156,
      1346.6410217285156,
      1346.6410217285156,
      1346.6410217285156,
      1346.6410217285156,
      1346.6410217285156,
      1346.6410217285156,
      1346.6410217285156,
      32.257843017578125,
      1128.0000305175781
    ]
  }
}