{
  "model": {
    "model_name": "llama2_1B",
    "num_layers": 18,
    "parameters": {
      "total_parameters_bytes": 4223967232.0,
      "parameters_per_layer_bytes": [
        262144000,
        205537280.0,
        205537280.0,
        205537280.0,
        205537280.0,
        205537280.0,
        205537280.0,
        205537280.0,
        205537280.0,
        205537280.0,
        205537280.0,
        205537280.0,
        205537280.0,
        205537280.0,
        205537280.0,
        205537280.0,
        205537280.0,
        205537280.0,
        205537280.0,
        8192,
        262144000
      ],
      "activation_parameters_bytes": [
        134217728,
        2080374784.0,
        2080374784.0,
        2080374784.0,
        2080374784.0,
        2080374784.0,
        2080374784.0,
        2080374784.0,
        2080374784.0,
        2080374784.0,
        2080374784.0,
        2080374784.0,
        2080374784.0,
        2080374784.0,
        2080374784.0,
        2080374784.0,
        2080374784.0,
        2080374784.0,
        2080374784.0,
        134217728,
        2097152000
      ]
    }
  },
  "execution_time": {
    "total_time_ms": 1015.896987010289,
    "forward_backward_time_ms": 968.1864357430084,
    "batch_generator_time_ms": 20.881701798821716,
    "layernorm_grads_all_reduce_time_ms": null,
    "embedding_grads_all_reduce_time_ms": null,
    "optimizer_time_ms": 17.417682284732454,
    "layer_compute_total_ms": [
      5.81504521352315,
      51.021708986657536,
      51.021708986657536,
      51.021708986657536,
      51.021708986657536,
      51.021708986657536,
      51.021708986657536,
      51.021708986657536,
      51.021708986657536,
      51.021708986657536,
      51.021708986657536,
      51.021708986657536,
      51.021708986657536,
      51.021708986657536,
      51.021708986657536,
      51.021708986657536,
      51.021708986657536,
      51.021708986657536,
      51.021708986657536,
      1.3857834207467523,
      20.44748295189119
    ]
  },
  "execution_memory": {
    "total_memory_mb": 13490.344444274902,
    "layer_memory_total_mb": [
      343.87500381469727,
      658.4531745910645,
      658.4531745910645,
      658.4531745910645,
      658.4531745910645,
      658.4531745910645,
      658.4531745910645,
      658.4531745910645,
      658.4531745910645,
      658.4531745910645,
      658.4531745910645,
      658.4531745910645,
      658.4531745910645,
      658.4531745910645,
      658.4531745910645,
      658.4531745910645,
      658.4531745910645,
      658.4531745910645,
      658.4531745910645,
      32.039066314697266,
      253.00000381469727
    ]
  }
}