{
  "model": {
    "model_name": "llama2_1B",
    "num_layers": 18,
    "parameters": {
      "total_parameters_bytes": 4223967232.0,
      "parameters_per_layer_bytes": [
        262144000,
        205537280.0,
        205537280.0,
        205537280.0,
        205537280.0,
        205537280.0,
        205537280.0,
        205537280.0,
        205537280.0,
        205537280.0,
        205537280.0,
        205537280.0,
        205537280.0,
        205537280.0,
        205537280.0,
        205537280.0,
        205537280.0,
        205537280.0,
        205537280.0,
        8192,
        262144000
      ],
      "activation_parameters_bytes": [
        268435456,
        4160749568.0,
        4160749568.0,
        4160749568.0,
        4160749568.0,
        4160749568.0,
        4160749568.0,
        4160749568.0,
        4160749568.0,
        4160749568.0,
        4160749568.0,
        4160749568.0,
        4160749568.0,
        4160749568.0,
        4160749568.0,
        4160749568.0,
        4160749568.0,
        4160749568.0,
        4160749568.0,
        268435456,
        4194304000
      ]
    }
  },
  "execution_time": {
    "total_time_ms": 3244.065976526291,
    "forward_backward_time_ms": 3157.869763662167,
    "batch_generator_time_ms": 37.6674040230493,
    "layernorm_grads_all_reduce_time_ms": null,
    "embedding_grads_all_reduce_time_ms": null,
    "optimizer_time_ms": 38.44451361031934,
    "layer_compute_total_ms": [
      4.9727703961980065,
      165.54228375279615,
      165.54228375279615,
      165.54228375279615,
      165.54228375279615,
      165.54228375279615,
      165.54228375279615,
      165.54228375279615,
      165.54228375279615,
      165.54228375279615,
      165.54228375279615,
      165.54228375279615,
      165.54228375279615,
      165.54228375279615,
      165.54228375279615,
      165.54228375279615,
      165.54228375279615,
      165.54228375279615,
      165.54228375279615,
      2.8842999092594424,
      131.6743771855223
    ]
  },
  "execution_memory": {
    "total_memory_mb": 70338.1256942749,
    "layer_memory_total_mb": [
      625.2500038146973,
      3337.4375495910645,
      3337.4375495910645,
      3337.4375495910645,
      3337.4375495910645,
      3337.4375495910645,
      3337.4375495910645,
      3337.4375495910645,
      3337.4375495910645,
      3337.4375495910645,
      3337.4375495910645,
      3337.4375495910645,
      3337.4375495910645,
      3337.4375495910645,
      3337.4375495910645,
      3337.4375495910645,
      3337.4375495910645,
      3337.4375495910645,
      3337.4375495910645,
      256.09375381469727,
      756.0000038146973
    ]
  }
}