{
  "model": {
    "model_name": "llama2_1B",
    "num_layers": 18,
    "parameters": {
      "total_parameters_bytes": 4223967232.0,
      "parameters_per_layer_bytes": [
        262144000,
        205537280.0,
        205537280.0,
        205537280.0,
        205537280.0,
        205537280.0,
        205537280.0,
        205537280.0,
        205537280.0,
        205537280.0,
        205537280.0,
        205537280.0,
        205537280.0,
        205537280.0,
        205537280.0,
        205537280.0,
        205537280.0,
        205537280.0,
        205537280.0,
        8192,
        262144000
      ],
      "activation_parameters_bytes": [
        268435456,
        4160749568.0,
        4160749568.0,
        4160749568.0,
        4160749568.0,
        4160749568.0,
        4160749568.0,
        4160749568.0,
        4160749568.0,
        4160749568.0,
        4160749568.0,
        4160749568.0,
        4160749568.0,
        4160749568.0,
        4160749568.0,
        4160749568.0,
        4160749568.0,
        4160749568.0,
        4160749568.0,
        268435456,
        4194304000
      ]
    }
  },
  "execution_time": {
    "total_time_ms": 1138.4013380610254,
    "forward_backward_time_ms": 1101.8655938482245,
    "batch_generator_time_ms": 18.93332252709209,
    "layernorm_grads_all_reduce_time_ms": null,
    "embedding_grads_all_reduce_time_ms": null,
    "optimizer_time_ms": 12.264912803247492,
    "layer_compute_total_ms": [
      4.6941353424472645,
      57.99603948944803,
      57.99603948944803,
      57.99603948944803,
      57.99603948944803,
      57.99603948944803,
      57.99603948944803,
      57.99603948944803,
      57.99603948944803,
      57.99603948944803,
      57.99603948944803,
      57.99603948944803,
      57.99603948944803,
      57.99603948944803,
      57.99603948944803,
      57.99603948944803,
      57.99603948944803,
      57.99603948944803,
      57.99603948944803,
      1.1543476217032205,
      35.18509980368106
    ]
  },
  "execution_memory": {
    "total_memory_mb": 41070.2506942749,
    "layer_memory_total_mb": [
      437.75000381469727,
      1924.8750495910645,
      1924.8750495910645,
      1924.8750495910645,
      1924.8750495910645,
      1924.8750495910645,
      1924.8750495910645,
      1924.8750495910645,
      1924.8750495910645,
      1924.8750495910645,
      1924.8750495910645,
      1924.8750495910645,
      1924.8750495910645,
      1924.8750495910645,
      1924.8750495910645,
      1924.8750495910645,
      1924.8750495910645,
      1924.8750495910645,
      1924.8750495910645,
      128.06250381469727,
      506.00000381469727
    ]
  }
}