{
  "model": {
    "model_name": "llama2_1B",
    "num_layers": 18,
    "parameters": {
      "total_parameters_bytes": 4223967232.0,
      "parameters_per_layer_bytes": [
        262144000,
        205537280.0,
        205537280.0,
        205537280.0,
        205537280.0,
        205537280.0,
        205537280.0,
        205537280.0,
        205537280.0,
        205537280.0,
        205537280.0,
        205537280.0,
        205537280.0,
        205537280.0,
        205537280.0,
        205537280.0,
        205537280.0,
        205537280.0,
        205537280.0,
        8192,
        262144000
      ],
      "activation_parameters_bytes": [
        16777216,
        260046848.0,
        260046848.0,
        260046848.0,
        260046848.0,
        260046848.0,
        260046848.0,
        260046848.0,
        260046848.0,
        260046848.0,
        260046848.0,
        260046848.0,
        260046848.0,
        260046848.0,
        260046848.0,
        260046848.0,
        260046848.0,
        260046848.0,
        260046848.0,
        16777216,
        262144000
      ]
    }
  },
  "execution_time": {
    "total_time_ms": 425.8571444036211,
    "forward_backward_time_ms": 348.63304965305514,
    "batch_generator_time_ms": 3.849071704403892,
    "layernorm_grads_all_reduce_time_ms": null,
    "embedding_grads_all_reduce_time_ms": null,
    "optimizer_time_ms": 68.2544732770307,
    "layer_compute_total_ms": [
      0.08274953077435564,
      18.154096136892168,
      18.154096136892168,
      18.154096136892168,
      18.154096136892168,
      18.154096136892168,
      18.154096136892168,
      18.154096136892168,
      18.154096136892168,
      18.154096136892168,
      18.154096136892168,
      18.154096136892168,
      18.154096136892168,
      18.154096136892168,
      18.154096136892168,
      18.154096136892168,
      18.154096136892168,
      18.154096136892168,
      18.154096136892168,
      0.4344861359336013,
      16.75321874891316
    ]
  },
  "execution_memory": {
    "total_memory_mb": 22394.344444274902,
    "layer_memory_total_mb": [
      1000.0156288146973,
      1120.4531745910645,
      1120.4531745910645,
      1120.4531745910645,
      1120.4531745910645,
      1120.4531745910645,
      1120.4531745910645,
      1120.4531745910645,
      1120.4531745910645,
      1120.4531745910645,
      1120.4531745910645,
      1120.4531745910645,
      1120.4531745910645,
      1120.4531745910645,
      1120.4531745910645,
      1120.4531745910645,
      1120.4531745910645,
      1120.4531745910645,
      1120.4531745910645,
      32.039066314697266,
      1016.0000038146973
    ]
  }
}