{
  "model": {
    "model_name": "llama2_1B",
    "num_layers": 18,
    "parameters": {
      "total_parameters_bytes": 4223967232.0,
      "parameters_per_layer_bytes": [
        262144000,
        205537280.0,
        205537280.0,
        205537280.0,
        205537280.0,
        205537280.0,
        205537280.0,
        205537280.0,
        205537280.0,
        205537280.0,
        205537280.0,
        205537280.0,
        205537280.0,
        205537280.0,
        205537280.0,
        205537280.0,
        205537280.0,
        205537280.0,
        205537280.0,
        8192,
        262144000
      ],
      "activation_parameters_bytes": [
        134217728,
        2080374784.0,
        2080374784.0,
        2080374784.0,
        2080374784.0,
        2080374784.0,
        2080374784.0,
        2080374784.0,
        2080374784.0,
        2080374784.0,
        2080374784.0,
        2080374784.0,
        2080374784.0,
        2080374784.0,
        2080374784.0,
        2080374784.0,
        2080374784.0,
        2080374784.0,
        2080374784.0,
        134217728,
        2097152000
      ]
    }
  },
  "execution_time": {
    "total_time_ms": 538.402596628322,
    "forward_backward_time_ms": 513.117075539743,
    "batch_generator_time_ms": 11.066833167396773,
    "layernorm_grads_all_reduce_time_ms": null,
    "embedding_grads_all_reduce_time_ms": null,
    "optimizer_time_ms": 9.230980590802854,
    "layer_compute_total_ms": [
      3.081843417693147,
      27.04036034566248,
      27.04036034566248,
      27.04036034566248,
      27.04036034566248,
      27.04036034566248,
      27.04036034566248,
      27.04036034566248,
      27.04036034566248,
      27.04036034566248,
      27.04036034566248,
      27.04036034566248,
      27.04036034566248,
      27.04036034566248,
      27.04036034566248,
      27.04036034566248,
      27.04036034566248,
      27.04036034566248,
      27.04036034566248,
      0.7344341027039323,
      10.836706926565641
    ]
  },
  "execution_memory": {
    "total_memory_mb": 13490.344444274902,
    "layer_memory_total_mb": [
      343.87500381469727,
      658.4531745910645,
      658.4531745910645,
      658.4531745910645,
      658.4531745910645,
      658.4531745910645,
      658.4531745910645,
      658.4531745910645,
      658.4531745910645,
      658.4531745910645,
      658.4531745910645,
      658.4531745910645,
      658.4531745910645,
      658.4531745910645,
      658.4531745910645,
      658.4531745910645,
      658.4531745910645,
      658.4531745910645,
      658.4531745910645,
      32.039066314697266,
      253.00000381469727
    ]
  }
}