{
  "model": {
    "model_name": "llama2_1B",
    "num_layers": 18,
    "parameters": {
      "total_parameters_bytes": 4223967232.0,
      "parameters_per_layer_bytes": [
        262144000,
        205537280.0,
        205537280.0,
        205537280.0,
        205537280.0,
        205537280.0,
        205537280.0,
        205537280.0,
        205537280.0,
        205537280.0,
        205537280.0,
        205537280.0,
        205537280.0,
        205537280.0,
        205537280.0,
        205537280.0,
        205537280.0,
        205537280.0,
        205537280.0,
        8192,
        262144000
      ],
      "activation_parameters_bytes": [
        268435456,
        4160749568.0,
        4160749568.0,
        4160749568.0,
        4160749568.0,
        4160749568.0,
        4160749568.0,
        4160749568.0,
        4160749568.0,
        4160749568.0,
        4160749568.0,
        4160749568.0,
        4160749568.0,
        4160749568.0,
        4160749568.0,
        4160749568.0,
        4160749568.0,
        4160749568.0,
        4160749568.0,
        268435456,
        4194304000
      ]
    }
  },
  "execution_time": {
    "total_time_ms": 2148.0180381504515,
    "forward_backward_time_ms": 2079.0797516406897,
    "batch_generator_time_ms": 35.72476327160991,
    "layernorm_grads_all_reduce_time_ms": null,
    "embedding_grads_all_reduce_time_ms": null,
    "optimizer_time_ms": 23.142325168547686,
    "layer_compute_total_ms": [
      8.857234309185039,
      109.43112485865875,
      109.43112485865875,
      109.43112485865875,
      109.43112485865875,
      109.43112485865875,
      109.43112485865875,
      109.43112485865875,
      109.43112485865875,
      109.43112485865875,
      109.43112485865875,
      109.43112485865875,
      109.43112485865875,
      109.43112485865875,
      109.43112485865875,
      109.43112485865875,
      109.43112485865875,
      109.43112485865875,
      109.43112485865875,
      2.1781066402626377,
      66.38979288372846
    ]
  },
  "execution_memory": {
    "total_memory_mb": 41070.2506942749,
    "layer_memory_total_mb": [
      437.75000381469727,
      1924.8750495910645,
      1924.8750495910645,
      1924.8750495910645,
      1924.8750495910645,
      1924.8750495910645,
      1924.8750495910645,
      1924.8750495910645,
      1924.8750495910645,
      1924.8750495910645,
      1924.8750495910645,
      1924.8750495910645,
      1924.8750495910645,
      1924.8750495910645,
      1924.8750495910645,
      1924.8750495910645,
      1924.8750495910645,
      1924.8750495910645,
      1924.8750495910645,
      128.06250381469727,
      506.00000381469727
    ]
  }
}