{
  "model": {
    "model_name": "llama2_1B",
    "num_layers": 18,
    "parameters": {
      "total_parameters_bytes": 4223967232.0,
      "parameters_per_layer_bytes": [
        262144000,
        205537280.0,
        205537280.0,
        205537280.0,
        205537280.0,
        205537280.0,
        205537280.0,
        205537280.0,
        205537280.0,
        205537280.0,
        205537280.0,
        205537280.0,
        205537280.0,
        205537280.0,
        205537280.0,
        205537280.0,
        205537280.0,
        205537280.0,
        205537280.0,
        8192,
        262144000
      ],
      "activation_parameters_bytes": [
        268435456,
        4160749568.0,
        4160749568.0,
        4160749568.0,
        4160749568.0,
        4160749568.0,
        4160749568.0,
        4160749568.0,
        4160749568.0,
        4160749568.0,
        4160749568.0,
        4160749568.0,
        4160749568.0,
        4160749568.0,
        4160749568.0,
        4160749568.0,
        4160749568.0,
        4160749568.0,
        4160749568.0,
        268435456,
        4194304000
      ]
    }
  },
  "execution_time": {
    "total_time_ms": 1046.8173996364965,
    "forward_backward_time_ms": 1008.0955502805608,
    "batch_generator_time_ms": 20.442629688460176,
    "layernorm_grads_all_reduce_time_ms": null,
    "embedding_grads_all_reduce_time_ms": null,
    "optimizer_time_ms": 11.378198923765138,
    "layer_compute_total_ms": [
      10.213182056054286,
      53.40269114104113,
      53.40269114104113,
      53.40269114104113,
      53.40269114104113,
      53.40269114104113,
      53.40269114104113,
      53.40269114104113,
      53.40269114104113,
      53.40269114104113,
      53.40269114104113,
      53.40269114104113,
      53.40269114104113,
      53.40269114104113,
      53.40269114104113,
      53.40269114104113,
      53.40269114104113,
      53.40269114104113,
      53.40269114104113,
      0.7984964751379316,
      16.854911847237418
    ]
  },
  "execution_memory": {
    "total_memory_mb": 24918.313194274902,
    "layer_memory_total_mb": [
      344.00000381469727,
      1218.5937995910645,
      1218.5937995910645,
      1218.5937995910645,
      1218.5937995910645,
      1218.5937995910645,
      1218.5937995910645,
      1218.5937995910645,
      1218.5937995910645,
      1218.5937995910645,
      1218.5937995910645,
      1218.5937995910645,
      1218.5937995910645,
      1218.5937995910645,
      1218.5937995910645,
      1218.5937995910645,
      1218.5937995910645,
      1218.5937995910645,
      1218.5937995910645,
      64.04687881469727,
      381.00000381469727
    ]
  }
}