{
  "model": {
    "model_name": "llama2_1B",
    "num_layers": 18,
    "parameters": {
      "total_parameters_bytes": 4223967232.0,
      "parameters_per_layer_bytes": [
        262144000,
        205537280.0,
        205537280.0,
        205537280.0,
        205537280.0,
        205537280.0,
        205537280.0,
        205537280.0,
        205537280.0,
        205537280.0,
        205537280.0,
        205537280.0,
        205537280.0,
        205537280.0,
        205537280.0,
        205537280.0,
        205537280.0,
        205537280.0,
        205537280.0,
        8192,
        262144000
      ],
      "activation_parameters_bytes": [
        33554432,
        520093696.0,
        520093696.0,
        520093696.0,
        520093696.0,
        520093696.0,
        520093696.0,
        520093696.0,
        520093696.0,
        520093696.0,
        520093696.0,
        520093696.0,
        520093696.0,
        520093696.0,
        520093696.0,
        520093696.0,
        520093696.0,
        520093696.0,
        520093696.0,
        33554432,
        524288000
      ]
    }
  },
  "execution_time": {
    "total_time_ms": 183.95761353584155,
    "forward_backward_time_ms": 161.16076372899818,
    "batch_generator_time_ms": 2.789887988066451,
    "layernorm_grads_all_reduce_time_ms": null,
    "embedding_grads_all_reduce_time_ms": null,
    "optimizer_time_ms": 13.520321631618415,
    "layer_compute_total_ms": [
      1.0571874678816244,
      8.369459811217482,
      8.369459811217482,
      8.369459811217482,
      8.369459811217482,
      8.369459811217482,
      8.369459811217482,
      8.369459811217482,
      8.369459811217482,
      8.369459811217482,
      8.369459811217482,
      8.369459811217482,
      8.369459811217482,
      8.369459811217482,
      8.369459811217482,
      8.369459811217482,
      8.369459811217482,
      8.369459811217482,
      8.369459811217482,
      0.7512663077399209,
      4.105458136025267
    ]
  },
  "execution_memory": {
    "total_memory_mb": 8361.360069274902,
    "layer_memory_total_mb": [
      437.53125381469727,
      412.38286209106445,
      412.38286209106445,
      412.38286209106445,
      412.38286209106445,
      412.38286209106445,
      412.38286209106445,
      412.38286209106445,
      412.38286209106445,
      412.38286209106445,
      412.38286209106445,
      412.38286209106445,
      412.38286209106445,
      412.38286209106445,
      412.38286209106445,
      412.38286209106445,
      412.38286209106445,
      412.38286209106445,
      412.38286209106445,
      16.035160064697266,
      282.00000381469727
    ]
  }
}