{
  "model": {
    "model_name": "llama2_1B",
    "num_layers": 18,
    "parameters": {
      "total_parameters_bytes": 4223967232.0,
      "parameters_per_layer_bytes": [
        262144000,
        205537280.0,
        205537280.0,
        205537280.0,
        205537280.0,
        205537280.0,
        205537280.0,
        205537280.0,
        205537280.0,
        205537280.0,
        205537280.0,
        205537280.0,
        205537280.0,
        205537280.0,
        205537280.0,
        205537280.0,
        205537280.0,
        205537280.0,
        205537280.0,
        8192,
        262144000
      ],
      "activation_parameters_bytes": [
        16777216,
        260046848.0,
        260046848.0,
        260046848.0,
        260046848.0,
        260046848.0,
        260046848.0,
        260046848.0,
        260046848.0,
        260046848.0,
        260046848.0,
        260046848.0,
        260046848.0,
        260046848.0,
        260046848.0,
        260046848.0,
        260046848.0,
        260046848.0,
        260046848.0,
        16777216,
        262144000
      ]
    }
  },
  "execution_time": {
    "total_time_ms": 145.90666106577245,
    "forward_backward_time_ms": 126.1901203831927,
    "batch_generator_time_ms": 1.589635110153696,
    "layernorm_grads_all_reduce_time_ms": null,
    "embedding_grads_all_reduce_time_ms": null,
    "optimizer_time_ms": 11.635524036423249,
    "layer_compute_total_ms": [
      0.7767312674379309,
      6.546392431842539,
      6.546392431842539,
      6.546392431842539,
      6.546392431842539,
      6.546392431842539,
      6.546392431842539,
      6.546392431842539,
      6.546392431842539,
      6.546392431842539,
      6.546392431842539,
      6.546392431842539,
      6.546392431842539,
      6.546392431842539,
      6.546392431842539,
      6.546392431842539,
      6.546392431842539,
      6.546392431842539,
      6.546392431842539,
      0.7303677086160302,
      1.6017093007958483
    ]
  },
  "execution_memory": {
    "total_memory_mb": 3692.6217880249023,
    "layer_memory_total_mb": [
      343.76562881469727,
      168.33012771606445,
      168.33012771606445,
      168.33012771606445,
      168.33012771606445,
      168.33012771606445,
      168.33012771606445,
      168.33012771606445,
      168.33012771606445,
      168.33012771606445,
      168.33012771606445,
      168.33012771606445,
      168.33012771606445,
      168.33012771606445,
      168.33012771606445,
      168.33012771606445,
      168.33012771606445,
      168.33012771606445,
      168.33012771606445,
      4.032230377197266,
      141.00000381469727
    ]
  }
}