{
  "model": {
    "model_name": "llama2_1B",
    "num_layers": 18,
    "parameters": {
      "total_parameters_bytes": 4223967232.0,
      "parameters_per_layer_bytes": [
        262144000,
        205537280.0,
        205537280.0,
        205537280.0,
        205537280.0,
        205537280.0,
        205537280.0,
        205537280.0,
        205537280.0,
        205537280.0,
        205537280.0,
        205537280.0,
        205537280.0,
        205537280.0,
        205537280.0,
        205537280.0,
        205537280.0,
        205537280.0,
        205537280.0,
        8192,
        262144000
      ],
      "activation_parameters_bytes": [
        33554432,
        520093696.0,
        520093696.0,
        520093696.0,
        520093696.0,
        520093696.0,
        520093696.0,
        520093696.0,
        520093696.0,
        520093696.0,
        520093696.0,
        520093696.0,
        520093696.0,
        520093696.0,
        520093696.0,
        520093696.0,
        520093696.0,
        520093696.0,
        520093696.0,
        33554432,
        524288000
      ]
    }
  },
  "execution_time": {
    "total_time_ms": 483.4694155238472,
    "forward_backward_time_ms": 429.77206984661126,
    "batch_generator_time_ms": 5.20381815502931,
    "layernorm_grads_all_reduce_time_ms": null,
    "embedding_grads_all_reduce_time_ms": null,
    "optimizer_time_ms": 38.501855792456944,
    "layer_compute_total_ms": [
      0.8450577675335916,
      22.40425071328702,
      22.40425071328702,
      22.40425071328702,
      22.40425071328702,
      22.40425071328702,
      22.40425071328702,
      22.40425071328702,
      22.40425071328702,
      22.40425071328702,
      22.40425071328702,
      22.40425071328702,
      22.40425071328702,
      22.40425071328702,
      22.40425071328702,
      22.40425071328702,
      22.40425071328702,
      22.40425071328702,
      22.40425071328702,
      1.4100752742611697,
      15.796261226387907
    ]
  },
  "execution_memory": {
    "total_memory_mb": 15330.344444274902,
    "layer_memory_total_mb": [
      625.0312538146973,
      760.4531745910645,
      760.4531745910645,
      760.4531745910645,
      760.4531745910645,
      760.4531745910645,
      760.4531745910645,
      760.4531745910645,
      760.4531745910645,
      760.4531745910645,
      760.4531745910645,
      760.4531745910645,
      760.4531745910645,
      760.4531745910645,
      760.4531745910645,
      760.4531745910645,
      760.4531745910645,
      760.4531745910645,
      760.4531745910645,
      32.039066314697266,
      532.0000038146973
    ]
  }
}