{
  "model": {
    "model_name": "llama2_1B",
    "num_layers": 18,
    "parameters": {
      "total_parameters_bytes": 4223967232.0,
      "parameters_per_layer_bytes": [
        262144000,
        205537280.0,
        205537280.0,
        205537280.0,
        205537280.0,
        205537280.0,
        205537280.0,
        205537280.0,
        205537280.0,
        205537280.0,
        205537280.0,
        205537280.0,
        205537280.0,
        205537280.0,
        205537280.0,
        205537280.0,
        205537280.0,
        205537280.0,
        205537280.0,
        8192,
        262144000
      ],
      "activation_parameters_bytes": [
        268435456,
        4160749568.0,
        4160749568.0,
        4160749568.0,
        4160749568.0,
        4160749568.0,
        4160749568.0,
        4160749568.0,
        4160749568.0,
        4160749568.0,
        4160749568.0,
        4160749568.0,
        4160749568.0,
        4160749568.0,
        4160749568.0,
        4160749568.0,
        4160749568.0,
        4160749568.0,
        4160749568.0,
        268435456,
        4194304000
      ]
    }
  },
  "execution_time": {
    "total_time_ms": 1719.2821395558076,
    "forward_backward_time_ms": 1673.6000818088426,
    "batch_generator_time_ms": 19.962878513835427,
    "layernorm_grads_all_reduce_time_ms": null,
    "embedding_grads_all_reduce_time_ms": null,
    "optimizer_time_ms": 20.37472914928447,
    "layer_compute_total_ms": [
      2.6354566732486435,
      87.73369402992948,
      87.73369402992948,
      87.73369402992948,
      87.73369402992948,
      87.73369402992948,
      87.73369402992948,
      87.73369402992948,
      87.73369402992948,
      87.73369402992948,
      87.73369402992948,
      87.73369402992948,
      87.73369402992948,
      87.73369402992948,
      87.73369402992948,
      87.73369402992948,
      87.73369402992948,
      87.73369402992948,
      87.73369402992948,
      1.5286142005108532,
      69.78446387043402
    ]
  },
  "execution_memory": {
    "total_memory_mb": 70338.1256942749,
    "layer_memory_total_mb": [
      625.2500038146973,
      3337.4375495910645,
      3337.4375495910645,
      3337.4375495910645,
      3337.4375495910645,
      3337.4375495910645,
      3337.4375495910645,
      3337.4375495910645,
      3337.4375495910645,
      3337.4375495910645,
      3337.4375495910645,
      3337.4375495910645,
      3337.4375495910645,
      3337.4375495910645,
      3337.4375495910645,
      3337.4375495910645,
      3337.4375495910645,
      3337.4375495910645,
      3337.4375495910645,
      256.09375381469727,
      756.0000038146973
    ]
  }
}