{
  "model": {
    "model_name": "llama2_1B",
    "num_layers": 18,
    "parameters": {
      "total_parameters_bytes": 4223967232.0,
      "parameters_per_layer_bytes": [
        262144000,
        205537280.0,
        205537280.0,
        205537280.0,
        205537280.0,
        205537280.0,
        205537280.0,
        205537280.0,
        205537280.0,
        205537280.0,
        205537280.0,
        205537280.0,
        205537280.0,
        205537280.0,
        205537280.0,
        205537280.0,
        205537280.0,
        205537280.0,
        205537280.0,
        8192,
        262144000
      ],
      "activation_parameters_bytes": [
        33554432,
        520093696.0,
        520093696.0,
        520093696.0,
        520093696.0,
        520093696.0,
        520093696.0,
        520093696.0,
        520093696.0,
        520093696.0,
        520093696.0,
        520093696.0,
        520093696.0,
        520093696.0,
        520093696.0,
        520093696.0,
        520093696.0,
        520093696.0,
        520093696.0,
        33554432,
        524288000
      ]
    }
  },
  "execution_time": {
    "total_time_ms": 760.3678932149842,
    "forward_backward_time_ms": 681.6541967388702,
    "batch_generator_time_ms": 5.765722531015236,
    "layernorm_grads_all_reduce_time_ms": null,
    "embedding_grads_all_reduce_time_ms": null,
    "optimizer_time_ms": 68.39557053631921,
    "layer_compute_total_ms": [
      0.11568896968225516,
      35.59414149424136,
      35.59414149424136,
      35.59414149424136,
      35.59414149424136,
      35.59414149424136,
      35.59414149424136,
      35.59414149424136,
      35.59414149424136,
      35.59414149424136,
      35.59414149424136,
      35.59414149424136,
      35.59414149424136,
      35.59414149424136,
      35.59414149424136,
      35.59414149424136,
      35.59414149424136,
      35.59414149424136,
      35.59414149424136,
      0.7550128192636439,
      33.6818891440188
    ]
  },
  "execution_memory": {
    "total_memory_mb": 28894.313194274902,
    "layer_memory_total_mb": [
      1000.0312538146973,
      1456.5937995910645,
      1456.5937995910645,
      1456.5937995910645,
      1456.5937995910645,
      1456.5937995910645,
      1456.5937995910645,
      1456.5937995910645,
      1456.5937995910645,
      1456.5937995910645,
      1456.5937995910645,
      1456.5937995910645,
      1456.5937995910645,
      1456.5937995910645,
      1456.5937995910645,
      1456.5937995910645,
      1456.5937995910645,
      1456.5937995910645,
      1456.5937995910645,
      64.04687881469727,
      1032.0000038146973
    ]
  }
}