{
  "model": {
    "model_name": "llama2_1B",
    "num_layers": 18,
    "parameters": {
      "total_parameters_bytes": 4223967232.0,
      "parameters_per_layer_bytes": [
        262144000,
        205537280.0,
        205537280.0,
        205537280.0,
        205537280.0,
        205537280.0,
        205537280.0,
        205537280.0,
        205537280.0,
        205537280.0,
        205537280.0,
        205537280.0,
        205537280.0,
        205537280.0,
        205537280.0,
        205537280.0,
        205537280.0,
        205537280.0,
        205537280.0,
        8192,
        262144000
      ],
      "activation_parameters_bytes": [
        67108864,
        1040187392.0,
        1040187392.0,
        1040187392.0,
        1040187392.0,
        1040187392.0,
        1040187392.0,
        1040187392.0,
        1040187392.0,
        1040187392.0,
        1040187392.0,
        1040187392.0,
        1040187392.0,
        1040187392.0,
        1040187392.0,
        1040187392.0,
        1040187392.0,
        1040187392.0,
        1040187392.0,
        67108864,
        1048576000
      ]
    }
  },
  "execution_time": {
    "total_time_ms": 539.3599091460537,
    "forward_backward_time_ms": 501.63660973574673,
    "batch_generator_time_ms": 9.54756318970544,
    "layernorm_grads_all_reduce_time_ms": null,
    "embedding_grads_all_reduce_time_ms": null,
    "optimizer_time_ms": 18.5462253671309,
    "layer_compute_total_ms": [
      3.0198940482292396,
      26.393299310166952,
      26.393299310166952,
      26.393299310166952,
      26.393299310166952,
      26.393299310166952,
      26.393299310166952,
      26.393299310166952,
      26.393299310166952,
      26.393299310166952,
      26.393299310166952,
      26.393299310166952,
      26.393299310166952,
      26.393299310166952,
      26.393299310166952,
      26.393299310166952,
      26.393299310166952,
      26.393299310166952,
      26.393299310166952,
      1.3968366071678757,
      8.898538321600816
    ]
  },
  "execution_memory": {
    "total_memory_mb": 7669.360069274902,
    "layer_memory_total_mb": [
      343.81250381469727,
      378.38286209106445,
      378.38286209106445,
      378.38286209106445,
      378.38286209106445,
      378.38286209106445,
      378.38286209106445,
      378.38286209106445,
      378.38286209106445,
      378.38286209106445,
      378.38286209106445,
      378.38286209106445,
      378.38286209106445,
      378.38286209106445,
      378.38286209106445,
      378.38286209106445,
      378.38286209106445,
      378.38286209106445,
      378.38286209106445,
      16.035160064697266,
      189.00000381469727
    ]
  }
}