{
  "model": {
    "model_name": "llama2_1B",
    "num_layers": 18,
    "parameters": {
      "total_parameters_bytes": 4223967232.0,
      "parameters_per_layer_bytes": [
        262144000,
        205537280.0,
        205537280.0,
        205537280.0,
        205537280.0,
        205537280.0,
        205537280.0,
        205537280.0,
        205537280.0,
        205537280.0,
        205537280.0,
        205537280.0,
        205537280.0,
        205537280.0,
        205537280.0,
        205537280.0,
        205537280.0,
        205537280.0,
        205537280.0,
        8192,
        262144000
      ],
      "activation_parameters_bytes": [
        536870912,
        8321499136.0,
        8321499136.0,
        8321499136.0,
        8321499136.0,
        8321499136.0,
        8321499136.0,
        8321499136.0,
        8321499136.0,
        8321499136.0,
        8321499136.0,
        8321499136.0,
        8321499136.0,
        8321499136.0,
        8321499136.0,
        8321499136.0,
        8321499136.0,
        8321499136.0,
        8321499136.0,
        536870912,
        8388608000
      ]
    }
  },
  "execution_time": {
    "total_time_ms": 6455.106047788952,
    "forward_backward_time_ms": 6331.368190484355,
    "batch_generator_time_ms": 74.41855706645285,
    "layernorm_grads_all_reduce_time_ms": null,
    "embedding_grads_all_reduce_time_ms": null,
    "optimizer_time_ms": 38.45909647723898,
    "layer_compute_total_ms": [
      9.340256983499875,
      332.02804658706566,
      332.02804658706566,
      332.02804658706566,
      332.02804658706566,
      332.02804658706566,
      332.02804658706566,
      332.02804658706566,
      332.02804658706566,
      332.02804658706566,
      332.02804658706566,
      332.02804658706566,
      332.02804658706566,
      332.02804658706566,
      332.02804658706566,
      332.02804658706566,
      332.02804658706566,
      332.02804658706566,
      332.02804658706566,
      5.55928108334902,
      267.3886389778763
    ]
  },
  "execution_memory": {
    "total_memory_mb": 134495.8756942749,
    "layer_memory_total_mb": [
      625.5000038146973,
      6282.562549591064,
      6282.562549591064,
      6282.562549591064,
      6282.562549591064,
      6282.562549591064,
      6282.562549591064,
      6282.562549591064,
      6282.562549591064,
      6282.562549591064,
      6282.562549591064,
      6282.562549591064,
      6282.562549591064,
      6282.562549591064,
      6282.562549591064,
      6282.562549591064,
      6282.562549591064,
      6282.562549591064,
      6282.562549591064,
      512.1562538146973,
      1012.0000038146973
    ]
  }
}