{
  "model": {
    "model_name": "llama2_1B",
    "num_layers": 18,
    "parameters": {
      "total_parameters_bytes": 4223967232.0,
      "parameters_per_layer_bytes": [
        262144000,
        205537280.0,
        205537280.0,
        205537280.0,
        205537280.0,
        205537280.0,
        205537280.0,
        205537280.0,
        205537280.0,
        205537280.0,
        205537280.0,
        205537280.0,
        205537280.0,
        205537280.0,
        205537280.0,
        205537280.0,
        205537280.0,
        205537280.0,
        205537280.0,
        8192,
        262144000
      ],
      "activation_parameters_bytes": [
        67108864,
        1040187392.0,
        1040187392.0,
        1040187392.0,
        1040187392.0,
        1040187392.0,
        1040187392.0,
        1040187392.0,
        1040187392.0,
        1040187392.0,
        1040187392.0,
        1040187392.0,
        1040187392.0,
        1040187392.0,
        1040187392.0,
        1040187392.0,
        1040187392.0,
        1040187392.0,
        1040187392.0,
        67108864,
        1048576000
      ]
    }
  },
  "execution_time": {
    "total_time_ms": 1909.0008403319016,
    "forward_backward_time_ms": 1783.0427885055542,
    "batch_generator_time_ms": 21.450008664812362,
    "layernorm_grads_all_reduce_time_ms": null,
    "embedding_grads_all_reduce_time_ms": null,
    "optimizer_time_ms": 83.0651870540957,
    "layer_compute_total_ms": [
      2.92001451764788,
      93.25488124574935,
      93.25488124574935,
      93.25488124574935,
      93.25488124574935,
      93.25488124574935,
      93.25488124574935,
      93.25488124574935,
      93.25488124574935,
      93.25488124574935,
      93.25488124574935,
      93.25488124574935,
      93.25488124574935,
      93.25488124574935,
      93.25488124574935,
      93.25488124574935,
      93.25488124574935,
      93.25488124574935,
      93.25488124574935,
      3.269944872174944,
      71.27942357744489
    ]
  },
  "execution_memory": {
    "total_memory_mb": 47424.626388549805,
    "layer_memory_total_mb": [
      1250.1250076293945,
      2257.187599182129,
      2257.187599182129,
      2257.187599182129,
      2257.187599182129,
      2257.187599182129,
      2257.187599182129,
      2257.187599182129,
      2257.187599182129,
      2257.187599182129,
      2257.187599182129,
      2257.187599182129,
      2257.187599182129,
      2257.187599182129,
      2257.187599182129,
      2257.187599182129,
      2257.187599182129,
      2257.187599182129,
      2257.187599182129,
      128.09375762939453,
      1128.0000076293945
    ]
  }
}