{
  "model": {
    "model_name": "llama2_1B",
    "num_layers": 18,
    "parameters": {
      "total_parameters_bytes": 4223967232.0,
      "parameters_per_layer_bytes": [
        262144000,
        205537280.0,
        205537280.0,
        205537280.0,
        205537280.0,
        205537280.0,
        205537280.0,
        205537280.0,
        205537280.0,
        205537280.0,
        205537280.0,
        205537280.0,
        205537280.0,
        205537280.0,
        205537280.0,
        205537280.0,
        205537280.0,
        205537280.0,
        205537280.0,
        8192,
        262144000
      ],
      "activation_parameters_bytes": [
        67108864,
        1040187392.0,
        1040187392.0,
        1040187392.0,
        1040187392.0,
        1040187392.0,
        1040187392.0,
        1040187392.0,
        1040187392.0,
        1040187392.0,
        1040187392.0,
        1040187392.0,
        1040187392.0,
        1040187392.0,
        1040187392.0,
        1040187392.0,
        1040187392.0,
        1040187392.0,
        1040187392.0,
        67108864,
        1048576000
      ]
    }
  },
  "execution_time": {
    "total_time_ms": 747.4574159585446,
    "forward_backward_time_ms": 704.0196956109006,
    "batch_generator_time_ms": 4.956259438396317,
    "layernorm_grads_all_reduce_time_ms": null,
    "embedding_grads_all_reduce_time_ms": null,
    "optimizer_time_ms": 35.89636752671081,
    "layer_compute_total_ms": [
      0.06816209762098263,
      36.82933333732339,
      36.82933333732339,
      36.82933333732339,
      36.82933333732339,
      36.82933333732339,
      36.82933333732339,
      36.82933333732339,
      36.82933333732339,
      36.82933333732339,
      36.82933333732339,
      36.82933333732339,
      36.82933333732339,
      36.82933333732339,
      36.82933333732339,
      36.82933333732339,
      36.82933333732339,
      36.82933333732339,
      36.82933333732339,
      0.7378338748102112,
      35.38648630432945
    ]
  },
  "execution_memory": {
    "total_memory_mb": 42922.2506942749,
    "layer_memory_total_mb": [
      1000.0625038146973,
      2128.8750495910645,
      2128.8750495910645,
      2128.8750495910645,
      2128.8750495910645,
      2128.8750495910645,
      2128.8750495910645,
      2128.8750495910645,
      2128.8750495910645,
      2128.8750495910645,
      2128.8750495910645,
      2128.8750495910645,
      2128.8750495910645,
      2128.8750495910645,
      2128.8750495910645,
      2128.8750495910645,
      2128.8750495910645,
      2128.8750495910645,
      2128.8750495910645,
      128.06250381469727,
      1064.0000038146973
    ]
  }
}