{
  "model": {
    "model_name": "llama2_1B",
    "num_layers": 18,
    "parameters": {
      "total_parameters_bytes": 4223967232.0,
      "parameters_per_layer_bytes": [
        262144000,
        205537280.0,
        205537280.0,
        205537280.0,
        205537280.0,
        205537280.0,
        205537280.0,
        205537280.0,
        205537280.0,
        205537280.0,
        205537280.0,
        205537280.0,
        205537280.0,
        205537280.0,
        205537280.0,
        205537280.0,
        205537280.0,
        205537280.0,
        205537280.0,
        8192,
        262144000
      ],
      "activation_parameters_bytes": [
        1073741824,
        16642998272.0,
        16642998272.0,
        16642998272.0,
        16642998272.0,
        16642998272.0,
        16642998272.0,
        16642998272.0,
        16642998272.0,
        16642998272.0,
        16642998272.0,
        16642998272.0,
        16642998272.0,
        16642998272.0,
        16642998272.0,
        16642998272.0,
        16642998272.0,
        16642998272.0,
        16642998272.0,
        1073741824,
        16777216000
      ]
    }
  },
  "execution_time": {
    "total_time_ms": 7692.5603273610905,
    "forward_backward_time_ms": 7512.793964355718,
    "batch_generator_time_ms": 149.82819031052887,
    "layernorm_grads_all_reduce_time_ms": null,
    "embedding_grads_all_reduce_time_ms": null,
    "optimizer_time_ms": 19.466544252872716,
    "layer_compute_total_ms": [
      35.149840348886165,
      400.84760656888955,
      400.84760656888955,
      400.84760656888955,
      400.84760656888955,
      400.84760656888955,
      400.84760656888955,
      400.84760656888955,
      400.84760656888955,
      400.84760656888955,
      400.84760656888955,
      400.84760656888955,
      400.84760656888955,
      400.84760656888955,
      400.84760656888955,
      400.84760656888955,
      400.84760656888955,
      400.84760656888955,
      400.84760656888955,
      2.9030101394744308,
      135.1877339020687
    ]
  },
  "execution_memory": {
    "total_memory_mb": 94982.1256942749,
    "layer_memory_total_mb": [
      344.75000381469727,
      4579.437549591064,
      4579.437549591064,
      4579.437549591064,
      4579.437549591064,
      4579.437549591064,
      4579.437549591064,
      4579.437549591064,
      4579.437549591064,
      4579.437549591064,
      4579.437549591064,
      4579.437549591064,
      4579.437549591064,
      4579.437549591064,
      4579.437549591064,
      4579.437549591064,
      4579.437549591064,
      4579.437549591064,
      4579.437549591064,
      256.09375381469727,
      1149.0000038146973
    ]
  }
}