{
  "model": {
    "model_name": "llama2_1B",
    "num_layers": 18,
    "parameters": {
      "total_parameters_bytes": 4223967232.0,
      "parameters_per_layer_bytes": [
        262144000,
        205537280.0,
        205537280.0,
        205537280.0,
        205537280.0,
        205537280.0,
        205537280.0,
        205537280.0,
        205537280.0,
        205537280.0,
        205537280.0,
        205537280.0,
        205537280.0,
        205537280.0,
        205537280.0,
        205537280.0,
        205537280.0,
        205537280.0,
        205537280.0,
        8192,
        262144000
      ],
      "activation_parameters_bytes": [
        16777216,
        260046848.0,
        260046848.0,
        260046848.0,
        260046848.0,
        260046848.0,
        260046848.0,
        260046848.0,
        260046848.0,
        260046848.0,
        260046848.0,
        260046848.0,
        260046848.0,
        260046848.0,
        260046848.0,
        260046848.0,
        260046848.0,
        260046848.0,
        260046848.0,
        16777216,
        262144000
      ]
    }
  },
  "execution_time": {
    "total_time_ms": 151.16657235585257,
    "forward_backward_time_ms": 121.80557678817348,
    "batch_generator_time_ms": 2.3871483178687334,
    "layernorm_grads_all_reduce_time_ms": null,
    "embedding_grads_all_reduce_time_ms": null,
    "optimizer_time_ms": 20.788353542850192,
    "layer_compute_total_ms": [
      0.3850075254865381,
      6.250672671213364,
      6.250672671213364,
      6.250672671213364,
      6.250672671213364,
      6.250672671213364,
      6.250672671213364,
      6.250672671213364,
      6.250672671213364,
      6.250672671213364,
      6.250672671213364,
      6.250672671213364,
      6.250672671213364,
      6.250672671213364,
      6.250672671213364,
      6.250672671213364,
      6.250672671213364,
      6.250672671213364,
      6.250672671213364,
      0.7730731793137731,
      4.083601267802793
    ]
  },
  "execution_memory": {
    "total_memory_mb": 11893.360069274902,
    "layer_memory_total_mb": [
      625.0156288146973,
      576.3828620910645,
      576.3828620910645,
      576.3828620910645,
      576.3828620910645,
      576.3828620910645,
      576.3828620910645,
      576.3828620910645,
      576.3828620910645,
      576.3828620910645,
      576.3828620910645,
      576.3828620910645,
      576.3828620910645,
      576.3828620910645,
      576.3828620910645,
      576.3828620910645,
      576.3828620910645,
      576.3828620910645,
      576.3828620910645,
      16.035160064697266,
      516.0000038146973
    ]
  }
}