{
  "model": {
    "model_name": "llama2_1B",
    "num_layers": 18,
    "parameters": {
      "total_parameters_bytes": 4223967232.0,
      "parameters_per_layer_bytes": [
        262144000,
        205537280.0,
        205537280.0,
        205537280.0,
        205537280.0,
        205537280.0,
        205537280.0,
        205537280.0,
        205537280.0,
        205537280.0,
        205537280.0,
        205537280.0,
        205537280.0,
        205537280.0,
        205537280.0,
        205537280.0,
        205537280.0,
        205537280.0,
        205537280.0,
        8192,
        262144000
      ],
      "activation_parameters_bytes": [
        134217728,
        2080374784.0,
        2080374784.0,
        2080374784.0,
        2080374784.0,
        2080374784.0,
        2080374784.0,
        2080374784.0,
        2080374784.0,
        2080374784.0,
        2080374784.0,
        2080374784.0,
        2080374784.0,
        2080374784.0,
        2080374784.0,
        2080374784.0,
        2080374784.0,
        2080374784.0,
        2080374784.0,
        134217728,
        2097152000
      ]
    }
  },
  "execution_time": {
    "total_time_ms": 1450.7520291054307,
    "forward_backward_time_ms": 1403.547979790353,
    "batch_generator_time_ms": 8.957991194080998,
    "layernorm_grads_all_reduce_time_ms": null,
    "embedding_grads_all_reduce_time_ms": null,
    "optimizer_time_ms": 35.88623297159938,
    "layer_compute_total_ms": [
      0.1078177727527988,
      73.53290635461985,
      73.53290635461985,
      73.53290635461985,
      73.53290635461985,
      73.53290635461985,
      73.53290635461985,
      73.53290635461985,
      73.53290635461985,
      73.53290635461985,
      73.53290635461985,
      73.53290635461985,
      73.53290635461985,
      73.53290635461985,
      73.53290635461985,
      73.53290635461985,
      73.53290635461985,
      73.53290635461985,
      73.53290635461985,
      1.4168550252917063,
      70.46439329336548
    ]
  },
  "execution_memory": {
    "total_memory_mb": 71078.1256942749,
    "layer_memory_total_mb": [
      1000.1250038146973,
      3473.4375495910645,
      3473.4375495910645,
      3473.4375495910645,
      3473.4375495910645,
      3473.4375495910645,
      3473.4375495910645,
      3473.4375495910645,
      3473.4375495910645,
      3473.4375495910645,
      3473.4375495910645,
      3473.4375495910645,
      3473.4375495910645,
      3473.4375495910645,
      3473.4375495910645,
      3473.4375495910645,
      3473.4375495910645,
      3473.4375495910645,
      3473.4375495910645,
      256.09375381469727,
      1128.0000038146973
    ]
  }
}