{
  "model": {
    "model_name": "llama2_1B",
    "num_layers": 18,
    "parameters": {
      "total_parameters_bytes": 4223967232.0,
      "parameters_per_layer_bytes": [
        262144000,
        205537280.0,
        205537280.0,
        205537280.0,
        205537280.0,
        205537280.0,
        205537280.0,
        205537280.0,
        205537280.0,
        205537280.0,
        205537280.0,
        205537280.0,
        205537280.0,
        205537280.0,
        205537280.0,
        205537280.0,
        205537280.0,
        205537280.0,
        205537280.0,
        8192,
        262144000
      ],
      "activation_parameters_bytes": [
        16777216,
        260046848.0,
        260046848.0,
        260046848.0,
        260046848.0,
        260046848.0,
        260046848.0,
        260046848.0,
        260046848.0,
        260046848.0,
        260046848.0,
        260046848.0,
        260046848.0,
        260046848.0,
        260046848.0,
        260046848.0,
        260046848.0,
        260046848.0,
        260046848.0,
        16777216,
        262144000
      ]
    }
  },
  "execution_time": {
    "total_time_ms": 216.71060039693035,
    "forward_backward_time_ms": 181.9260462079347,
    "batch_generator_time_ms": 2.612687113491441,
    "layernorm_grads_all_reduce_time_ms": null,
    "embedding_grads_all_reduce_time_ms": null,
    "optimizer_time_ms": 23.157859904576583,
    "layer_compute_total_ms": [
      0.7109415795219531,
      9.410648328602818,
      9.410648328602818,
      9.410648328602818,
      9.410648328602818,
      9.410648328602818,
      9.410648328602818,
      9.410648328602818,
      9.410648328602818,
      9.410648328602818,
      9.410648328602818,
      9.410648328602818,
      9.410648328602818,
      9.410648328602818,
      9.410648328602818,
      9.410648328602818,
      9.410648328602818,
      9.410648328602818,
      9.410648328602818,
      1.3777018591244803,
      4.13249238495463
    ]
  },
  "execution_memory": {
    "total_memory_mb": 6226.867881774902,
    "layer_memory_total_mb": [
      437.51562881469727,
      304.34770584106445,
      304.34770584106445,
      304.34770584106445,
      304.34770584106445,
      304.34770584106445,
      304.34770584106445,
      304.34770584106445,
      304.34770584106445,
      304.34770584106445,
      304.34770584106445,
      304.34770584106445,
      304.34770584106445,
      304.34770584106445,
      304.34770584106445,
      304.34770584106445,
      304.34770584106445,
      304.34770584106445,
      304.34770584106445,
      8.033206939697266,
      266.00000381469727
    ]
  }
}