{
  "model": {
    "model_name": "llama2_1B",
    "num_layers": 18,
    "parameters": {
      "total_parameters_bytes": 4223967232.0,
      "parameters_per_layer_bytes": [
        262144000,
        205537280.0,
        205537280.0,
        205537280.0,
        205537280.0,
        205537280.0,
        205537280.0,
        205537280.0,
        205537280.0,
        205537280.0,
        205537280.0,
        205537280.0,
        205537280.0,
        205537280.0,
        205537280.0,
        205537280.0,
        205537280.0,
        205537280.0,
        205537280.0,
        8192,
        262144000
      ],
      "activation_parameters_bytes": [
        268435456,
        4160749568.0,
        4160749568.0,
        4160749568.0,
        4160749568.0,
        4160749568.0,
        4160749568.0,
        4160749568.0,
        4160749568.0,
        4160749568.0,
        4160749568.0,
        4160749568.0,
        4160749568.0,
        4160749568.0,
        4160749568.0,
        4160749568.0,
        4160749568.0,
        4160749568.0,
        4160749568.0,
        268435456,
        4194304000
      ]
    }
  },
  "execution_time": {
    "total_time_ms": 2810.206371502181,
    "forward_backward_time_ms": 2751.7803466667483,
    "batch_generator_time_ms": 19.83725360139852,
    "layernorm_grads_all_reduce_time_ms": null,
    "embedding_grads_all_reduce_time_ms": null,
    "optimizer_time_ms": 35.758444290007475,
    "layer_compute_total_ms": [
      0.19255375939189076,
      143.90633074581808,
      143.90633074581808,
      143.90633074581808,
      143.90633074581808,
      143.90633074581808,
      143.90633074581808,
      143.90633074581808,
      143.90633074581808,
      143.90633074581808,
      143.90633074581808,
      143.90633074581808,
      143.90633074581808,
      143.90633074581808,
      143.90633074581808,
      143.90633074581808,
      143.90633074581808,
      143.90633074581808,
      143.90633074581808,
      2.781321895602592,
      143.65664539940738
    ]
  },
  "execution_memory": {
    "total_memory_mb": 125855.8756942749,
    "layer_memory_total_mb": [
      1000.2500038146973,
      6162.562549591064,
      6162.562549591064,
      6162.562549591064,
      6162.562549591064,
      6162.562549591064,
      6162.562549591064,
      6162.562549591064,
      6162.562549591064,
      6162.562549591064,
      6162.562549591064,
      6162.562549591064,
      6162.562549591064,
      6162.562549591064,
      6162.562549591064,
      6162.562549591064,
      6162.562549591064,
      6162.562549591064,
      6162.562549591064,
      512.1562538146973,
      1256.0000038146973
    ]
  }
}