{
  "model": {
    "model_name": "llama2_1B",
    "num_layers": 18,
    "parameters": {
      "total_parameters_bytes": 4223967232.0,
      "parameters_per_layer_bytes": [
        262144000,
        205537280.0,
        205537280.0,
        205537280.0,
        205537280.0,
        205537280.0,
        205537280.0,
        205537280.0,
        205537280.0,
        205537280.0,
        205537280.0,
        205537280.0,
        205537280.0,
        205537280.0,
        205537280.0,
        205537280.0,
        205537280.0,
        205537280.0,
        205537280.0,
        8192,
        262144000
      ],
      "activation_parameters_bytes": [
        33554432,
        520093696.0,
        520093696.0,
        520093696.0,
        520093696.0,
        520093696.0,
        520093696.0,
        520093696.0,
        520093696.0,
        520093696.0,
        520093696.0,
        520093696.0,
        520093696.0,
        520093696.0,
        520093696.0,
        520093696.0,
        520093696.0,
        520093696.0,
        520093696.0,
        33554432,
        524288000
      ]
    }
  },
  "execution_time": {
    "total_time_ms": 305.981195953504,
    "forward_backward_time_ms": 271.58604328337094,
    "batch_generator_time_ms": 5.832827793668655,
    "layernorm_grads_all_reduce_time_ms": null,
    "embedding_grads_all_reduce_time_ms": null,
    "optimizer_time_ms": 17.838076880826588,
    "layer_compute_total_ms": [
      2.2462496131632754,
      14.12323253391412,
      14.12323253391412,
      14.12323253391412,
      14.12323253391412,
      14.12323253391412,
      14.12323253391412,
      14.12323253391412,
      14.12323253391412,
      14.12323253391412,
      14.12323253391412,
      14.12323253391412,
      14.12323253391412,
      14.12323253391412,
      14.12323253391412,
      14.12323253391412,
      14.12323253391412,
      14.12323253391412,
      14.12323253391412,
      1.3818369772308179,
      4.210430713673703
    ]
  },
  "execution_memory": {
    "total_memory_mb": 5064.867881774902,
    "layer_memory_total_mb": [
      343.78125381469727,
      238.34770584106445,
      238.34770584106445,
      238.34770584106445,
      238.34770584106445,
      238.34770584106445,
      238.34770584106445,
      238.34770584106445,
      238.34770584106445,
      238.34770584106445,
      238.34770584106445,
      238.34770584106445,
      238.34770584106445,
      238.34770584106445,
      238.34770584106445,
      238.34770584106445,
      238.34770584106445,
      238.34770584106445,
      238.34770584106445,
      8.033206939697266,
      157.00000381469727
    ]
  }
}