{
  "model": {
    "model_name": "llama2_1B",
    "num_layers": 18,
    "parameters": {
      "total_parameters_bytes": 4223967232.0,
      "parameters_per_layer_bytes": [
        262144000,
        205537280.0,
        205537280.0,
        205537280.0,
        205537280.0,
        205537280.0,
        205537280.0,
        205537280.0,
        205537280.0,
        205537280.0,
        205537280.0,
        205537280.0,
        205537280.0,
        205537280.0,
        205537280.0,
        205537280.0,
        205537280.0,
        205537280.0,
        205537280.0,
        8192,
        262144000
      ],
      "activation_parameters_bytes": [
        16777216,
        260046848.0,
        260046848.0,
        260046848.0,
        260046848.0,
        260046848.0,
        260046848.0,
        260046848.0,
        260046848.0,
        260046848.0,
        260046848.0,
        260046848.0,
        260046848.0,
        260046848.0,
        260046848.0,
        260046848.0,
        260046848.0,
        260046848.0,
        260046848.0,
        16777216,
        262144000
      ]
    }
  },
  "execution_time": {
    "total_time_ms": 469.4507539973398,
    "forward_backward_time_ms": 394.09848621913363,
    "batch_generator_time_ms": 5.6597505296979636,
    "layernorm_grads_all_reduce_time_ms": null,
    "embedding_grads_all_reduce_time_ms": null,
    "optimizer_time_ms": 50.16586532110514,
    "layer_compute_total_ms": [
      1.5400818416050504,
      20.38587842668806,
      20.38587842668806,
      20.38587842668806,
      20.38587842668806,
      20.38587842668806,
      20.38587842668806,
      20.38587842668806,
      20.38587842668806,
      20.38587842668806,
      20.38587842668806,
      20.38587842668806,
      20.38587842668806,
      20.38587842668806,
      20.38587842668806,
      20.38587842668806,
      20.38587842668806,
      20.38587842668806,
      20.38587842668806,
      2.9844556535993307,
      8.952038628714426
    ]
  },
  "execution_memory": {
    "total_memory_mb": 24907.47152709961,
    "layer_memory_total_mb": [
      1750.062515258789,
      1217.3908233642578,
      1217.3908233642578,
      1217.3908233642578,
      1217.3908233642578,
      1217.3908233642578,
      1217.3908233642578,
      1217.3908233642578,
      1217.3908233642578,
      1217.3908233642578,
      1217.3908233642578,
      1217.3908233642578,
      1217.3908233642578,
      1217.3908233642578,
      1217.3908233642578,
      1217.3908233642578,
      1217.3908233642578,
      1217.3908233642578,
      1217.3908233642578,
      32.13282775878906,
      1064.000015258789
    ]
  }
}