{
  "model": {
    "model_name": "llama2_1B",
    "num_layers": 18,
    "parameters": {
      "total_parameters_bytes": 4223967232.0,
      "parameters_per_layer_bytes": [
        262144000,
        205537280.0,
        205537280.0,
        205537280.0,
        205537280.0,
        205537280.0,
        205537280.0,
        205537280.0,
        205537280.0,
        205537280.0,
        205537280.0,
        205537280.0,
        205537280.0,
        205537280.0,
        205537280.0,
        205537280.0,
        205537280.0,
        205537280.0,
        205537280.0,
        8192,
        262144000
      ],
      "activation_parameters_bytes": [
        33554432,
        520093696.0,
        520093696.0,
        520093696.0,
        520093696.0,
        520093696.0,
        520093696.0,
        520093696.0,
        520093696.0,
        520093696.0,
        520093696.0,
        520093696.0,
        520093696.0,
        520093696.0,
        520093696.0,
        520093696.0,
        520093696.0,
        520093696.0,
        520093696.0,
        33554432,
        524288000
      ]
    }
  },
  "execution_time": {
    "total_time_ms": 402.9779134442968,
    "forward_backward_time_ms": 361.2614214034319,
    "batch_generator_time_ms": 3.055703503238743,
    "layernorm_grads_all_reduce_time_ms": null,
    "embedding_grads_all_reduce_time_ms": null,
    "optimizer_time_ms": 36.248116930636066,
    "layer_compute_total_ms": [
      0.061312556759803204,
      18.8640959174942,
      18.8640959174942,
      18.8640959174942,
      18.8640959174942,
      18.8640959174942,
      18.8640959174942,
      18.8640959174942,
      18.8640959174942,
      18.8640959174942,
      18.8640959174942,
      18.8640959174942,
      18.8640959174942,
      18.8640959174942,
      18.8640959174942,
      18.8640959174942,
      18.8640959174942,
      18.8640959174942,
      18.8640959174942,
      0.400139844469387,
      17.850645101188146
    ]
  },
  "execution_memory": {
    "total_memory_mb": 28894.313194274902,
    "layer_memory_total_mb": [
      1000.0312538146973,
      1456.5937995910645,
      1456.5937995910645,
      1456.5937995910645,
      1456.5937995910645,
      1456.5937995910645,
      1456.5937995910645,
      1456.5937995910645,
      1456.5937995910645,
      1456.5937995910645,
      1456.5937995910645,
      1456.5937995910645,
      1456.5937995910645,
      1456.5937995910645,
      1456.5937995910645,
      1456.5937995910645,
      1456.5937995910645,
      1456.5937995910645,
      1456.5937995910645,
      64.04687881469727,
      1032.0000038146973
    ]
  }
}