{
  "model": {
    "model_name": "llama2_1B",
    "num_layers": 18,
    "parameters": {
      "total_parameters_bytes": 4223967232.0,
      "parameters_per_layer_bytes": [
        262144000,
        205537280.0,
        205537280.0,
        205537280.0,
        205537280.0,
        205537280.0,
        205537280.0,
        205537280.0,
        205537280.0,
        205537280.0,
        205537280.0,
        205537280.0,
        205537280.0,
        205537280.0,
        205537280.0,
        205537280.0,
        205537280.0,
        205537280.0,
        205537280.0,
        8192,
        262144000
      ],
      "activation_parameters_bytes": [
        134217728,
        2080374784.0,
        2080374784.0,
        2080374784.0,
        2080374784.0,
        2080374784.0,
        2080374784.0,
        2080374784.0,
        2080374784.0,
        2080374784.0,
        2080374784.0,
        2080374784.0,
        2080374784.0,
        2080374784.0,
        2080374784.0,
        2080374784.0,
        2080374784.0,
        2080374784.0,
        2080374784.0,
        134217728,
        2097152000
      ]
    }
  },
  "execution_time": {
    "total_time_ms": 1727.1829662689477,
    "forward_backward_time_ms": 1659.897742848733,
    "batch_generator_time_ms": 19.04923128529529,
    "layernorm_grads_all_reduce_time_ms": null,
    "embedding_grads_all_reduce_time_ms": null,
    "optimizer_time_ms": 38.66421570611195,
    "layer_compute_total_ms": [
      2.5077368725796365,
      87.1494379454418,
      87.1494379454418,
      87.1494379454418,
      87.1494379454418,
      87.1494379454418,
      87.1494379454418,
      87.1494379454418,
      87.1494379454418,
      87.1494379454418,
      87.1494379454418,
      87.1494379454418,
      87.1494379454418,
      87.1494379454418,
      87.1494379454418,
      87.1494379454418,
      87.1494379454418,
      87.1494379454418,
      87.1494379454418,
      1.812596790003955,
      65.6555499922917
    ]
  },
  "execution_memory": {
    "total_memory_mb": 39254.2506942749,
    "layer_memory_total_mb": [
      625.1250038146973,
      1864.8750495910645,
      1864.8750495910645,
      1864.8750495910645,
      1864.8750495910645,
      1864.8750495910645,
      1864.8750495910645,
      1864.8750495910645,
      1864.8750495910645,
      1864.8750495910645,
      1864.8750495910645,
      1864.8750495910645,
      1864.8750495910645,
      1864.8750495910645,
      1864.8750495910645,
      1864.8750495910645,
      1864.8750495910645,
      1864.8750495910645,
      1864.8750495910645,
      128.06250381469727,
      628.0000038146973
    ]
  }
}