{
  "model": {
    "model_name": "llama2_1B",
    "num_layers": 18,
    "parameters": {
      "total_parameters_bytes": 4223967232.0,
      "parameters_per_layer_bytes": [
        262144000,
        205537280.0,
        205537280.0,
        205537280.0,
        205537280.0,
        205537280.0,
        205537280.0,
        205537280.0,
        205537280.0,
        205537280.0,
        205537280.0,
        205537280.0,
        205537280.0,
        205537280.0,
        205537280.0,
        205537280.0,
        205537280.0,
        205537280.0,
        205537280.0,
        8192,
        262144000
      ],
      "activation_parameters_bytes": [
        134217728,
        2080374784.0,
        2080374784.0,
        2080374784.0,
        2080374784.0,
        2080374784.0,
        2080374784.0,
        2080374784.0,
        2080374784.0,
        2080374784.0,
        2080374784.0,
        2080374784.0,
        2080374784.0,
        2080374784.0,
        2080374784.0,
        2080374784.0,
        2080374784.0,
        2080374784.0,
        2080374784.0,
        134217728,
        2097152000
      ]
    }
  },
  "execution_time": {
    "total_time_ms": 2411.0744120683576,
    "forward_backward_time_ms": 2297.6779767445155,
    "batch_generator_time_ms": 40.596076420375276,
    "layernorm_grads_all_reduce_time_ms": null,
    "embedding_grads_all_reduce_time_ms": null,
    "optimizer_time_ms": 51.02095794172689,
    "layer_compute_total_ms": [
      11.79088865007673,
      120.69139310291835,
      120.69139310291835,
      120.69139310291835,
      120.69139310291835,
      120.69139310291835,
      120.69139310291835,
      120.69139310291835,
      120.69139310291835,
      120.69139310291835,
      120.69139310291835,
      120.69139310291835,
      120.69139310291835,
      120.69139310291835,
      120.69139310291835,
      120.69139310291835,
      120.69139310291835,
      120.69139310291835,
      120.69139310291835,
      3.2417774200439453,
      70.85462978907994
    ]
  },
  "execution_memory": {
    "total_memory_mb": 88321.25277709961,
    "layer_memory_total_mb": [
      1750.500015258789,
      4242.375198364258,
      4242.375198364258,
      4242.375198364258,
      4242.375198364258,
      4242.375198364258,
      4242.375198364258,
      4242.375198364258,
      4242.375198364258,
      4242.375198364258,
      4242.375198364258,
      4242.375198364258,
      4242.375198364258,
      4242.375198364258,
      4242.375198364258,
      4242.375198364258,
      4242.375198364258,
      4242.375198364258,
      4242.375198364258,
      256.18751525878906,
      1512.000015258789
    ]
  }
}