{
  "model": {
    "model_name": "llama2_1B",
    "num_layers": 18,
    "parameters": {
      "total_parameters_bytes": 4223967232.0,
      "parameters_per_layer_bytes": [
        262144000,
        205537280.0,
        205537280.0,
        205537280.0,
        205537280.0,
        205537280.0,
        205537280.0,
        205537280.0,
        205537280.0,
        205537280.0,
        205537280.0,
        205537280.0,
        205537280.0,
        205537280.0,
        205537280.0,
        205537280.0,
        205537280.0,
        205537280.0,
        205537280.0,
        8192,
        262144000
      ],
      "activation_parameters_bytes": [
        33554432,
        520093696.0,
        520093696.0,
        520093696.0,
        520093696.0,
        520093696.0,
        520093696.0,
        520093696.0,
        520093696.0,
        520093696.0,
        520093696.0,
        520093696.0,
        520093696.0,
        520093696.0,
        520093696.0,
        520093696.0,
        520093696.0,
        520093696.0,
        520093696.0,
        33554432,
        524288000
      ]
    }
  },
  "execution_time": {
    "total_time_ms": 347.1045394264242,
    "forward_backward_time_ms": 304.089793254823,
    "batch_generator_time_ms": 5.264162578193281,
    "layernorm_grads_all_reduce_time_ms": null,
    "embedding_grads_all_reduce_time_ms": null,
    "optimizer_time_ms": 25.5111214080067,
    "layer_compute_total_ms": [
      1.9947778299208203,
      15.792102523957771,
      15.792102523957771,
      15.792102523957771,
      15.792102523957771,
      15.792102523957771,
      15.792102523957771,
      15.792102523957771,
      15.792102523957771,
      15.792102523957771,
      15.792102523957771,
      15.792102523957771,
      15.792102523957771,
      15.792102523957771,
      15.792102523957771,
      15.792102523957771,
      15.792102523957771,
      15.792102523957771,
      15.792102523957771,
      1.4175436434646318,
      7.746475549716081
    ]
  },
  "execution_memory": {
    "total_memory_mb": 8361.360069274902,
    "layer_memory_total_mb": [
      437.53125381469727,
      412.38286209106445,
      412.38286209106445,
      412.38286209106445,
      412.38286209106445,
      412.38286209106445,
      412.38286209106445,
      412.38286209106445,
      412.38286209106445,
      412.38286209106445,
      412.38286209106445,
      412.38286209106445,
      412.38286209106445,
      412.38286209106445,
      412.38286209106445,
      412.38286209106445,
      412.38286209106445,
      412.38286209106445,
      412.38286209106445,
      16.035160064697266,
      282.00000381469727
    ]
  }
}