{
  "model": {
    "model_name": "llama2_1B",
    "num_layers": 18,
    "parameters": {
      "total_parameters_bytes": 4223967232.0,
      "parameters_per_layer_bytes": [
        262144000,
        205537280.0,
        205537280.0,
        205537280.0,
        205537280.0,
        205537280.0,
        205537280.0,
        205537280.0,
        205537280.0,
        205537280.0,
        205537280.0,
        205537280.0,
        205537280.0,
        205537280.0,
        205537280.0,
        205537280.0,
        205537280.0,
        205537280.0,
        205537280.0,
        8192,
        262144000
      ],
      "activation_parameters_bytes": [
        67108864,
        1040187392.0,
        1040187392.0,
        1040187392.0,
        1040187392.0,
        1040187392.0,
        1040187392.0,
        1040187392.0,
        1040187392.0,
        1040187392.0,
        1040187392.0,
        1040187392.0,
        1040187392.0,
        1040187392.0,
        1040187392.0,
        1040187392.0,
        1040187392.0,
        1040187392.0,
        1040187392.0,
        67108864,
        1048576000
      ]
    }
  },
  "execution_time": {
    "total_time_ms": 467.0396019097315,
    "forward_backward_time_ms": 436.22379652115194,
    "batch_generator_time_ms": 5.247773230960187,
    "layernorm_grads_all_reduce_time_ms": null,
    "embedding_grads_all_reduce_time_ms": null,
    "optimizer_time_ms": 20.322008809360884,
    "layer_compute_total_ms": [
      0.7143854466066116,
      22.814931084881948,
      22.814931084881948,
      22.814931084881948,
      22.814931084881948,
      22.814931084881948,
      22.814931084881948,
      22.814931084881948,
      22.814931084881948,
      22.814931084881948,
      22.814931084881948,
      22.814931084881948,
      22.814931084881948,
      22.814931084881948,
      22.814931084881948,
      22.814931084881948,
      22.814931084881948,
      22.814931084881948,
      22.814931084881948,
      0.7999963745965841,
      17.438606054346778
    ]
  },
  "execution_memory": {
    "total_memory_mb": 23712.313194274902,
    "layer_memory_total_mb": [
      625.0625038146973,
      1128.5937995910645,
      1128.5937995910645,
      1128.5937995910645,
      1128.5937995910645,
      1128.5937995910645,
      1128.5937995910645,
      1128.5937995910645,
      1128.5937995910645,
      1128.5937995910645,
      1128.5937995910645,
      1128.5937995910645,
      1128.5937995910645,
      1128.5937995910645,
      1128.5937995910645,
      1128.5937995910645,
      1128.5937995910645,
      1128.5937995910645,
      1128.5937995910645,
      64.04687881469727,
      564.0000038146973
    ]
  }
}