{
  "model": {
    "model_name": "llama2_1B",
    "num_layers": 18,
    "parameters": {
      "total_parameters_bytes": 4223967232.0,
      "parameters_per_layer_bytes": [
        262144000,
        205537280.0,
        205537280.0,
        205537280.0,
        205537280.0,
        205537280.0,
        205537280.0,
        205537280.0,
        205537280.0,
        205537280.0,
        205537280.0,
        205537280.0,
        205537280.0,
        205537280.0,
        205537280.0,
        205537280.0,
        205537280.0,
        205537280.0,
        205537280.0,
        8192,
        262144000
      ],
      "activation_parameters_bytes": [
        67108864,
        1040187392.0,
        1040187392.0,
        1040187392.0,
        1040187392.0,
        1040187392.0,
        1040187392.0,
        1040187392.0,
        1040187392.0,
        1040187392.0,
        1040187392.0,
        1040187392.0,
        1040187392.0,
        1040187392.0,
        1040187392.0,
        1040187392.0,
        1040187392.0,
        1040187392.0,
        1040187392.0,
        67108864,
        1048576000
      ]
    }
  },
  "execution_time": {
    "total_time_ms": 1290.265450022911,
    "forward_backward_time_ms": 1189.3828255789622,
    "batch_generator_time_ms": 23.090192249843053,
    "layernorm_grads_all_reduce_time_ms": null,
    "embedding_grads_all_reduce_time_ms": null,
    "optimizer_time_ms": 50.48979236910235,
    "layer_compute_total_ms": [
      3.724030085972377,
      62.39727565220424,
      62.39727565220424,
      62.39727565220424,
      62.39727565220424,
      62.39727565220424,
      62.39727565220424,
      62.39727565220424,
      62.39727565220424,
      62.39727565220424,
      62.39727565220424,
      62.39727565220424,
      62.39727565220424,
      62.39727565220424,
      62.39727565220424,
      62.39727565220424,
      62.39727565220424,
      62.39727565220424,
      62.39727565220424,
      3.009251185825893,
      34.11350931440081
    ]
  },
  "execution_memory": {
    "total_memory_mb": 52345.37777709961,
    "layer_memory_total_mb": [
      1750.250015258789,
      2513.812698364258,
      2513.812698364258,
      2513.812698364258,
      2513.812698364258,
      2513.812698364258,
      2513.812698364258,
      2513.812698364258,
      2513.812698364258,
      2513.812698364258,
      2513.812698364258,
      2513.812698364258,
      2513.812698364258,
      2513.812698364258,
      2513.812698364258,
      2513.812698364258,
      2513.812698364258,
      2513.812698364258,
      2513.812698364258,
      128.15626525878906,
      1256.000015258789
    ]
  }
}