{
  "model": {
    "model_name": "llama2_1B",
    "num_layers": 18,
    "parameters": {
      "total_parameters_bytes": 4223967232.0,
      "parameters_per_layer_bytes": [
        262144000,
        205537280.0,
        205537280.0,
        205537280.0,
        205537280.0,
        205537280.0,
        205537280.0,
        205537280.0,
        205537280.0,
        205537280.0,
        205537280.0,
        205537280.0,
        205537280.0,
        205537280.0,
        205537280.0,
        205537280.0,
        205537280.0,
        205537280.0,
        205537280.0,
        8192,
        262144000
      ],
      "activation_parameters_bytes": [
        67108864,
        1040187392.0,
        1040187392.0,
        1040187392.0,
        1040187392.0,
        1040187392.0,
        1040187392.0,
        1040187392.0,
        1040187392.0,
        1040187392.0,
        1040187392.0,
        1040187392.0,
        1040187392.0,
        1040187392.0,
        1040187392.0,
        1040187392.0,
        1040187392.0,
        1040187392.0,
        1040187392.0,
        67108864,
        1048576000
      ]
    }
  },
  "execution_time": {
    "total_time_ms": 595.61987698387,
    "forward_backward_time_ms": 549.0498503586916,
    "batch_generator_time_ms": 10.659029478888408,
    "layernorm_grads_all_reduce_time_ms": null,
    "embedding_grads_all_reduce_time_ms": null,
    "optimizer_time_ms": 23.30739300141059,
    "layer_compute_total_ms": [
      1.7191085304591482,
      28.804195018501492,
      28.804195018501492,
      28.804195018501492,
      28.804195018501492,
      28.804195018501492,
      28.804195018501492,
      28.804195018501492,
      28.804195018501492,
      28.804195018501492,
      28.804195018501492,
      28.804195018501492,
      28.804195018501492,
      28.804195018501492,
      28.804195018501492,
      28.804195018501492,
      28.804195018501492,
      28.804195018501492,
      28.804195018501492,
      1.3891481176089435,
      15.747677519359073
    ]
  },
  "execution_memory": {
    "total_memory_mb": 13086.344444274902,
    "layer_memory_total_mb": [
      437.56250381469727,
      628.4531745910645,
      628.4531745910645,
      628.4531745910645,
      628.4531745910645,
      628.4531745910645,
      628.4531745910645,
      628.4531745910645,
      628.4531745910645,
      628.4531745910645,
      628.4531745910645,
      628.4531745910645,
      628.4531745910645,
      628.4531745910645,
      628.4531745910645,
      628.4531745910645,
      628.4531745910645,
      628.4531745910645,
      628.4531745910645,
      32.039066314697266,
      314.00000381469727
    ]
  }
}