{
  "model": {
    "model_name": "llama2_1B",
    "num_layers": 18,
    "parameters": {
      "total_parameters_bytes": 4223967232.0,
      "parameters_per_layer_bytes": [
        262144000,
        205537280.0,
        205537280.0,
        205537280.0,
        205537280.0,
        205537280.0,
        205537280.0,
        205537280.0,
        205537280.0,
        205537280.0,
        205537280.0,
        205537280.0,
        205537280.0,
        205537280.0,
        205537280.0,
        205537280.0,
        205537280.0,
        205537280.0,
        205537280.0,
        8192,
        262144000
      ],
      "activation_parameters_bytes": [
        134217728,
        2080374784.0,
        2080374784.0,
        2080374784.0,
        2080374784.0,
        2080374784.0,
        2080374784.0,
        2080374784.0,
        2080374784.0,
        2080374784.0,
        2080374784.0,
        2080374784.0,
        2080374784.0,
        2080374784.0,
        2080374784.0,
        2080374784.0,
        2080374784.0,
        2080374784.0,
        2080374784.0,
        134217728,
        2097152000
      ]
    }
  },
  "execution_time": {
    "total_time_ms": 1113.0142597320664,
    "forward_backward_time_ms": 1060.6675346013603,
    "batch_generator_time_ms": 18.740198029097307,
    "layernorm_grads_all_reduce_time_ms": null,
    "embedding_grads_all_reduce_time_ms": null,
    "optimizer_time_ms": 23.552592757026055,
    "layer_compute_total_ms": [
      5.4429789212479545,
      55.71426617034166,
      55.71426617034166,
      55.71426617034166,
      55.71426617034166,
      55.71426617034166,
      55.71426617034166,
      55.71426617034166,
      55.71426617034166,
      55.71426617034166,
      55.71426617034166,
      55.71426617034166,
      55.71426617034166,
      55.71426617034166,
      55.71426617034166,
      55.71426617034166,
      55.71426617034166,
      55.71426617034166,
      55.71426617034166,
      1.4964882366658552,
      32.708328257538064
    ]
  },
  "execution_memory": {
    "total_memory_mb": 22080.313194274902,
    "layer_memory_total_mb": [
      437.62500381469727,
      1060.5937995910645,
      1060.5937995910645,
      1060.5937995910645,
      1060.5937995910645,
      1060.5937995910645,
      1060.5937995910645,
      1060.5937995910645,
      1060.5937995910645,
      1060.5937995910645,
      1060.5937995910645,
      1060.5937995910645,
      1060.5937995910645,
      1060.5937995910645,
      1060.5937995910645,
      1060.5937995910645,
      1060.5937995910645,
      1060.5937995910645,
      1060.5937995910645,
      64.04687881469727,
      378.00000381469727
    ]
  }
}