{
  "model": {
    "model_name": "llama2_1B",
    "num_layers": 18,
    "parameters": {
      "total_parameters_bytes": 4223967232.0,
      "parameters_per_layer_bytes": [
        262144000,
        205537280.0,
        205537280.0,
        205537280.0,
        205537280.0,
        205537280.0,
        205537280.0,
        205537280.0,
        205537280.0,
        205537280.0,
        205537280.0,
        205537280.0,
        205537280.0,
        205537280.0,
        205537280.0,
        205537280.0,
        205537280.0,
        205537280.0,
        205537280.0,
        8192,
        262144000
      ],
      "activation_parameters_bytes": [
        134217728,
        2080374784.0,
        2080374784.0,
        2080374784.0,
        2080374784.0,
        2080374784.0,
        2080374784.0,
        2080374784.0,
        2080374784.0,
        2080374784.0,
        2080374784.0,
        2080374784.0,
        2080374784.0,
        2080374784.0,
        2080374784.0,
        2080374784.0,
        2080374784.0,
        2080374784.0,
        2080374784.0,
        134217728,
        2097152000
      ]
    }
  },
  "execution_time": {
    "total_time_ms": 2737.383928860758,
    "forward_backward_time_ms": 2648.315912149507,
    "batch_generator_time_ms": 16.90258613298239,
    "layernorm_grads_all_reduce_time_ms": null,
    "embedding_grads_all_reduce_time_ms": null,
    "optimizer_time_ms": 67.71274169051682,
    "layer_compute_total_ms": [
      0.20343837710229673,
      138.74720976380678,
      138.74720976380678,
      138.74720976380678,
      138.74720976380678,
      138.74720976380678,
      138.74720976380678,
      138.74720976380678,
      138.74720976380678,
      138.74720976380678,
      138.74720976380678,
      138.74720976380678,
      138.74720976380678,
      138.74720976380678,
      138.74720976380678,
      138.74720976380678,
      138.74720976380678,
      138.74720976380678,
      138.74720976380678,
      2.6734246087187508,
      132.95731723161674
    ]
  },
  "execution_memory": {
    "total_memory_mb": 71078.1256942749,
    "layer_memory_total_mb": [
      1000.1250038146973,
      3473.4375495910645,
      3473.4375495910645,
      3473.4375495910645,
      3473.4375495910645,
      3473.4375495910645,
      3473.4375495910645,
      3473.4375495910645,
      3473.4375495910645,
      3473.4375495910645,
      3473.4375495910645,
      3473.4375495910645,
      3473.4375495910645,
      3473.4375495910645,
      3473.4375495910645,
      3473.4375495910645,
      3473.4375495910645,
      3473.4375495910645,
      3473.4375495910645,
      256.09375381469727,
      1128.0000038146973
    ]
  }
}