{
  "model": {
    "model_name": "llama2_1B",
    "num_layers": 18,
    "parameters": {
      "total_parameters_bytes": 4223967232.0,
      "parameters_per_layer_bytes": [
        262144000,
        205537280.0,
        205537280.0,
        205537280.0,
        205537280.0,
        205537280.0,
        205537280.0,
        205537280.0,
        205537280.0,
        205537280.0,
        205537280.0,
        205537280.0,
        205537280.0,
        205537280.0,
        205537280.0,
        205537280.0,
        205537280.0,
        205537280.0,
        205537280.0,
        8192,
        262144000
      ],
      "activation_parameters_bytes": [
        16777216,
        260046848.0,
        260046848.0,
        260046848.0,
        260046848.0,
        260046848.0,
        260046848.0,
        260046848.0,
        260046848.0,
        260046848.0,
        260046848.0,
        260046848.0,
        260046848.0,
        260046848.0,
        260046848.0,
        260046848.0,
        260046848.0,
        260046848.0,
        260046848.0,
        16777216,
        262144000
      ]
    }
  },
  "execution_time": {
    "total_time_ms": 225.69472620879986,
    "forward_backward_time_ms": 184.76768964150352,
    "batch_generator_time_ms": 2.039921593190696,
    "layernorm_grads_all_reduce_time_ms": null,
    "embedding_grads_all_reduce_time_ms": null,
    "optimizer_time_ms": 36.17333855079104,
    "layer_compute_total_ms": [
      0.04385539361604297,
      9.621263400246644,
      9.621263400246644,
      9.621263400246644,
      9.621263400246644,
      9.621263400246644,
      9.621263400246644,
      9.621263400246644,
      9.621263400246644,
      9.621263400246644,
      9.621263400246644,
      9.621263400246644,
      9.621263400246644,
      9.621263400246644,
      9.621263400246644,
      9.621263400246644,
      9.621263400246644,
      9.621263400246644,
      9.621263400246644,
      0.23026789800222905,
      8.878829833763234
    ]
  },
  "execution_memory": {
    "total_memory_mb": 22394.344444274902,
    "layer_memory_total_mb": [
      1000.0156288146973,
      1120.4531745910645,
      1120.4531745910645,
      1120.4531745910645,
      1120.4531745910645,
      1120.4531745910645,
      1120.4531745910645,
      1120.4531745910645,
      1120.4531745910645,
      1120.4531745910645,
      1120.4531745910645,
      1120.4531745910645,
      1120.4531745910645,
      1120.4531745910645,
      1120.4531745910645,
      1120.4531745910645,
      1120.4531745910645,
      1120.4531745910645,
      1120.4531745910645,
      32.039066314697266,
      1016.0000038146973
    ]
  }
}