{
  "model": {
    "model_name": "llama2_1B",
    "num_layers": 18,
    "parameters": {
      "total_parameters_bytes": 4223967232.0,
      "parameters_per_layer_bytes": [
        262144000,
        205537280.0,
        205537280.0,
        205537280.0,
        205537280.0,
        205537280.0,
        205537280.0,
        205537280.0,
        205537280.0,
        205537280.0,
        205537280.0,
        205537280.0,
        205537280.0,
        205537280.0,
        205537280.0,
        205537280.0,
        205537280.0,
        205537280.0,
        205537280.0,
        8192,
        262144000
      ],
      "activation_parameters_bytes": [
        268435456,
        4160749568.0,
        4160749568.0,
        4160749568.0,
        4160749568.0,
        4160749568.0,
        4160749568.0,
        4160749568.0,
        4160749568.0,
        4160749568.0,
        4160749568.0,
        4160749568.0,
        4160749568.0,
        4160749568.0,
        4160749568.0,
        4160749568.0,
        4160749568.0,
        4160749568.0,
        4160749568.0,
        268435456,
        4194304000
      ]
    }
  },
  "execution_time": {
    "total_time_ms": 11486.576947152767,
    "forward_backward_time_ms": 11247.763514518738,
    "batch_generator_time_ms": 81.08377456665039,
    "layernorm_grads_all_reduce_time_ms": null,
    "embedding_grads_all_reduce_time_ms": null,
    "optimizer_time_ms": 146.16083929383674,
    "layer_compute_total_ms": [
      0.7870537894112724,
      588.2098759923663,
      588.2098759923663,
      588.2098759923663,
      588.2098759923663,
      588.2098759923663,
      588.2098759923663,
      588.2098759923663,
      588.2098759923663,
      588.2098759923663,
      588.2098759923663,
      588.2098759923663,
      588.2098759923663,
      588.2098759923663,
      588.2098759923663,
      588.2098759923663,
      588.2098759923663,
      588.2098759923663,
      588.2098759923663,
      11.368513107299805,
      587.1892997196743
    ]
  },
  "execution_memory": {
    "total_memory_mb": 125855.8756942749,
    "layer_memory_total_mb": [
      1000.2500038146973,
      6162.562549591064,
      6162.562549591064,
      6162.562549591064,
      6162.562549591064,
      6162.562549591064,
      6162.562549591064,
      6162.562549591064,
      6162.562549591064,
      6162.562549591064,
      6162.562549591064,
      6162.562549591064,
      6162.562549591064,
      6162.562549591064,
      6162.562549591064,
      6162.562549591064,
      6162.562549591064,
      6162.562549591064,
      6162.562549591064,
      512.1562538146973,
      1256.0000038146973
    ]
  }
}