{
  "model": {
    "model_name": "llama2_1B",
    "num_layers": 18,
    "parameters": {
      "total_parameters_bytes": 4223967232.0,
      "parameters_per_layer_bytes": [
        262144000,
        205537280.0,
        205537280.0,
        205537280.0,
        205537280.0,
        205537280.0,
        205537280.0,
        205537280.0,
        205537280.0,
        205537280.0,
        205537280.0,
        205537280.0,
        205537280.0,
        205537280.0,
        205537280.0,
        205537280.0,
        205537280.0,
        205537280.0,
        205537280.0,
        8192,
        262144000
      ],
      "activation_parameters_bytes": [
        134217728,
        2080374784.0,
        2080374784.0,
        2080374784.0,
        2080374784.0,
        2080374784.0,
        2080374784.0,
        2080374784.0,
        2080374784.0,
        2080374784.0,
        2080374784.0,
        2080374784.0,
        2080374784.0,
        2080374784.0,
        2080374784.0,
        2080374784.0,
        2080374784.0,
        2080374784.0,
        2080374784.0,
        134217728,
        2097152000
      ]
    }
  },
  "execution_time": {
    "total_time_ms": 915.3681975453982,
    "forward_backward_time_ms": 879.7085396594422,
    "batch_generator_time_ms": 10.095664933468868,
    "layernorm_grads_all_reduce_time_ms": null,
    "embedding_grads_all_reduce_time_ms": null,
    "optimizer_time_ms": 20.49116632782906,
    "layer_compute_total_ms": [
      1.329044244762377,
      46.187245640536055,
      46.187245640536055,
      46.187245640536055,
      46.187245640536055,
      46.187245640536055,
      46.187245640536055,
      46.187245640536055,
      46.187245640536055,
      46.187245640536055,
      46.187245640536055,
      46.187245640536055,
      46.187245640536055,
      46.187245640536055,
      46.187245640536055,
      46.187245640536055,
      46.187245640536055,
      46.187245640536055,
      46.187245640536055,
      0.9606356066182592,
      34.79596755468322
    ]
  },
  "execution_memory": {
    "total_memory_mb": 39254.2506942749,
    "layer_memory_total_mb": [
      625.1250038146973,
      1864.8750495910645,
      1864.8750495910645,
      1864.8750495910645,
      1864.8750495910645,
      1864.8750495910645,
      1864.8750495910645,
      1864.8750495910645,
      1864.8750495910645,
      1864.8750495910645,
      1864.8750495910645,
      1864.8750495910645,
      1864.8750495910645,
      1864.8750495910645,
      1864.8750495910645,
      1864.8750495910645,
      1864.8750495910645,
      1864.8750495910645,
      1864.8750495910645,
      128.06250381469727,
      628.0000038146973
    ]
  }
}