{
  "model": {
    "model_name": "llama2_1B",
    "num_layers": 18,
    "parameters": {
      "total_parameters_bytes": 4223967232.0,
      "parameters_per_layer_bytes": [
        262144000,
        205537280.0,
        205537280.0,
        205537280.0,
        205537280.0,
        205537280.0,
        205537280.0,
        205537280.0,
        205537280.0,
        205537280.0,
        205537280.0,
        205537280.0,
        205537280.0,
        205537280.0,
        205537280.0,
        205537280.0,
        205537280.0,
        205537280.0,
        205537280.0,
        8192,
        262144000
      ],
      "activation_parameters_bytes": [
        67108864,
        1040187392.0,
        1040187392.0,
        1040187392.0,
        1040187392.0,
        1040187392.0,
        1040187392.0,
        1040187392.0,
        1040187392.0,
        1040187392.0,
        1040187392.0,
        1040187392.0,
        1040187392.0,
        1040187392.0,
        1040187392.0,
        1040187392.0,
        1040187392.0,
        1040187392.0,
        1040187392.0,
        67108864,
        1048576000
      ]
    }
  },
  "execution_time": {
    "total_time_ms": 881.2441235719375,
    "forward_backward_time_ms": 823.0986316248309,
    "batch_generator_time_ms": 9.901878347600196,
    "layernorm_grads_all_reduce_time_ms": null,
    "embedding_grads_all_reduce_time_ms": null,
    "optimizer_time_ms": 38.34503705723819,
    "layer_compute_total_ms": [
      1.3479541653709024,
      43.0488632356639,
      43.0488632356639,
      43.0488632356639,
      43.0488632356639,
      43.0488632356639,
      43.0488632356639,
      43.0488632356639,
      43.0488632356639,
      43.0488632356639,
      43.0488632356639,
      43.0488632356639,
      43.0488632356639,
      43.0488632356639,
      43.0488632356639,
      43.0488632356639,
      43.0488632356639,
      43.0488632356639,
      43.0488632356639,
      1.5094910605211453,
      32.90442404849716
    ]
  },
  "execution_memory": {
    "total_memory_mb": 23712.313194274902,
    "layer_memory_total_mb": [
      625.0625038146973,
      1128.5937995910645,
      1128.5937995910645,
      1128.5937995910645,
      1128.5937995910645,
      1128.5937995910645,
      1128.5937995910645,
      1128.5937995910645,
      1128.5937995910645,
      1128.5937995910645,
      1128.5937995910645,
      1128.5937995910645,
      1128.5937995910645,
      1128.5937995910645,
      1128.5937995910645,
      1128.5937995910645,
      1128.5937995910645,
      1128.5937995910645,
      1128.5937995910645,
      64.04687881469727,
      564.0000038146973
    ]
  }
}