{
  "model": {
    "model_name": "wide_resnet_250M",
    "num_layers": 18,
    "parameters": {
      "total_parameters_bytes": 998171920,
      "parameters_per_layer_bytes": [
        96640,
        3202560,
        3089920,
        3089920,
        14801920,
        12323840,
        12323840,
        12323840,
        59095040,
        49223680,
        49223680,
        49223680,
        49223680,
        49223680,
        236154880,
        196751360,
        196751360,
        2048400
      ],
      "activation_parameters_bytes": [
        737280,
        1802240,
        1310720,
        1310720,
        1146880,
        655360,
        655360,
        655360,
        573440,
        327680,
        327680,
        327680,
        327680,
        327680,
        286720,
        163840,
        163840,
        41760
      ]
    }
  },
  "execution_time": {
    "total_time_ms": 29.980180366809524,
    "forward_backward_time_ms": 20.035608638585483,
    "batch_generator_time_ms": 0.46583044109350125,
    "layernorm_grads_all_reduce_time_ms": null,
    "embedding_grads_all_reduce_time_ms": null,
    "optimizer_time_ms": 7.783839899858704,
    "layer_compute_total_ms": [
      0.15618286407452342,
      0.5125639751152028,
      0.3909937908815153,
      0.39146042626865163,
      0.5285579030092998,
      0.4440968979376275,
      0.3822210456033526,
      0.3959984554085522,
      0.4934202583579357,
      0.38882393633133144,
      0.4110007831049846,
      0.3922770381961401,
      0.3897572071056041,
      0.45695270285323286,
      0.8157603179070211,
      0.7581541793650435,
      0.7856973330907642,
      0.19478527647537477
    ]
  },
  "execution_memory": {
    "total_memory_mb": 4958.0,
    "layer_memory_total_mb": [
      0.7697868347167969,
      12.945602416992188,
      12.32547378540039,
      12.32547378540039,
      56.90678405761719,
      47.26810073852539,
      47.26810073852539,
      47.26810073852539,
      225.6103973388672,
      187.8760108947754,
      187.8760108947754,
      187.8760108947754,
      187.8760108947754,
      187.8760108947754,
      900.6738967895508,
      750.410213470459,
      750.410213470459,
      7.833564758300781
    ]
  }
}