{
  "model": {
    "model_name": "wideresnet_250M",
    "num_layers": 18,
    "parameters": {
      "total_parameters_bytes": 997565200,
      "parameters_per_layer_bytes": [
        95360,
        3188480,
        3080960,
        3080960,
        14773760,
        12305920,
        12305920,
        12305920,
        59038720,
        49187840,
        49187840,
        49187840,
        49187840,
        49187840,
        236042240,
        196679680,
        196679680,
        2048400
      ],
      "activation_parameters_bytes": [
        18350080,
        43253760,
        32768000,
        32768000,
        27525120,
        16384000,
        16384000,
        16384000,
        13762560,
        8192000,
        8192000,
        8192000,
        8192000,
        8192000,
        6881280,
        4096000,
        4096000,
        1336320
      ]
    }
  },
  "execution_time": {
    "total_time_ms": 27.27511835934968,
    "forward_backward_time_ms": 18.429157988945338,
    "batch_generator_time_ms": 1.3489379112489706,
    "layernorm_grads_all_reduce_time_ms": null,
    "embedding_grads_all_reduce_time_ms": null,
    "optimizer_time_ms": 7.497022459155371,
    "layer_compute_total_ms": [
      0.07916469342767522,
      0.36011419413776985,
      0.33094948244175043,
      0.3003382010456084,
      0.39170540984689817,
      0.28607082408391565,
      0.285907501698418,
      0.28511422154028626,
      0.7845540763922803,
      0.4767963726912045,
      0.4706951150043973,
      0.46963351949866217,
      0.47076511031246776,
      0.46958685595994853,
      1.305610815553364,
      10.817133238630225,
      0.6959283504904163,
      0.14909000619005147
    ]
  },
  "execution_memory": {
    "total_memory_mb": 5086.0,
    "layer_memory_total_mb": [
      13.241222381591797,
      35.93998718261719,
      29.27005386352539,
      29.27005386352539,
      71.41117858886719,
      55.72757339477539,
      55.72757339477539,
      55.72757339477539,
      232.8223114013672,
      192.0801124572754,
      192.0801124572754,
      192.0801124572754,
      192.0801124572754,
      192.0801124572754,
      904.3945770263672,
      752.5976905822754,
      752.5976905822754,
      8.439033508300781
    ]
  }
}