{
  "model": {
    "model_name": "wideresnet_250M",
    "num_layers": 18,
    "parameters": {
      "total_parameters_bytes": 997565200,
      "parameters_per_layer_bytes": [
        95360,
        3188480,
        3080960,
        3080960,
        14773760,
        12305920,
        12305920,
        12305920,
        59038720,
        49187840,
        49187840,
        49187840,
        49187840,
        49187840,
        236042240,
        196679680,
        196679680,
        2048400
      ],
      "activation_parameters_bytes": [
        36700160,
        86507520,
        65536000,
        65536000,
        55050240,
        32768000,
        32768000,
        32768000,
        27525120,
        16384000,
        16384000,
        16384000,
        16384000,
        16384000,
        13762560,
        8192000,
        8192000,
        2672640
      ]
    }
  },
  "execution_time": {
    "total_time_ms": 53.33712120165375,
    "forward_backward_time_ms": 32.85795978603386,
    "batch_generator_time_ms": 5.776596476575476,
    "layernorm_grads_all_reduce_time_ms": null,
    "embedding_grads_all_reduce_time_ms": null,
    "optimizer_time_ms": 14.702564939044416,
    "layer_compute_total_ms": [
      0.39430159275421733,
      1.1143372875336066,
      0.9463854563096533,
      0.8204325889094617,
      1.0815173425329625,
      0.7300511709532949,
      0.7271235702255379,
      0.7171301060871794,
      2.5128939780506587,
      1.1880776066162075,
      1.1729113141242935,
      1.1809457070989648,
      1.1794048646106718,
      1.1793388285040307,
      3.1138885845916286,
      13.132732599935807,
      1.3473566958346253,
      0.3191304913610586
    ]
  },
  "execution_memory": {
    "total_memory_mb": 5090.0,
    "layer_memory_total_mb": [
      26.116222381591797,
      59.68998718261719,
      46.77005386352539,
      46.77005386352539,
      86.41117858886719,
      64.47757339477539,
      64.47757339477539,
      64.47757339477539,
      240.3223114013672,
      196.4551124572754,
      196.4551124572754,
      196.4551124572754,
      196.4551124572754,
      196.4551124572754,
      908.1445770263672,
      754.7851905822754,
      754.7851905822754,
      9.064033508300781
    ]
  }
}