{
  "model": {
    "model_name": "wideresnet_250M",
    "num_layers": 18,
    "parameters": {
      "total_parameters_bytes": 997565200,
      "parameters_per_layer_bytes": [
        95360,
        3188480,
        3080960,
        3080960,
        14773760,
        12305920,
        12305920,
        12305920,
        59038720,
        49187840,
        49187840,
        49187840,
        49187840,
        49187840,
        236042240,
        196679680,
        196679680,
        2048400
      ],
      "activation_parameters_bytes": [
        587202560,
        1384120320,
        1048576000,
        1048576000,
        880803840,
        524288000,
        524288000,
        524288000,
        440401920,
        262144000,
        262144000,
        262144000,
        262144000,
        262144000,
        220200960,
        131072000,
        131072000,
        42762240
      ]
    }
  },
  "execution_time": {
    "total_time_ms": 192.67332822648422,
    "forward_backward_time_ms": 103.88549359578128,
    "batch_generator_time_ms": 74.43347808197724,
    "layernorm_grads_all_reduce_time_ms": null,
    "embedding_grads_all_reduce_time_ms": null,
    "optimizer_time_ms": 14.354356548725711,
    "layer_compute_total_ms": [
      1.2365260968552536,
      9.144768095806569,
      8.015374575958782,
      8.04198712693516,
      9.229690528947067,
      5.433494878503685,
      5.429048447323182,
      5.447802701609264,
      7.256795806936517,
      5.46347527091876,
      5.473468735057119,
      5.469814737156309,
      5.474723421083301,
      5.418834862829353,
      7.685656295499595,
      4.622197284346247,
      4.64176598394757,
      0.4000687460675431
    ]
  },
  "execution_memory": {
    "total_memory_mb": 10212.0,
    "layer_memory_total_mb": [
      412.3662223815918,
      772.1899871826172,
      571.7700538635254,
      571.7700538635254,
      536.4111785888672,
      326.9775733947754,
      326.9775733947754,
      326.9775733947754,
      465.3223114013672,
      327.7051124572754,
      327.7051124572754,
      327.7051124572754,
      327.7051124572754,
      327.7051124572754,
      1020.6445770263672,
      820.4101905822754,
      820.4101905822754,
      27.81403350830078
    ]
  }
}