{
  "model": {
    "model_name": "wideresnet_250M",
    "num_layers": 18,
    "parameters": {
      "total_parameters_bytes": 997565200,
      "parameters_per_layer_bytes": [
        95360,
        3188480,
        3080960,
        3080960,
        14773760,
        12305920,
        12305920,
        12305920,
        59038720,
        49187840,
        49187840,
        49187840,
        49187840,
        49187840,
        236042240,
        196679680,
        196679680,
        2048400
      ],
      "activation_parameters_bytes": [
        293601280,
        692060160,
        524288000,
        524288000,
        440401920,
        262144000,
        262144000,
        262144000,
        220200960,
        131072000,
        131072000,
        131072000,
        131072000,
        131072000,
        110100480,
        65536000,
        65536000,
        21381120
      ]
    }
  },
  "execution_time": {
    "total_time_ms": 116.37760992519144,
    "forward_backward_time_ms": 66.1037936504422,
    "batch_generator_time_ms": 36.144246633029944,
    "layernorm_grads_all_reduce_time_ms": null,
    "embedding_grads_all_reduce_time_ms": null,
    "optimizer_time_ms": 14.129569641719288,
    "layer_compute_total_ms": [
      0.6212236672087044,
      4.743065371535071,
      4.127608857639693,
      4.13000816951432,
      4.622285332488435,
      2.6694215628256956,
      2.6684090091905315,
      2.6741101263972165,
      3.882416793681158,
      3.9015892766426346,
      3.885674574942121,
      3.846140959099628,
      3.8511156791332604,
      10.436368305600528,
      4.767542755063385,
      2.497903781843121,
      2.5087116912967202,
      0.2701977363399775
    ]
  },
  "execution_memory": {
    "total_memory_mb": 7124.0,
    "layer_memory_total_mb": [
      206.3662223815918,
      392.1899871826172,
      291.7700538635254,
      291.7700538635254,
      296.4111785888672,
      186.9775733947754,
      186.9775733947754,
      186.9775733947754,
      345.3223114013672,
      257.7051124572754,
      257.7051124572754,
      257.7051124572754,
      257.7051124572754,
      257.7051124572754,
      960.6445770263672,
      785.4101905822754,
      785.4101905822754,
      17.81403350830078
    ]
  }
}