{
  "model": {
    "model_name": "wideresnet_250M",
    "num_layers": 18,
    "parameters": {
      "total_parameters_bytes": 997565200,
      "parameters_per_layer_bytes": [
        95360,
        3188480,
        3080960,
        3080960,
        14773760,
        12305920,
        12305920,
        12305920,
        59038720,
        49187840,
        49187840,
        49187840,
        49187840,
        49187840,
        236042240,
        196679680,
        196679680,
        2048400
      ],
      "activation_parameters_bytes": [
        146800640,
        346030080,
        262144000,
        262144000,
        220200960,
        131072000,
        131072000,
        131072000,
        110100480,
        65536000,
        65536000,
        65536000,
        65536000,
        65536000,
        55050240,
        32768000,
        32768000,
        10690560
      ]
    }
  },
  "execution_time": {
    "total_time_ms": 190.2761936187744,
    "forward_backward_time_ms": 117.9443359375,
    "batch_generator_time_ms": 41.53547286987305,
    "layernorm_grads_all_reduce_time_ms": null,
    "embedding_grads_all_reduce_time_ms": null,
    "optimizer_time_ms": 30.796384811401367,
    "layer_compute_total_ms": [
      0.7795810699462891,
      5.550193786621094,
      4.821586608886719,
      4.850339889526367,
      5.383539199829102,
      3.3307552337646484,
      3.2606124877929688,
      3.239154815673828,
      7.009077072143555,
      6.610965728759766,
      6.643390655517578,
      6.5769195556640625,
      6.5402984619140625,
      25.736093521118164,
      19.55742835998535,
      3.737306594848633,
      3.7324905395507812,
      0.5846023559570312
    ]
  },
  "execution_memory": {
    "total_memory_mb": 5612.0,
    "layer_memory_total_mb": [
      103.3662223815918,
      202.1899871826172,
      151.7700538635254,
      151.7700538635254,
      176.4111785888672,
      116.97757339477539,
      116.97757339477539,
      116.97757339477539,
      285.3223114013672,
      222.7051124572754,
      222.7051124572754,
      222.7051124572754,
      222.7051124572754,
      222.7051124572754,
      930.6445770263672,
      767.9101905822754,
      767.9101905822754,
      12.814033508300781
    ]
  }
}