{
  "model": {
    "model_name": "wideresnet_250M",
    "num_layers": 18,
    "parameters": {
      "total_parameters_bytes": 997565200,
      "parameters_per_layer_bytes": [
        95360,
        3188480,
        3080960,
        3080960,
        14773760,
        12305920,
        12305920,
        12305920,
        59038720,
        49187840,
        49187840,
        49187840,
        49187840,
        49187840,
        236042240,
        196679680,
        196679680,
        2048400
      ],
      "activation_parameters_bytes": [
        2293760,
        5406720,
        4096000,
        4096000,
        3440640,
        2048000,
        2048000,
        2048000,
        1720320,
        1024000,
        1024000,
        1024000,
        1024000,
        1024000,
        860160,
        512000,
        512000,
        167040
      ]
    }
  },
  "execution_time": {
    "total_time_ms": 33.32648596265271,
    "forward_backward_time_ms": 18.789825735526374,
    "batch_generator_time_ms": 0.43427544930765105,
    "layernorm_grads_all_reduce_time_ms": null,
    "embedding_grads_all_reduce_time_ms": null,
    "optimizer_time_ms": 14.102384777818687,
    "layer_compute_total_ms": [
      0.13759723420457837,
      0.6413646797342505,
      0.5531184292261471,
      0.5143772466633478,
      0.6478142061495347,
      0.5083019248523635,
      0.5129024402816958,
      0.5132986569215426,
      0.7254946795950565,
      0.5755266814130389,
      0.5374018358455569,
      0.539360907009244,
      0.538414389480721,
      0.5429488688034123,
      1.491975769378711,
      8.385418905540156,
      1.195121457991262,
      0.22938742243575608
    ]
  },
  "execution_memory": {
    "total_memory_mb": 4970.0,
    "layer_memory_total_mb": [
      1.9755973815917969,
      15.158737182617188,
      13.95755386352539,
      13.95755386352539,
      58.28617858886719,
      48.07132339477539,
      48.07132339477539,
      48.07132339477539,
      226.2598114013672,
      188.2519874572754,
      188.2519874572754,
      188.2519874572754,
      188.2519874572754,
      188.2519874572754,
      901.1133270263672,
      750.6836280822754,
      750.6836280822754,
      7.892158508300781
    ]
  }
}