{
  "model": {
    "model_name": "wideresnet_250M",
    "num_layers": 18,
    "parameters": {
      "total_parameters_bytes": 997565200,
      "parameters_per_layer_bytes": [
        95360,
        3188480,
        3080960,
        3080960,
        14773760,
        12305920,
        12305920,
        12305920,
        59038720,
        49187840,
        49187840,
        49187840,
        49187840,
        49187840,
        236042240,
        196679680,
        196679680,
        2048400
      ],
      "activation_parameters_bytes": [
        73400320,
        173015040,
        131072000,
        131072000,
        110100480,
        65536000,
        65536000,
        65536000,
        55050240,
        32768000,
        32768000,
        32768000,
        32768000,
        32768000,
        27525120,
        16384000,
        16384000,
        5345280
      ]
    }
  },
  "execution_time": {
    "total_time_ms": 31.83418108932548,
    "forward_backward_time_ms": 19.43756872643159,
    "batch_generator_time_ms": 4.913040668772725,
    "layernorm_grads_all_reduce_time_ms": null,
    "embedding_grads_all_reduce_time_ms": null,
    "optimizer_time_ms": 7.483571694121166,
    "layer_compute_total_ms": [
      0.1068595036542153,
      0.6914603166585862,
      0.6251164304924811,
      0.606486012661064,
      0.7421719173556248,
      0.5003381279722314,
      0.49884489473339527,
      0.4996498407762054,
      1.3705431296733817,
      0.9423934960911377,
      0.9511662413693003,
      0.9448899954123169,
      0.9474914876956019,
      0.9475614830036724,
      2.6702860052335065,
      5.54068859624042,
      0.7250813963017574,
      0.12653985110668925
    ]
  },
  "execution_memory": {
    "total_memory_mb": 5258.0,
    "layer_memory_total_mb": [
      51.8662223815918,
      107.18998718261719,
      81.77005386352539,
      81.77005386352539,
      116.41117858886719,
      81.97757339477539,
      81.97757339477539,
      81.97757339477539,
      255.3223114013672,
      205.2051124572754,
      205.2051124572754,
      205.2051124572754,
      205.2051124572754,
      205.2051124572754,
      915.6445770263672,
      759.1601905822754,
      759.1601905822754,
      10.314033508300781
    ]
  }
}