{
  "model": {
    "model_name": "wideresnet_250M",
    "num_layers": 18,
    "parameters": {
      "total_parameters_bytes": 997565200,
      "parameters_per_layer_bytes": [
        95360,
        3188480,
        3080960,
        3080960,
        14773760,
        12305920,
        12305920,
        12305920,
        59038720,
        49187840,
        49187840,
        49187840,
        49187840,
        49187840,
        236042240,
        196679680,
        196679680,
        2048400
      ],
      "activation_parameters_bytes": [
        587202560,
        1384120320,
        1048576000,
        1048576000,
        880803840,
        524288000,
        524288000,
        524288000,
        440401920,
        262144000,
        262144000,
        262144000,
        262144000,
        262144000,
        220200960,
        131072000,
        131072000,
        42762240
      ]
    }
  },
  "execution_time": {
    "total_time_ms": 102.11253851972438,
    "forward_backward_time_ms": 55.05697941736004,
    "batch_generator_time_ms": 39.44807238118914,
    "layernorm_grads_all_reduce_time_ms": null,
    "embedding_grads_all_reduce_time_ms": null,
    "optimizer_time_ms": 7.6074867211752135,
    "layer_compute_total_ms": [
      0.6553310718095573,
      4.846521794336444,
      4.2479685832566965,
      4.262072637832892,
      4.891528777425741,
      2.8796303057875345,
      2.8772737970824958,
      2.887213130828499,
      3.8459388654694076,
      2.895519240719526,
      2.9008155523635226,
      2.898879015506907,
      2.9014805077901924,
      2.871860826591715,
      4.073225296658826,
      2.4496607941954585,
      2.460031765674563,
      0.21202745403006149
    ]
  },
  "execution_memory": {
    "total_memory_mb": 10212.0,
    "layer_memory_total_mb": [
      412.3662223815918,
      772.1899871826172,
      571.7700538635254,
      571.7700538635254,
      536.4111785888672,
      326.9775733947754,
      326.9775733947754,
      326.9775733947754,
      465.3223114013672,
      327.7051124572754,
      327.7051124572754,
      327.7051124572754,
      327.7051124572754,
      327.7051124572754,
      1020.6445770263672,
      820.4101905822754,
      820.4101905822754,
      27.81403350830078
    ]
  }
}