{
  "model": {
    "model_name": "wideresnet_250M",
    "num_layers": 18,
    "parameters": {
      "total_parameters_bytes": 997565200,
      "parameters_per_layer_bytes": [
        95360,
        3188480,
        3080960,
        3080960,
        14773760,
        12305920,
        12305920,
        12305920,
        59038720,
        49187840,
        49187840,
        49187840,
        49187840,
        49187840,
        236042240,
        196679680,
        196679680,
        2048400
      ],
      "activation_parameters_bytes": [
        18350080,
        43253760,
        32768000,
        32768000,
        27525120,
        16384000,
        16384000,
        16384000,
        13762560,
        8192000,
        8192000,
        8192000,
        8192000,
        8192000,
        6881280,
        4096000,
        4096000,
        1336320
      ]
    }
  },
  "execution_time": {
    "total_time_ms": 111.48567199707031,
    "forward_backward_time_ms": 75.32825469970703,
    "batch_generator_time_ms": 5.513715744018555,
    "layernorm_grads_all_reduce_time_ms": null,
    "embedding_grads_all_reduce_time_ms": null,
    "optimizer_time_ms": 30.643701553344727,
    "layer_compute_total_ms": [
      0.3235816955566406,
      1.4719486236572266,
      1.3527393341064453,
      1.2276172637939453,
      1.6010761260986328,
      1.1693000793457031,
      1.1686325073242188,
      1.1653900146484375,
      3.2068252563476562,
      1.9488811492919922,
      1.9239425659179688,
      1.9196033477783203,
      1.9242286682128906,
      1.919412612915039,
      5.336618423461914,
      44.214487075805664,
      2.844572067260742,
      0.6093978881835938
    ]
  },
  "execution_memory": {
    "total_memory_mb": 5086.0,
    "layer_memory_total_mb": [
      13.241222381591797,
      35.93998718261719,
      29.27005386352539,
      29.27005386352539,
      71.41117858886719,
      55.72757339477539,
      55.72757339477539,
      55.72757339477539,
      232.8223114013672,
      192.0801124572754,
      192.0801124572754,
      192.0801124572754,
      192.0801124572754,
      192.0801124572754,
      904.3945770263672,
      752.5976905822754,
      752.5976905822754,
      8.439033508300781
    ]
  }
}