{
  "model": {
    "model_name": "wideresnet_250M",
    "num_layers": 18,
    "parameters": {
      "total_parameters_bytes": 997565200,
      "parameters_per_layer_bytes": [
        95360,
        3188480,
        3080960,
        3080960,
        14773760,
        12305920,
        12305920,
        12305920,
        59038720,
        49187840,
        49187840,
        49187840,
        49187840,
        49187840,
        236042240,
        196679680,
        196679680,
        2048400
      ],
      "activation_parameters_bytes": [
        73400320,
        173015040,
        131072000,
        131072000,
        110100480,
        65536000,
        65536000,
        65536000,
        55050240,
        32768000,
        32768000,
        32768000,
        32768000,
        32768000,
        27525120,
        16384000,
        16384000,
        5345280
      ]
    }
  },
  "execution_time": {
    "total_time_ms": 60.067036925736204,
    "forward_backward_time_ms": 36.676211496095384,
    "batch_generator_time_ms": 9.27028072249582,
    "layernorm_grads_all_reduce_time_ms": null,
    "embedding_grads_all_reduce_time_ms": null,
    "optimizer_time_ms": 14.120544707145,
    "layer_compute_total_ms": [
      0.20163024561093232,
      1.304697370944452,
      1.179514924788407,
      1.1443617040197762,
      1.4003836894674566,
      0.9440741925772136,
      0.9412566520271918,
      0.9427754824799379,
      2.5860399721734892,
      1.7781762555613903,
      1.794729306292768,
      1.7828868311684578,
      1.787795515095449,
      1.7879275873087312,
      5.038488900611962,
      10.454572258997935,
      1.3681360573910357,
      0.23876454957879725
    ]
  },
  "execution_memory": {
    "total_memory_mb": 5258.0,
    "layer_memory_total_mb": [
      51.8662223815918,
      107.18998718261719,
      81.77005386352539,
      81.77005386352539,
      116.41117858886719,
      81.97757339477539,
      81.97757339477539,
      81.97757339477539,
      255.3223114013672,
      205.2051124572754,
      205.2051124572754,
      205.2051124572754,
      205.2051124572754,
      205.2051124572754,
      915.6445770263672,
      759.1601905822754,
      759.1601905822754,
      10.314033508300781
    ]
  }
}