{
  "model": {
    "model_name": "wideresnet_250M",
    "num_layers": 18,
    "parameters": {
      "total_parameters_bytes": 997565200,
      "parameters_per_layer_bytes": [
        95360,
        3188480,
        3080960,
        3080960,
        14773760,
        12305920,
        12305920,
        12305920,
        59038720,
        49187840,
        49187840,
        49187840,
        49187840,
        49187840,
        236042240,
        196679680,
        196679680,
        2048400
      ],
      "activation_parameters_bytes": [
        146800640,
        346030080,
        262144000,
        262144000,
        220200960,
        131072000,
        131072000,
        131072000,
        110100480,
        65536000,
        65536000,
        65536000,
        65536000,
        65536000,
        55050240,
        32768000,
        32768000,
        10690560
      ]
    }
  },
  "execution_time": {
    "total_time_ms": 46.551324568909536,
    "forward_backward_time_ms": 28.855239107270656,
    "batch_generator_time_ms": 10.161708839743241,
    "layernorm_grads_all_reduce_time_ms": null,
    "embedding_grads_all_reduce_time_ms": null,
    "optimizer_time_ms": 7.534376621895633,
    "layer_compute_total_ms": [
      0.19072554860728888,
      1.3578623130279526,
      1.1796075951418814,
      1.1866421236029614,
      1.317090046076917,
      0.8148737106714622,
      0.7977131943095244,
      0.7924635462042408,
      1.7147800547638385,
      1.6173815835838121,
      1.6253143851651295,
      1.609052141923429,
      1.6000927424904117,
      6.2963696080536415,
      4.784750934964275,
      0.9143370434395669,
      0.9131587890870477,
      0.14302374615727945
    ]
  },
  "execution_memory": {
    "total_memory_mb": 5612.0,
    "layer_memory_total_mb": [
      103.3662223815918,
      202.1899871826172,
      151.7700538635254,
      151.7700538635254,
      176.4111785888672,
      116.97757339477539,
      116.97757339477539,
      116.97757339477539,
      285.3223114013672,
      222.7051124572754,
      222.7051124572754,
      222.7051124572754,
      222.7051124572754,
      222.7051124572754,
      930.6445770263672,
      767.9101905822754,
      767.9101905822754,
      12.814033508300781
    ]
  }
}