{
  "model": {
    "model_name": "wideresnet_250M",
    "num_layers": 18,
    "parameters": {
      "total_parameters_bytes": 997565200,
      "parameters_per_layer_bytes": [
        95360,
        3188480,
        3080960,
        3080960,
        14773760,
        12305920,
        12305920,
        12305920,
        59038720,
        49187840,
        49187840,
        49187840,
        49187840,
        49187840,
        236042240,
        196679680,
        196679680,
        2048400
      ],
      "activation_parameters_bytes": [
        9175040,
        21626880,
        16384000,
        16384000,
        13762560,
        8192000,
        8192000,
        8192000,
        6881280,
        4096000,
        4096000,
        4096000,
        4096000,
        4096000,
        3440640,
        2048000,
        2048000,
        668160
      ]
    }
  },
  "execution_time": {
    "total_time_ms": 20.476497418236548,
    "forward_backward_time_ms": 12.224377241501879,
    "batch_generator_time_ms": 0.6984248498115957,
    "layernorm_grads_all_reduce_time_ms": null,
    "embedding_grads_all_reduce_time_ms": null,
    "optimizer_time_ms": 7.5536953269230755,
    "layer_compute_total_ms": [
      0.07950300408334904,
      0.41530549455131716,
      0.32944458331823584,
      0.30327800398456717,
      0.3895005576426791,
      0.31553884878157373,
      0.3070810823897281,
      0.3116074456449503,
      0.545671755832524,
      0.42704137453779534,
      0.41296065173095714,
      0.41040582298638584,
      0.4071627070457885,
      0.4192485635726189,
      1.0660635395669387,
      5.298621489163459,
      0.6534411984916552,
      0.1325011181773556
    ]
  },
  "execution_memory": {
    "total_memory_mb": 5096.0,
    "layer_memory_total_mb": [
      6.803722381591797,
      24.064987182617188,
      20.52005386352539,
      20.52005386352539,
      63.91117858886719,
      51.35257339477539,
      51.35257339477539,
      51.35257339477539,
      229.0723114013672,
      189.8926124572754,
      189.8926124572754,
      189.8926124572754,
      189.8926124572754,
      189.8926124572754,
      902.5195770263672,
      751.5039405822754,
      751.5039405822754,
      8.126533508300781
    ]
  }
}