{
  "model": {
    "model_name": "wideresnet_250M",
    "num_layers": 18,
    "parameters": {
      "total_parameters_bytes": 997565200,
      "parameters_per_layer_bytes": [
        95360,
        3188480,
        3080960,
        3080960,
        14773760,
        12305920,
        12305920,
        12305920,
        59038720,
        49187840,
        49187840,
        49187840,
        49187840,
        49187840,
        236042240,
        196679680,
        196679680,
        2048400
      ],
      "activation_parameters_bytes": [
        1146880,
        2703360,
        2048000,
        2048000,
        1720320,
        1024000,
        1024000,
        1024000,
        860160,
        512000,
        512000,
        512000,
        512000,
        512000,
        430080,
        256000,
        256000,
        83520
      ]
    }
  },
  "execution_time": {
    "total_time_ms": 34.260434618878286,
    "forward_backward_time_ms": 19.967161468795624,
    "batch_generator_time_ms": 0.2612828619434243,
    "layernorm_grads_all_reduce_time_ms": null,
    "embedding_grads_all_reduce_time_ms": null,
    "optimizer_time_ms": 14.031990288139237,
    "layer_compute_total_ms": [
      0.13317281505962233,
      0.6167772360282012,
      0.5285529975556449,
      0.4987487014249459,
      0.617635705414536,
      0.48811688825572314,
      0.49918894213588677,
      0.48151327759160967,
      0.6635087874945779,
      0.6280914222993824,
      0.5793127515271307,
      0.5810957264064412,
      0.5829667494279401,
      0.5802372570201065,
      1.4521119730030125,
      9.534623257380282,
      1.3295049350059718,
      0.17200204576460973
    ]
  },
  "execution_memory": {
    "total_memory_mb": 4960.0,
    "layer_memory_total_mb": [
      1.1709098815917969,
      13.674362182617188,
      12.86380386352539,
      12.86380386352539,
      57.34867858886719,
      47.52444839477539,
      47.52444839477539,
      47.52444839477539,
      225.7910614013672,
      187.9785499572754,
      187.9785499572754,
      187.9785499572754,
      187.9785499572754,
      187.9785499572754,
      900.8789520263672,
      750.5469093322754,
      750.5469093322754,
      7.853096008300781
    ]
  }
}