{
  "model": {
    "model_name": "wide_resnet_250M",
    "num_layers": 18,
    "parameters": {
      "total_parameters_bytes": 998171920,
      "parameters_per_layer_bytes": [
        96640,
        3202560,
        3089920,
        3089920,
        14801920,
        12323840,
        12323840,
        12323840,
        59095040,
        49223680,
        49223680,
        49223680,
        49223680,
        49223680,
        236154880,
        196751360,
        196751360,
        2048400
      ],
      "activation_parameters_bytes": [
        737280,
        1802240,
        1310720,
        1310720,
        1146880,
        655360,
        655360,
        655360,
        573440,
        327680,
        327680,
        327680,
        327680,
        327680,
        286720,
        163840,
        163840,
        41760
      ]
    }
  },
  "execution_time": {
    "total_time_ms": 56.568774176422075,
    "forward_backward_time_ms": 37.804636486379096,
    "batch_generator_time_ms": 0.8789625914290544,
    "layernorm_grads_all_reduce_time_ms": null,
    "embedding_grads_all_reduce_time_ms": null,
    "optimizer_time_ms": 14.68711249009039,
    "layer_compute_total_ms": [
      0.2946971319038386,
      0.9671428058305167,
      0.7377553833947607,
      0.7386358648166425,
      0.9973213065655154,
      0.8379541692049095,
      0.7212023326633827,
      0.747198546644443,
      0.9310210554978159,
      0.7336611447830103,
      0.7755060243579428,
      0.7401767073049356,
      0.7354221076267738,
      0.8622114323777531,
      1.5392356096982165,
      1.4305401781669083,
      1.4825105940934815,
      0.36753495752901055
    ]
  },
  "execution_memory": {
    "total_memory_mb": 4958.0,
    "layer_memory_total_mb": [
      0.7697868347167969,
      12.945602416992188,
      12.32547378540039,
      12.32547378540039,
      56.90678405761719,
      47.26810073852539,
      47.26810073852539,
      47.26810073852539,
      225.6103973388672,
      187.8760108947754,
      187.8760108947754,
      187.8760108947754,
      187.8760108947754,
      187.8760108947754,
      900.6738967895508,
      750.410213470459,
      750.410213470459,
      7.833564758300781
    ]
  }
}