{
  "model": {
    "model_name": "wideresnet_250M",
    "num_layers": 18,
    "parameters": {
      "total_parameters_bytes": 997565200,
      "parameters_per_layer_bytes": [
        95360,
        3188480,
        3080960,
        3080960,
        14773760,
        12305920,
        12305920,
        12305920,
        59038720,
        49187840,
        49187840,
        49187840,
        49187840,
        49187840,
        236042240,
        196679680,
        196679680,
        2048400
      ],
      "activation_parameters_bytes": [
        18350080,
        43253760,
        32768000,
        32768000,
        27525120,
        16384000,
        16384000,
        16384000,
        13762560,
        8192000,
        8192000,
        8192000,
        8192000,
        8192000,
        6881280,
        4096000,
        4096000,
        1336320
      ]
    }
  },
  "execution_time": {
    "total_time_ms": 51.464667397844366,
    "forward_backward_time_ms": 34.77346913137326,
    "batch_generator_time_ms": 2.545273682340362,
    "layernorm_grads_all_reduce_time_ms": null,
    "embedding_grads_all_reduce_time_ms": null,
    "optimizer_time_ms": 14.145924584130743,
    "layer_compute_total_ms": [
      0.14937367322224746,
      0.6794895253017325,
      0.6244594364341199,
      0.5666998551586738,
      0.7390981175631304,
      0.5397791356846378,
      0.5394709671869792,
      0.5379741487697801,
      1.4803534146098711,
      0.8996539048432767,
      0.8881416102521722,
      0.886138515017391,
      0.8882736824654545,
      0.8860504668752028,
      2.4635209823186366,
      20.410549900819753,
      1.3131279805589702,
      0.28131381429123525
    ]
  },
  "execution_memory": {
    "total_memory_mb": 5086.0,
    "layer_memory_total_mb": [
      13.241222381591797,
      35.93998718261719,
      29.27005386352539,
      29.27005386352539,
      71.41117858886719,
      55.72757339477539,
      55.72757339477539,
      55.72757339477539,
      232.8223114013672,
      192.0801124572754,
      192.0801124572754,
      192.0801124572754,
      192.0801124572754,
      192.0801124572754,
      904.3945770263672,
      752.5976905822754,
      752.5976905822754,
      8.439033508300781
    ]
  }
}