{
  "model": {
    "model_name": "wideresnet_250M",
    "num_layers": 18,
    "parameters": {
      "total_parameters_bytes": 997565200,
      "parameters_per_layer_bytes": [
        95360,
        3188480,
        3080960,
        3080960,
        14773760,
        12305920,
        12305920,
        12305920,
        59038720,
        49187840,
        49187840,
        49187840,
        49187840,
        49187840,
        236042240,
        196679680,
        196679680,
        2048400
      ],
      "activation_parameters_bytes": [
        36700160,
        86507520,
        65536000,
        65536000,
        55050240,
        32768000,
        32768000,
        32768000,
        27525120,
        16384000,
        16384000,
        16384000,
        16384000,
        16384000,
        13762560,
        8192000,
        8192000,
        2672640
      ]
    }
  },
  "execution_time": {
    "total_time_ms": 28.267476839518437,
    "forward_backward_time_ms": 17.413981038345614,
    "batch_generator_time_ms": 3.0614664502698763,
    "layernorm_grads_all_reduce_time_ms": null,
    "embedding_grads_all_reduce_time_ms": null,
    "optimizer_time_ms": 7.792029350902946,
    "layer_compute_total_ms": [
      0.20897099224431864,
      0.5905737459597156,
      0.5015630458634643,
      0.43481085373361494,
      0.5731799119042096,
      0.38691073124407255,
      0.3853591685818443,
      0.3800628569378472,
      1.3317773948870326,
      0.6296544596323818,
      0.6216166650889587,
      0.6258747129965776,
      0.6250581010690891,
      0.6250231034150538,
      1.6502910442616003,
      6.960053453292939,
      0.7140688011653404,
      0.16913199606755605
    ]
  },
  "execution_memory": {
    "total_memory_mb": 5090.0,
    "layer_memory_total_mb": [
      26.116222381591797,
      59.68998718261719,
      46.77005386352539,
      46.77005386352539,
      86.41117858886719,
      64.47757339477539,
      64.47757339477539,
      64.47757339477539,
      240.3223114013672,
      196.4551124572754,
      196.4551124572754,
      196.4551124572754,
      196.4551124572754,
      196.4551124572754,
      908.1445770263672,
      754.7851905822754,
      754.7851905822754,
      9.064033508300781
    ]
  }
}