{
  "model": {
    "model_name": "wideresnet_250M",
    "num_layers": 18,
    "parameters": {
      "total_parameters_bytes": 997565200,
      "parameters_per_layer_bytes": [
        95360,
        3188480,
        3080960,
        3080960,
        14773760,
        12305920,
        12305920,
        12305920,
        59038720,
        49187840,
        49187840,
        49187840,
        49187840,
        49187840,
        236042240,
        196679680,
        196679680,
        2048400
      ],
      "activation_parameters_bytes": [
        2293760,
        5406720,
        4096000,
        4096000,
        3440640,
        2048000,
        2048000,
        2048000,
        1720320,
        1024000,
        1024000,
        1024000,
        1024000,
        1024000,
        860160,
        512000,
        512000,
        167040
      ]
    }
  },
  "execution_time": {
    "total_time_ms": 17.662289393725526,
    "forward_backward_time_ms": 9.958185815643738,
    "batch_generator_time_ms": 0.23015623882030717,
    "layernorm_grads_all_reduce_time_ms": null,
    "embedding_grads_all_reduce_time_ms": null,
    "optimizer_time_ms": 7.473947339261479,
    "layer_compute_total_ms": [
      0.07292344512472705,
      0.3399088818747676,
      0.2931403501990308,
      0.2726083931650331,
      0.3433269860855411,
      0.2693886089937926,
      0.2718267788915798,
      0.2720367648157911,
      0.38449589311564214,
      0.3050162208016499,
      0.2848109085386476,
      0.285849172275026,
      0.28534753923385436,
      0.28775071147760645,
      0.7907136635024796,
      4.44408377058541,
      0.6333875427294723,
      0.12157018423368753
    ]
  },
  "execution_memory": {
    "total_memory_mb": 4970.0,
    "layer_memory_total_mb": [
      1.9755973815917969,
      15.158737182617188,
      13.95755386352539,
      13.95755386352539,
      58.28617858886719,
      48.07132339477539,
      48.07132339477539,
      48.07132339477539,
      226.2598114013672,
      188.2519874572754,
      188.2519874572754,
      188.2519874572754,
      188.2519874572754,
      188.2519874572754,
      901.1133270263672,
      750.6836280822754,
      750.6836280822754,
      7.892158508300781
    ]
  }
}