{
  "model": {
    "model_name": "wideresnet_250M",
    "num_layers": 18,
    "parameters": {
      "total_parameters_bytes": 997565200,
      "parameters_per_layer_bytes": [
        95360,
        3188480,
        3080960,
        3080960,
        14773760,
        12305920,
        12305920,
        12305920,
        59038720,
        49187840,
        49187840,
        49187840,
        49187840,
        49187840,
        236042240,
        196679680,
        196679680,
        2048400
      ],
      "activation_parameters_bytes": [
        9175040,
        21626880,
        16384000,
        16384000,
        13762560,
        8192000,
        8192000,
        8192000,
        6881280,
        4096000,
        4096000,
        4096000,
        4096000,
        4096000,
        3440640,
        2048000,
        2048000,
        668160
      ]
    }
  },
  "execution_time": {
    "total_time_ms": 38.63653734580857,
    "forward_backward_time_ms": 23.065839736824245,
    "batch_generator_time_ms": 1.317838556166038,
    "layernorm_grads_all_reduce_time_ms": null,
    "embedding_grads_all_reduce_time_ms": null,
    "optimizer_time_ms": 14.252859052818287,
    "layer_compute_total_ms": [
      0.15001202225311175,
      0.7836284654748025,
      0.6216198838485512,
      0.5722468881165292,
      0.7349378428447388,
      0.5953815374764735,
      0.5794228117048659,
      0.5879634814971193,
      1.0296129627130304,
      0.8057725732351297,
      0.7792040463298464,
      0.7743834105450436,
      0.768264064662965,
      0.7910685334897036,
      2.0115258443956145,
      9.99782252139675,
      1.2329601470966323,
      0.25001269974333723
    ]
  },
  "execution_memory": {
    "total_memory_mb": 5096.0,
    "layer_memory_total_mb": [
      6.803722381591797,
      24.064987182617188,
      20.52005386352539,
      20.52005386352539,
      63.91117858886719,
      51.35257339477539,
      51.35257339477539,
      51.35257339477539,
      229.0723114013672,
      189.8926124572754,
      189.8926124572754,
      189.8926124572754,
      189.8926124572754,
      189.8926124572754,
      902.5195770263672,
      751.5039405822754,
      751.5039405822754,
      8.126533508300781
    ]
  }
}