{
  "model": {
    "model_name": "wideresnet_250M",
    "num_layers": 18,
    "parameters": {
      "total_parameters_bytes": 997565200,
      "parameters_per_layer_bytes": [
        95360,
        3188480,
        3080960,
        3080960,
        14773760,
        12305920,
        12305920,
        12305920,
        59038720,
        49187840,
        49187840,
        49187840,
        49187840,
        49187840,
        236042240,
        196679680,
        196679680,
        2048400
      ],
      "activation_parameters_bytes": [
        293601280,
        692060160,
        524288000,
        524288000,
        440401920,
        262144000,
        262144000,
        262144000,
        220200960,
        131072000,
        131072000,
        131072000,
        131072000,
        131072000,
        110100480,
        65536000,
        65536000,
        21381120
      ]
    }
  },
  "execution_time": {
    "total_time_ms": 61.67752062885728,
    "forward_backward_time_ms": 35.03352663060946,
    "batch_generator_time_ms": 19.155639291408505,
    "layernorm_grads_all_reduce_time_ms": null,
    "embedding_grads_all_reduce_time_ms": null,
    "optimizer_time_ms": 7.4883547068393135,
    "layer_compute_total_ms": [
      0.3292345973940245,
      2.5137181669645954,
      2.1875400313563143,
      2.1888116127862602,
      2.449707457734172,
      1.4147335008351904,
      1.4141968701399836,
      1.4172183342716913,
      2.05759374192353,
      2.067754727478423,
      2.059320292855934,
      2.0383683639735137,
      2.041004853910834,
      5.531040909611376,
      2.526690630726985,
      1.323832927421037,
      1.3295608767981353,
      0.14319873442745554
    ]
  },
  "execution_memory": {
    "total_memory_mb": 7124.0,
    "layer_memory_total_mb": [
      206.3662223815918,
      392.1899871826172,
      291.7700538635254,
      291.7700538635254,
      296.4111785888672,
      186.9775733947754,
      186.9775733947754,
      186.9775733947754,
      345.3223114013672,
      257.7051124572754,
      257.7051124572754,
      257.7051124572754,
      257.7051124572754,
      257.7051124572754,
      960.6445770263672,
      785.4101905822754,
      785.4101905822754,
      17.81403350830078
    ]
  }
}