{
  "model": {
    "model_name": "wideresnet_250M",
    "num_layers": 18,
    "parameters": {
      "total_parameters_bytes": 997565200,
      "parameters_per_layer_bytes": [
        95360,
        3188480,
        3080960,
        3080960,
        14773760,
        12305920,
        12305920,
        12305920,
        59038720,
        49187840,
        49187840,
        49187840,
        49187840,
        49187840,
        236042240,
        196679680,
        196679680,
        2048400
      ],
      "activation_parameters_bytes": [
        9175040,
        21626880,
        16384000,
        16384000,
        13762560,
        8192000,
        8192000,
        8192000,
        6881280,
        4096000,
        4096000,
        4096000,
        4096000,
        4096000,
        3440640,
        2048000,
        2048000,
        668160
      ]
    }
  },
  "execution_time": {
    "total_time_ms": 83.69665145874023,
    "forward_backward_time_ms": 49.96652603149414,
    "batch_generator_time_ms": 2.854776382446289,
    "layernorm_grads_all_reduce_time_ms": null,
    "embedding_grads_all_reduce_time_ms": null,
    "optimizer_time_ms": 30.875349044799805,
    "layer_compute_total_ms": [
      0.3249645233154297,
      1.697540283203125,
      1.346588134765625,
      1.239633560180664,
      1.5920639038085938,
      1.2897491455078125,
      1.255178451538086,
      1.2736797332763672,
      2.230405807495117,
      1.7455101013183594,
      1.6879558563232422,
      1.6775131225585938,
      1.6642570495605469,
      1.7136573791503906,
      4.357481002807617,
      21.657848358154297,
      2.670907974243164,
      0.5415916442871094
    ]
  },
  "execution_memory": {
    "total_memory_mb": 5096.0,
    "layer_memory_total_mb": [
      6.803722381591797,
      24.064987182617188,
      20.52005386352539,
      20.52005386352539,
      63.91117858886719,
      51.35257339477539,
      51.35257339477539,
      51.35257339477539,
      229.0723114013672,
      189.8926124572754,
      189.8926124572754,
      189.8926124572754,
      189.8926124572754,
      189.8926124572754,
      902.5195770263672,
      751.5039405822754,
      751.5039405822754,
      8.126533508300781
    ]
  }
}