{
  "model": {
    "model_name": "wideresnet_250M",
    "num_layers": 18,
    "parameters": {
      "total_parameters_bytes": 997565200,
      "parameters_per_layer_bytes": [
        95360,
        3188480,
        3080960,
        3080960,
        14773760,
        12305920,
        12305920,
        12305920,
        59038720,
        49187840,
        49187840,
        49187840,
        49187840,
        49187840,
        236042240,
        196679680,
        196679680,
        2048400
      ],
      "activation_parameters_bytes": [
        36700160,
        86507520,
        65536000,
        65536000,
        55050240,
        32768000,
        32768000,
        32768000,
        27525120,
        16384000,
        16384000,
        16384000,
        16384000,
        16384000,
        13762560,
        8192000,
        8192000,
        2672640
      ]
    }
  },
  "execution_time": {
    "total_time_ms": 115.5418872833252,
    "forward_backward_time_ms": 71.17877006530762,
    "batch_generator_time_ms": 12.513589859008789,
    "layernorm_grads_all_reduce_time_ms": null,
    "embedding_grads_all_reduce_time_ms": null,
    "optimizer_time_ms": 31.84952735900879,
    "layer_compute_total_ms": [
      0.8541584014892578,
      2.4139404296875,
      2.0501136779785156,
      1.7772674560546875,
      2.342844009399414,
      1.5814781188964844,
      1.5751361846923828,
      1.553487777709961,
      5.443572998046875,
      2.573680877685547,
      2.5408267974853516,
      2.5582313537597656,
      2.5548934936523438,
      2.554750442504883,
      6.745481491088867,
      28.448867797851562,
      2.918720245361328,
      0.6913185119628906
    ]
  },
  "execution_memory": {
    "total_memory_mb": 5090.0,
    "layer_memory_total_mb": [
      26.116222381591797,
      59.68998718261719,
      46.77005386352539,
      46.77005386352539,
      86.41117858886719,
      64.47757339477539,
      64.47757339477539,
      64.47757339477539,
      240.3223114013672,
      196.4551124572754,
      196.4551124572754,
      196.4551124572754,
      196.4551124572754,
      196.4551124572754,
      908.1445770263672,
      754.7851905822754,
      754.7851905822754,
      9.064033508300781
    ]
  }
}