{
  "model": {
    "model_name": "wideresnet_250M",
    "num_layers": 18,
    "parameters": {
      "total_parameters_bytes": 997565200,
      "parameters_per_layer_bytes": [
        95360,
        3188480,
        3080960,
        3080960,
        14773760,
        12305920,
        12305920,
        12305920,
        59038720,
        49187840,
        49187840,
        49187840,
        49187840,
        49187840,
        236042240,
        196679680,
        196679680,
        2048400
      ],
      "activation_parameters_bytes": [
        587202560,
        1384120320,
        1048576000,
        1048576000,
        880803840,
        524288000,
        524288000,
        524288000,
        440401920,
        262144000,
        262144000,
        262144000,
        262144000,
        262144000,
        220200960,
        131072000,
        131072000,
        42762240
      ]
    }
  },
  "execution_time": {
    "total_time_ms": 417.37985610961914,
    "forward_backward_time_ms": 225.04262924194336,
    "batch_generator_time_ms": 161.24200820922852,
    "layernorm_grads_all_reduce_time_ms": null,
    "embedding_grads_all_reduce_time_ms": null,
    "optimizer_time_ms": 31.095218658447266,
    "layer_compute_total_ms": [
      2.6786327362060547,
      19.809913635253906,
      17.363357543945312,
      17.42100715637207,
      19.993877410888672,
      11.770343780517578,
      11.760711669921875,
      11.801338195800781,
      15.720081329345703,
      11.835289001464844,
      11.856937408447266,
      11.849021911621094,
      11.859655380249023,
      11.73858642578125,
      16.64910316467285,
      10.01286506652832,
      10.055255889892578,
      0.8666515350341797
    ]
  },
  "execution_memory": {
    "total_memory_mb": 10212.0,
    "layer_memory_total_mb": [
      412.3662223815918,
      772.1899871826172,
      571.7700538635254,
      571.7700538635254,
      536.4111785888672,
      326.9775733947754,
      326.9775733947754,
      326.9775733947754,
      465.3223114013672,
      327.7051124572754,
      327.7051124572754,
      327.7051124572754,
      327.7051124572754,
      327.7051124572754,
      1020.6445770263672,
      820.4101905822754,
      820.4101905822754,
      27.81403350830078
    ]
  }
}