{
  "model": {
    "model_name": "wide_resnet_250M",
    "num_layers": 18,
    "parameters": {
      "total_parameters_bytes": 998171920,
      "parameters_per_layer_bytes": [
        96640,
        3202560,
        3089920,
        3089920,
        14801920,
        12323840,
        12323840,
        12323840,
        59095040,
        49223680,
        49223680,
        49223680,
        49223680,
        49223680,
        236154880,
        196751360,
        196751360,
        2048400
      ],
      "activation_parameters_bytes": [
        737280,
        1802240,
        1310720,
        1310720,
        1146880,
        655360,
        655360,
        655360,
        573440,
        327680,
        327680,
        327680,
        327680,
        327680,
        286720,
        163840,
        163840,
        41760
      ]
    }
  },
  "execution_time": {
    "total_time_ms": 122.54247665405273,
    "forward_backward_time_ms": 81.89454078674316,
    "batch_generator_time_ms": 1.9040584564208984,
    "layernorm_grads_all_reduce_time_ms": null,
    "embedding_grads_all_reduce_time_ms": null,
    "optimizer_time_ms": 31.81605339050293,
    "layer_compute_total_ms": [
      0.6383895874023438,
      2.0950794219970703,
      1.5981674194335938,
      1.6000747680664062,
      2.1604537963867188,
      1.8152236938476562,
      1.5623092651367188,
      1.6186237335205078,
      2.0168304443359375,
      1.5892982482910156,
      1.6799449920654297,
      1.6034126281738281,
      1.5931129455566406,
      1.8677711486816406,
      3.334379196166992,
      3.098917007446289,
      3.211498260498047,
      0.7961750030517578
    ]
  },
  "execution_memory": {
    "total_memory_mb": 4958.0,
    "layer_memory_total_mb": [
      0.7697868347167969,
      12.945602416992188,
      12.32547378540039,
      12.32547378540039,
      56.90678405761719,
      47.26810073852539,
      47.26810073852539,
      47.26810073852539,
      225.6103973388672,
      187.8760108947754,
      187.8760108947754,
      187.8760108947754,
      187.8760108947754,
      187.8760108947754,
      900.6738967895508,
      750.410213470459,
      750.410213470459,
      7.833564758300781
    ]
  }
}