{
  "model": {
    "model_name": "wideresnet_250M",
    "num_layers": 18,
    "parameters": {
      "total_parameters_bytes": 997565200,
      "parameters_per_layer_bytes": [
        95360,
        3188480,
        3080960,
        3080960,
        14773760,
        12305920,
        12305920,
        12305920,
        59038720,
        49187840,
        49187840,
        49187840,
        49187840,
        49187840,
        236042240,
        196679680,
        196679680,
        2048400
      ],
      "activation_parameters_bytes": [
        4587520,
        10813440,
        8192000,
        8192000,
        6881280,
        4096000,
        4096000,
        4096000,
        3440640,
        2048000,
        2048000,
        2048000,
        2048000,
        2048000,
        1720320,
        1024000,
        1024000,
        334080
      ]
    }
  },
  "execution_time": {
    "total_time_ms": 19.468459989060012,
    "forward_backward_time_ms": 11.490313113997749,
    "batch_generator_time_ms": 0.47410155333049236,
    "layernorm_grads_all_reduce_time_ms": null,
    "embedding_grads_all_reduce_time_ms": null,
    "optimizer_time_ms": 7.504045321731772,
    "layer_compute_total_ms": [
      0.09892670207289801,
      0.3930819842389503,
      0.31359064604027964,
      0.29144879692066167,
      0.38208105498721173,
      0.32860463962139047,
      0.3268547569196293,
      0.34120379507407084,
      0.4558794414628194,
      0.3562294545398601,
      0.33036618820783004,
      0.3384856439440019,
      0.33154444256034926,
      0.345613499482509,
      0.8215465967075114,
      5.133502557425275,
      0.7708466618951512,
      0.13050625189734788
    ]
  },
  "execution_memory": {
    "total_memory_mb": 4972.0,
    "layer_memory_total_mb": [
      3.584972381591797,
      18.127487182617188,
      16.14505386352539,
      16.14505386352539,
      60.16117858886719,
      49.16507339477539,
      49.16507339477539,
      49.16507339477539,
      227.1973114013672,
      188.7988624572754,
      188.7988624572754,
      188.7988624572754,
      188.7988624572754,
      188.7988624572754,
      901.5820770263672,
      750.9570655822754,
      750.9570655822754,
      7.970283508300781
    ]
  }
}