{
  "model": {
    "model_name": "wideresnet_250M",
    "num_layers": 18,
    "parameters": {
      "total_parameters_bytes": 997565200,
      "parameters_per_layer_bytes": [
        95360,
        3188480,
        3080960,
        3080960,
        14773760,
        12305920,
        12305920,
        12305920,
        59038720,
        49187840,
        49187840,
        49187840,
        49187840,
        49187840,
        236042240,
        196679680,
        196679680,
        2048400
      ],
      "activation_parameters_bytes": [
        4587520,
        10813440,
        8192000,
        8192000,
        6881280,
        4096000,
        4096000,
        4096000,
        3440640,
        2048000,
        2048000,
        2048000,
        2048000,
        2048000,
        1720320,
        1024000,
        1024000,
        334080
      ]
    }
  },
  "execution_time": {
    "total_time_ms": 36.73449936622396,
    "forward_backward_time_ms": 21.680754412061987,
    "batch_generator_time_ms": 0.8945691246319093,
    "layernorm_grads_all_reduce_time_ms": null,
    "embedding_grads_all_reduce_time_ms": null,
    "optimizer_time_ms": 14.159175829530064,
    "layer_compute_total_ms": [
      0.1866620614389417,
      0.7416955377576817,
      0.591705527540117,
      0.5499266840718255,
      0.7209381882368182,
      0.6200350172891639,
      0.6167332119571072,
      0.6438080156799725,
      0.860186325107425,
      0.6721595174645665,
      0.6233588346567677,
      0.638679211397511,
      0.6255820502470193,
      0.6521285651167555,
      1.550153579329551,
      9.686264170263875,
      1.4544892728420933,
      0.24624864166479254
    ]
  },
  "execution_memory": {
    "total_memory_mb": 4972.0,
    "layer_memory_total_mb": [
      3.584972381591797,
      18.127487182617188,
      16.14505386352539,
      16.14505386352539,
      60.16117858886719,
      49.16507339477539,
      49.16507339477539,
      49.16507339477539,
      227.1973114013672,
      188.7988624572754,
      188.7988624572754,
      188.7988624572754,
      188.7988624572754,
      188.7988624572754,
      901.5820770263672,
      750.9570655822754,
      750.9570655822754,
      7.970283508300781
    ]
  }
}