{
  "model": {
    "model_name": "wideresnet_250M",
    "num_layers": 18,
    "parameters": {
      "total_parameters_bytes": 997565200,
      "parameters_per_layer_bytes": [
        95360,
        3188480,
        3080960,
        3080960,
        14773760,
        12305920,
        12305920,
        12305920,
        59038720,
        49187840,
        49187840,
        49187840,
        49187840,
        49187840,
        236042240,
        196679680,
        196679680,
        2048400
      ],
      "activation_parameters_bytes": [
        1146880,
        2703360,
        2048000,
        2048000,
        1720320,
        1024000,
        1024000,
        1024000,
        860160,
        512000,
        512000,
        512000,
        512000,
        512000,
        430080,
        256000,
        256000,
        83520
      ]
    }
  },
  "execution_time": {
    "total_time_ms": 18.157261214745688,
    "forward_backward_time_ms": 10.582147323553057,
    "batch_generator_time_ms": 0.13847405113270042,
    "layernorm_grads_all_reduce_time_ms": null,
    "embedding_grads_all_reduce_time_ms": null,
    "optimizer_time_ms": 7.436639840059932,
    "layer_compute_total_ms": [
      0.0705786023043671,
      0.3268780886889861,
      0.28012122289792774,
      0.26432561504336355,
      0.32733305819144404,
      0.2586909927436926,
      0.2645589327369317,
      0.2551912273401703,
      0.3516447618612459,
      0.3328743534136877,
      0.3070227529663361,
      0.3079676896252871,
      0.3089592898229518,
      0.3075127201228292,
      0.7695867463498832,
      5.053136277875724,
      0.7046077686911518,
      0.09115722287707842
    ]
  },
  "execution_memory": {
    "total_memory_mb": 4960.0,
    "layer_memory_total_mb": [
      1.1709098815917969,
      13.674362182617188,
      12.86380386352539,
      12.86380386352539,
      57.34867858886719,
      47.52444839477539,
      47.52444839477539,
      47.52444839477539,
      225.7910614013672,
      187.9785499572754,
      187.9785499572754,
      187.9785499572754,
      187.9785499572754,
      187.9785499572754,
      900.8789520263672,
      750.5469093322754,
      750.5469093322754,
      7.853096008300781
    ]
  }
}