{
  "model": {
    "model_name": "wideresnet_250M",
    "num_layers": 18,
    "parameters": {
      "total_parameters_bytes": 997565200,
      "parameters_per_layer_bytes": [
        95360,
        3188480,
        3080960,
        3080960,
        14773760,
        12305920,
        12305920,
        12305920,
        59038720,
        49187840,
        49187840,
        49187840,
        49187840,
        49187840,
        236042240,
        196679680,
        196679680,
        2048400
      ],
      "activation_parameters_bytes": [
        146800640,
        346030080,
        262144000,
        262144000,
        220200960,
        131072000,
        131072000,
        131072000,
        110100480,
        65536000,
        65536000,
        65536000,
        65536000,
        65536000,
        55050240,
        32768000,
        32768000,
        10690560
      ]
    }
  },
  "execution_time": {
    "total_time_ms": 87.83640841825303,
    "forward_backward_time_ms": 54.44615358862052,
    "batch_generator_time_ms": 19.17384770768012,
    "layernorm_grads_all_reduce_time_ms": null,
    "embedding_grads_all_reduce_time_ms": null,
    "optimizer_time_ms": 14.21640712195238,
    "layer_compute_total_ms": [
      0.3598747691586389,
      2.5621128895338514,
      2.2257689863750034,
      2.239042243809872,
      2.4851808252969287,
      1.5375626949966412,
      1.505182990706938,
      1.4952775747107676,
      3.2355711170956933,
      3.051792632313415,
      3.0667608164854054,
      3.0360760389328245,
      3.019170795632694,
      11.88044588562887,
      9.028214367584965,
      1.725237310070747,
      1.7230140944804955,
      0.26986755580677185
    ]
  },
  "execution_memory": {
    "total_memory_mb": 5612.0,
    "layer_memory_total_mb": [
      103.3662223815918,
      202.1899871826172,
      151.7700538635254,
      151.7700538635254,
      176.4111785888672,
      116.97757339477539,
      116.97757339477539,
      116.97757339477539,
      285.3223114013672,
      222.7051124572754,
      222.7051124572754,
      222.7051124572754,
      222.7051124572754,
      222.7051124572754,
      930.6445770263672,
      767.9101905822754,
      767.9101905822754,
      12.814033508300781
    ]
  }
}