{
  "model": {
    "model_name": "wideresnet_2B",
    "num_layers": 18,
    "parameters": {
      "total_parameters_bytes": 7807054480,
      "parameters_per_layer_bytes": [
        267008,
        24926720,
        24109568,
        24109568,
        115684352,
        96388096,
        96388096,
        96388096,
        462579712,
        385452032,
        385452032,
        385452032,
        385452032,
        385452032,
        1850003456,
        1541607424,
        1541607424,
        5734800
      ],
      "activation_parameters_bytes": [
        1644167168,
        3875536896,
        2936012800,
        2936012800,
        2466250752,
        1468006400,
        1468006400,
        1468006400,
        1233125376,
        734003200,
        734003200,
        734003200,
        734003200,
        734003200,
        616562688,
        367001600,
        367001600,
        118259712
      ]
    }
  },
  "execution_time": {
    "total_time_ms": 396.3517392272108,
    "forward_backward_time_ms": 301.9740613905228,
    "batch_generator_time_ms": 37.4437275698802,
    "layernorm_grads_all_reduce_time_ms": null,
    "embedding_grads_all_reduce_time_ms": null,
    "optimizer_time_ms": 56.933950266807784,
    "layer_compute_total_ms": [
      1.5948547602698067,
      17.716617418672868,
      16.319557733125468,
      16.455546950821667,
      22.98447596993937,
      15.8855868230887,
      15.842154734430988,
      15.880068859635811,
      24.165611795974122,
      16.473384088494953,
      16.435178316173168,
      16.43523664559656,
      16.386823224181168,
      15.565976580554361,
      31.159496314834442,
      21.67718526699231,
      20.713279879554193,
      0.2830260281828513
    ]
  },
  "execution_memory": {
    "total_memory_mb": 50784.0,
    "layer_memory_total_mb": [
      113.0185661315918,
      543.0879364013672,
      539.9707374572754,
      539.9707374572754,
      665.3008270263672,
      591.6914405822754,
      591.6914405822754,
      591.6914405822754,
      1876.6016082763672,
      1582.3828468322754,
      1582.3828468322754,
      1582.3828468322754,
      1582.3828468322754,
      1582.3828468322754,
      7113.203170776367,
      5936.765659332275,
      5936.765659332275,
      22.26715850830078
    ]
  }
}