{
  "model": {
    "model_name": "wideresnet_2B",
    "num_layers": 18,
    "parameters": {
      "total_parameters_bytes": 7807054480,
      "parameters_per_layer_bytes": [
        267008,
        24926720,
        24109568,
        24109568,
        115684352,
        96388096,
        96388096,
        96388096,
        462579712,
        385452032,
        385452032,
        385452032,
        385452032,
        385452032,
        1850003456,
        1541607424,
        1541607424,
        5734800
      ],
      "activation_parameters_bytes": [
        25690112,
        60555264,
        45875200,
        45875200,
        38535168,
        22937600,
        22937600,
        22937600,
        19267584,
        11468800,
        11468800,
        11468800,
        11468800,
        11468800,
        9633792,
        5734400,
        5734400,
        1847808
      ]
    }
  },
  "execution_time": {
    "total_time_ms": 191.4626442593612,
    "forward_backward_time_ms": 82.77720619219129,
    "batch_generator_time_ms": 1.4258736266309349,
    "layernorm_grads_all_reduce_time_ms": null,
    "embedding_grads_all_reduce_time_ms": null,
    "optimizer_time_ms": 107.25956444053898,
    "layer_compute_total_ms": [
      0.17367496046618514,
      1.0168459820957443,
      0.853824846834329,
      0.823976526632536,
      1.9323045284617995,
      1.225894283686031,
      1.2229006468516328,
      1.221557912683263,
      6.840240046244237,
      5.895087263925219,
      5.875452528217255,
      5.898014864652976,
      5.852956227888175,
      5.871358289605505,
      15.035100760053625,
      15.800965512841962,
      6.989041406542262,
      0.24800960450855616
    ]
  },
  "execution_memory": {
    "total_memory_mb": 38730.0,
    "layer_memory_total_mb": [
      18.712902069091797,
      128.4131317138672,
      116.51858901977539,
      116.51858901977539,
      462.4512176513672,
      380.0371437072754,
      380.0371437072754,
      380.0371437072754,
      1775.4023895263672,
      1476.6992530822754,
      1476.6992530822754,
      1476.6992530822754,
      1476.6992530822754,
      1476.6992530822754,
      7063.054733276367,
      5884.210971832275,
      5884.210971832275,
      22.75153350830078
    ]
  }
}