{
  "model": {
    "model_name": "wide_resnet_2B",
    "num_layers": 18,
    "parameters": {
      "total_parameters_bytes": 7808753296,
      "parameters_per_layer_bytes": [
        270592,
        24966144,
        24134656,
        24134656,
        115763200,
        96438272,
        96438272,
        96438272,
        462737408,
        385552384,
        385552384,
        385552384,
        385552384,
        385552384,
        1850318848,
        1541808128,
        1541808128,
        5734800
      ],
      "activation_parameters_bytes": [
        2064384,
        5046272,
        3670016,
        3670016,
        3211264,
        1835008,
        1835008,
        1835008,
        1605632,
        917504,
        917504,
        917504,
        917504,
        917504,
        802816,
        458752,
        458752,
        115488
      ]
    }
  },
  "execution_time": {
    "total_time_ms": 88.7858868326138,
    "forward_backward_time_ms": 30.39069118275801,
    "batch_generator_time_ms": 0.15706947131008242,
    "layernorm_grads_all_reduce_time_ms": null,
    "embedding_grads_all_reduce_time_ms": null,
    "optimizer_time_ms": 56.980275494865744,
    "layer_compute_total_ms": [
      0.11485063465892463,
      0.4500814967776507,
      0.35110813116603906,
      0.3683386428360474,
      0.46866525107035434,
      0.45502783188129564,
      0.4010497834743028,
      0.4046662077246092,
      1.1634270130929298,
      0.9518195309112911,
      0.9664952138367281,
      0.9471298452705712,
      0.9460449179954793,
      1.0053076121617908,
      4.363157528571295,
      3.5354746765229415,
      3.867579081547854,
      0.17487161132933268
    ]
  },
  "execution_memory": {
    "total_memory_mb": 38712.0,
    "layer_memory_total_mb": [
      2.134288787841797,
      97.27885437011719,
      93.57376480102539,
      93.57376480102539,
      442.8389129638672,
      368.6006202697754,
      368.6006202697754,
      368.6006202697754,
      1765.7090301513672,
      1471.0527687072754,
      1471.0527687072754,
      1471.0527687072754,
      1471.0527687072754,
      1471.0527687072754,
      7057.886787414551,
      5881.148494720459,
      5881.148494720459,
      21.93122100830078
    ]
  }
}