{
  "model": {
    "model_name": "wideresnet_2B",
    "num_layers": 18,
    "parameters": {
      "total_parameters_bytes": 7807054480,
      "parameters_per_layer_bytes": [
        267008,
        24926720,
        24109568,
        24109568,
        115684352,
        96388096,
        96388096,
        96388096,
        462579712,
        385452032,
        385452032,
        385452032,
        385452032,
        385452032,
        1850003456,
        1541607424,
        1541607424,
        5734800
      ],
      "activation_parameters_bytes": [
        102760448,
        242221056,
        183500800,
        183500800,
        154140672,
        91750400,
        91750400,
        91750400,
        77070336,
        45875200,
        45875200,
        45875200,
        45875200,
        45875200,
        38535168,
        22937600,
        22937600,
        7391232
      ]
    }
  },
  "execution_time": {
    "total_time_ms": 242.05211312385507,
    "forward_backward_time_ms": 130.08553902600707,
    "batch_generator_time_ms": 4.71231455787585,
    "layernorm_grads_all_reduce_time_ms": null,
    "embedding_grads_all_reduce_time_ms": null,
    "optimizer_time_ms": 107.25425953997214,
    "layer_compute_total_ms": [
      0.2456323046694753,
      2.4503357730259565,
      2.2858618434184366,
      2.2566298602119605,
      4.035620561088591,
      2.7803402099472554,
      2.823549835726105,
      2.7285458903050586,
      12.240474739036337,
      8.71441078882629,
      8.727111733336937,
      9.258108066838304,
      9.736781791844344,
      9.424673139822792,
      28.902793214869718,
      15.792622951369632,
      7.4200810866244975,
      0.2619652350453827
    ]
  },
  "execution_memory": {
    "total_memory_mb": 38340.0,
    "layer_memory_total_mb": [
      71.7754020690918,
      228.1631317138672,
      190.0185890197754,
      190.0185890197754,
      525.4512176513672,
      416.7871437072754,
      416.7871437072754,
      416.7871437072754,
      1806.9023895263672,
      1495.0742530822754,
      1495.0742530822754,
      1495.0742530822754,
      1495.0742530822754,
      1495.0742530822754,
      7078.804733276367,
      5893.398471832275,
      5893.398471832275,
      25.37653350830078
    ]
  }
}