{
  "model": {
    "model_name": "wideresnet_2B",
    "num_layers": 18,
    "parameters": {
      "total_parameters_bytes": 7807054480,
      "parameters_per_layer_bytes": [
        267008,
        24926720,
        24109568,
        24109568,
        115684352,
        96388096,
        96388096,
        96388096,
        462579712,
        385452032,
        385452032,
        385452032,
        385452032,
        385452032,
        1850003456,
        1541607424,
        1541607424,
        5734800
      ],
      "activation_parameters_bytes": [
        3211264,
        7569408,
        5734400,
        5734400,
        4816896,
        2867200,
        2867200,
        2867200,
        2408448,
        1433600,
        1433600,
        1433600,
        1433600,
        1433600,
        1204224,
        716800,
        716800,
        230976
      ]
    }
  },
  "execution_time": {
    "total_time_ms": 84.48527011180346,
    "forward_backward_time_ms": 27.512635771402064,
    "batch_generator_time_ms": 0.149591639231223,
    "layernorm_grads_all_reduce_time_ms": null,
    "embedding_grads_all_reduce_time_ms": null,
    "optimizer_time_ms": 56.82304270117015,
    "layer_compute_total_ms": [
      0.07369339351350197,
      0.3411804633047141,
      0.2929886936982115,
      0.2718267788915798,
      0.43575579039256596,
      0.41446555085447173,
      0.4155504781295637,
      0.41506051097307056,
      1.0579090861767315,
      1.175326215464906,
      1.1775194017844464,
      1.1836906547793242,
      1.1848805750165219,
      1.1857321845980455,
      4.476806577108344,
      8.891760633651769,
      4.385917669578869,
      0.13257111348542608
    ]
  },
  "execution_memory": {
    "total_memory_mb": 38354.0,
    "layer_memory_total_mb": [
      3.236339569091797,
      99.31938171386719,
      95.08108901977539,
      95.08108901977539,
      444.0762176513672,
      369.3183937072754,
      369.3183937072754,
      369.3183937072754,
      1766.2148895263672,
      1471.3398780822754,
      1471.3398780822754,
      1471.3398780822754,
      1471.3398780822754,
      1471.3398780822754,
      7058.460983276367,
      5881.531284332275,
      5881.531284332275,
      21.98590850830078
    ]
  }
}