{
  "model": {
    "model_name": "wideresnet_2B",
    "num_layers": 18,
    "parameters": {
      "total_parameters_bytes": 7807054480,
      "parameters_per_layer_bytes": [
        267008,
        24926720,
        24109568,
        24109568,
        115684352,
        96388096,
        96388096,
        96388096,
        462579712,
        385452032,
        385452032,
        385452032,
        385452032,
        385452032,
        1850003456,
        1541607424,
        1541607424,
        5734800
      ],
      "activation_parameters_bytes": [
        411041792,
        968884224,
        734003200,
        734003200,
        616562688,
        367001600,
        367001600,
        367001600,
        308281344,
        183500800,
        183500800,
        183500800,
        183500800,
        183500800,
        154140672,
        91750400,
        91750400,
        29564928
      ]
    }
  },
  "execution_time": {
    "total_time_ms": 1079.5505046844482,
    "forward_backward_time_ms": 806.8077087402344,
    "batch_generator_time_ms": 40.34981727600098,
    "layernorm_grads_all_reduce_time_ms": null,
    "embedding_grads_all_reduce_time_ms": null,
    "optimizer_time_ms": 232.3929786682129,
    "layer_compute_total_ms": [
      1.717519760131836,
      19.708919525146484,
      17.81182289123535,
      17.824602127075195,
      24.37281608581543,
      14.945220947265625,
      14.948225021362305,
      14.833259582519531,
      62.73016929626465,
      66.90592765808105,
      64.96219635009766,
      66.6311264038086,
      65.95425605773926,
      83.24747085571289,
      216.92242622375488,
      26.392650604248047,
      26.20987892150879,
      0.6892204284667969
    ]
  },
  "execution_memory": {
    "total_memory_mb": 40054.0,
    "layer_memory_total_mb": [
      284.0254020690918,
      627.1631317138672,
      484.0185890197754,
      484.0185890197754,
      777.4512176513672,
      563.7871437072754,
      563.7871437072754,
      563.7871437072754,
      1932.9023895263672,
      1568.5742530822754,
      1568.5742530822754,
      1568.5742530822754,
      1568.5742530822754,
      1568.5742530822754,
      7141.804733276367,
      5930.148471832275,
      5930.148471832275,
      35.87653350830078
    ]
  }
}