{
  "model": {
    "model_name": "wideresnet_2B",
    "num_layers": 18,
    "parameters": {
      "total_parameters_bytes": 7807054480,
      "parameters_per_layer_bytes": [
        267008,
        24926720,
        24109568,
        24109568,
        115684352,
        96388096,
        96388096,
        96388096,
        462579712,
        385452032,
        385452032,
        385452032,
        385452032,
        385452032,
        1850003456,
        1541607424,
        1541607424,
        5734800
      ],
      "activation_parameters_bytes": [
        25690112,
        60555264,
        45875200,
        45875200,
        38535168,
        22937600,
        22937600,
        22937600,
        19267584,
        11468800,
        11468800,
        11468800,
        11468800,
        11468800,
        9633792,
        5734400,
        5734400,
        1847808
      ]
    }
  },
  "execution_time": {
    "total_time_ms": 101.47090319652729,
    "forward_backward_time_ms": 43.87006096619364,
    "batch_generator_time_ms": 0.7556810118132211,
    "layernorm_grads_all_reduce_time_ms": null,
    "embedding_grads_all_reduce_time_ms": null,
    "optimizer_time_ms": 56.845161218520424,
    "layer_compute_total_ms": [
      0.0920438301126374,
      0.5389055427190476,
      0.45250800079075953,
      0.4366890611668386,
      1.024078020609349,
      0.6496964495098864,
      0.6481098891936229,
      0.64739827022824,
      3.625173663815219,
      3.1242639074937455,
      3.113857938360606,
      3.1258154701559735,
      3.101935404219273,
      3.111688083810422,
      7.9682658707396525,
      8.374156996355495,
      3.7040350442412557,
      0.1314395226716205
    ]
  },
  "execution_memory": {
    "total_memory_mb": 38730.0,
    "layer_memory_total_mb": [
      18.712902069091797,
      128.4131317138672,
      116.51858901977539,
      116.51858901977539,
      462.4512176513672,
      380.0371437072754,
      380.0371437072754,
      380.0371437072754,
      1775.4023895263672,
      1476.6992530822754,
      1476.6992530822754,
      1476.6992530822754,
      1476.6992530822754,
      1476.6992530822754,
      7063.054733276367,
      5884.210971832275,
      5884.210971832275,
      22.75153350830078
    ]
  }
}