{
  "model": {
    "model_name": "wideresnet_2B",
    "num_layers": 18,
    "parameters": {
      "total_parameters_bytes": 7807054480,
      "parameters_per_layer_bytes": [
        267008,
        24926720,
        24109568,
        24109568,
        115684352,
        96388096,
        96388096,
        96388096,
        462579712,
        385452032,
        385452032,
        385452032,
        385452032,
        385452032,
        1850003456,
        1541607424,
        1541607424,
        5734800
      ],
      "activation_parameters_bytes": [
        822083584,
        1937768448,
        1468006400,
        1468006400,
        1233125376,
        734003200,
        734003200,
        734003200,
        616562688,
        367001600,
        367001600,
        367001600,
        367001600,
        367001600,
        308281344,
        183500800,
        183500800,
        59129856
      ]
    }
  },
  "execution_time": {
    "total_time_ms": 236.81708566336832,
    "forward_backward_time_ms": 157.3645248653687,
    "batch_generator_time_ms": 22.448288578350393,
    "layernorm_grads_all_reduce_time_ms": null,
    "embedding_grads_all_reduce_time_ms": null,
    "optimizer_time_ms": 57.00427221964923,
    "layer_compute_total_ms": [
      0.8276945179330323,
      9.164054047930486,
      8.264696000417993,
      8.354010013515884,
      11.485985070782059,
      7.376992171699233,
      7.476957137508509,
      7.369712659659907,
      12.637291229694123,
      8.869537123339402,
      8.858536194087664,
      8.873690178284916,
      8.872056954429938,
      8.893510516353532,
      20.435748483054873,
      9.690815404699313,
      9.688342237147488,
      0.22489492483034526
    ]
  },
  "execution_memory": {
    "total_memory_mb": 43936.8,
    "layer_memory_total_mb": [
      57.0185661315918,
      319.0879364013672,
      315.9707374572754,
      315.9707374572754,
      553.3008270263672,
      479.6914405822754,
      479.6914405822754,
      479.6914405822754,
      1820.6016082763672,
      1526.3828468322754,
      1526.3828468322754,
      1526.3828468322754,
      1526.3828468322754,
      1526.3828468322754,
      7085.203170776367,
      5908.765659332275,
      5908.765659332275,
      22.07184600830078
    ]
  }
}