{
  "model": {
    "model_name": "wide_resnet_2B",
    "num_layers": 18,
    "parameters": {
      "total_parameters_bytes": 7808753296,
      "parameters_per_layer_bytes": [
        270592,
        24966144,
        24134656,
        24134656,
        115763200,
        96438272,
        96438272,
        96438272,
        462737408,
        385552384,
        385552384,
        385552384,
        385552384,
        385552384,
        1850318848,
        1541808128,
        1541808128,
        5734800
      ],
      "activation_parameters_bytes": [
        2064384,
        5046272,
        3670016,
        3670016,
        3211264,
        1835008,
        1835008,
        1835008,
        1605632,
        917504,
        917504,
        917504,
        917504,
        917504,
        802816,
        458752,
        458752,
        115488
      ]
    }
  },
  "execution_time": {
    "total_time_ms": 167.52763728692634,
    "forward_backward_time_ms": 57.34335569528704,
    "batch_generator_time_ms": 0.29637004660541405,
    "layernorm_grads_all_reduce_time_ms": null,
    "embedding_grads_all_reduce_time_ms": null,
    "optimizer_time_ms": 107.51450783624486,
    "layer_compute_total_ms": [
      0.21670848996065814,
      0.8492463434405436,
      0.6624962338594137,
      0.6950080103623992,
      0.8843115160669863,
      0.8585794465124907,
      0.7567297580363135,
      0.7635534890558974,
      2.195238293071252,
      1.7959619802834026,
      1.8236531210015852,
      1.7871131419934905,
      1.7850660226876154,
      1.896887163266604,
      8.232721414950305,
      6.670989504923009,
      7.2976281328762855,
      0.3299604128502047
    ]
  },
  "execution_memory": {
    "total_memory_mb": 38712.0,
    "layer_memory_total_mb": [
      2.134288787841797,
      97.27885437011719,
      93.57376480102539,
      93.57376480102539,
      442.8389129638672,
      368.6006202697754,
      368.6006202697754,
      368.6006202697754,
      1765.7090301513672,
      1471.0527687072754,
      1471.0527687072754,
      1471.0527687072754,
      1471.0527687072754,
      1471.0527687072754,
      7057.886787414551,
      5881.148494720459,
      5881.148494720459,
      21.93122100830078
    ]
  }
}