{
  "model": {
    "model_name": "wideresnet_2B",
    "num_layers": 18,
    "parameters": {
      "total_parameters_bytes": 7807054480,
      "parameters_per_layer_bytes": [
        267008,
        24926720,
        24109568,
        24109568,
        115684352,
        96388096,
        96388096,
        96388096,
        462579712,
        385452032,
        385452032,
        385452032,
        385452032,
        385452032,
        1850003456,
        1541607424,
        1541607424,
        5734800
      ],
      "activation_parameters_bytes": [
        205520896,
        484442112,
        367001600,
        367001600,
        308281344,
        183500800,
        183500800,
        183500800,
        154140672,
        91750400,
        91750400,
        91750400,
        91750400,
        91750400,
        77070336,
        45875200,
        45875200,
        14782464
      ]
    }
  },
  "execution_time": {
    "total_time_ms": 330.8991821422151,
    "forward_backward_time_ms": 214.34946011108133,
    "batch_generator_time_ms": 9.291016059981136,
    "layernorm_grads_all_reduce_time_ms": null,
    "embedding_grads_all_reduce_time_ms": null,
    "optimizer_time_ms": 107.25870597115265,
    "layer_compute_total_ms": [
      0.4453475031878147,
      4.535954129072924,
      4.209009365092665,
      4.211738857500499,
      6.283863835757128,
      4.106169135016871,
      4.114599744631389,
      4.087370856659694,
      21.863784487635666,
      15.5261892731082,
      16.467467937170937,
      16.204071919814997,
      16.146312338539552,
      16.192933829828192,
      53.07394530465328,
      18.382272897372836,
      8.201332252260219,
      0.29709644377846656
    ]
  },
  "execution_memory": {
    "total_memory_mb": 39920.0,
    "layer_memory_total_mb": [
      142.5254020690918,
      361.1631317138672,
      288.0185890197754,
      288.0185890197754,
      609.4512176513672,
      465.7871437072754,
      465.7871437072754,
      465.7871437072754,
      1848.9023895263672,
      1519.5742530822754,
      1519.5742530822754,
      1519.5742530822754,
      1519.5742530822754,
      1519.5742530822754,
      7099.804733276367,
      5905.648471832275,
      5905.648471832275,
      28.87653350830078
    ]
  }
}