{
  "model": {
    "model_name": "wideresnet_2B",
    "num_layers": 18,
    "parameters": {
      "total_parameters_bytes": 7807054480,
      "parameters_per_layer_bytes": [
        267008,
        24926720,
        24109568,
        24109568,
        115684352,
        96388096,
        96388096,
        96388096,
        462579712,
        385452032,
        385452032,
        385452032,
        385452032,
        385452032,
        1850003456,
        1541607424,
        1541607424,
        5734800
      ],
      "activation_parameters_bytes": [
        411041792,
        968884224,
        734003200,
        734003200,
        616562688,
        367001600,
        367001600,
        367001600,
        308281344,
        183500800,
        183500800,
        183500800,
        183500800,
        183500800,
        154140672,
        91750400,
        91750400,
        29564928
      ]
    }
  },
  "execution_time": {
    "total_time_ms": 264.11347093048676,
    "forward_backward_time_ms": 197.38658210450487,
    "batch_generator_time_ms": 9.871636617214632,
    "layernorm_grads_all_reduce_time_ms": null,
    "embedding_grads_all_reduce_time_ms": null,
    "optimizer_time_ms": 56.85525220876724,
    "layer_compute_total_ms": [
      0.42019350023157,
      4.821813450587576,
      4.357686228657122,
      4.360812685750935,
      5.962841965097963,
      3.6563682394452814,
      3.657103190180021,
      3.6289767422203796,
      15.347019591025326,
      16.36862444408285,
      15.893087986936916,
      16.301393950681188,
      16.135796717671187,
      20.366604784565947,
      53.07036091781995,
      6.456997174190637,
      6.412281838218301,
      0.16861869714170613
    ]
  },
  "execution_memory": {
    "total_memory_mb": 40054.0,
    "layer_memory_total_mb": [
      284.0254020690918,
      627.1631317138672,
      484.0185890197754,
      484.0185890197754,
      777.4512176513672,
      563.7871437072754,
      563.7871437072754,
      563.7871437072754,
      1932.9023895263672,
      1568.5742530822754,
      1568.5742530822754,
      1568.5742530822754,
      1568.5742530822754,
      1568.5742530822754,
      7141.804733276367,
      5930.148471832275,
      5930.148471832275,
      35.87653350830078
    ]
  }
}