{
  "model": {
    "model_name": "wideresnet_2B",
    "num_layers": 18,
    "parameters": {
      "total_parameters_bytes": 7807054480,
      "parameters_per_layer_bytes": [
        267008,
        24926720,
        24109568,
        24109568,
        115684352,
        96388096,
        96388096,
        96388096,
        462579712,
        385452032,
        385452032,
        385452032,
        385452032,
        385452032,
        1850003456,
        1541607424,
        1541607424,
        5734800
      ],
      "activation_parameters_bytes": [
        3211264,
        7569408,
        5734400,
        5734400,
        4816896,
        2867200,
        2867200,
        2867200,
        2408448,
        1433600,
        1433600,
        1433600,
        1433600,
        1433600,
        1204224,
        716800,
        716800,
        230976
      ]
    }
  },
  "execution_time": {
    "total_time_ms": 159.41292239454376,
    "forward_backward_time_ms": 51.912832441582204,
    "batch_generator_time_ms": 0.2822603318197582,
    "layernorm_grads_all_reduce_time_ms": null,
    "embedding_grads_all_reduce_time_ms": null,
    "optimizer_time_ms": 107.21782962114177,
    "layer_compute_total_ms": [
      0.13905002855068335,
      0.6437639916088784,
      0.5528322727640355,
      0.5129024402816958,
      0.8222155637887724,
      0.7820435989154152,
      0.7840907182212904,
      0.7831662127283145,
      1.99613943154823,
      2.217690569329238,
      2.2218288320120823,
      2.233473198816469,
      2.235718426442268,
      2.237325305037202,
      8.447162665249618,
      16.7776175180288,
      8.27566689630259,
      0.25014477195661955
    ]
  },
  "execution_memory": {
    "total_memory_mb": 38354.0,
    "layer_memory_total_mb": [
      3.236339569091797,
      99.31938171386719,
      95.08108901977539,
      95.08108901977539,
      444.0762176513672,
      369.3183937072754,
      369.3183937072754,
      369.3183937072754,
      1766.2148895263672,
      1471.3398780822754,
      1471.3398780822754,
      1471.3398780822754,
      1471.3398780822754,
      1471.3398780822754,
      7058.460983276367,
      5881.531284332275,
      5881.531284332275,
      21.98590850830078
    ]
  }
}