{
  "model": {
    "model_name": "wideresnet_2B",
    "num_layers": 18,
    "parameters": {
      "total_parameters_bytes": 7807054480,
      "parameters_per_layer_bytes": [
        267008,
        24926720,
        24109568,
        24109568,
        115684352,
        96388096,
        96388096,
        96388096,
        462579712,
        385452032,
        385452032,
        385452032,
        385452032,
        385452032,
        1850003456,
        1541607424,
        1541607424,
        5734800
      ],
      "activation_parameters_bytes": [
        205520896,
        484442112,
        367001600,
        367001600,
        308281344,
        183500800,
        183500800,
        183500800,
        154140672,
        91750400,
        91750400,
        91750400,
        91750400,
        91750400,
        77070336,
        45875200,
        45875200,
        14782464
      ]
    }
  },
  "execution_time": {
    "total_time_ms": 175.36913797909742,
    "forward_backward_time_ms": 113.60040179793967,
    "batch_generator_time_ms": 4.924029932139785,
    "layernorm_grads_all_reduce_time_ms": null,
    "embedding_grads_all_reduce_time_ms": null,
    "optimizer_time_ms": 56.84470624901797,
    "layer_compute_total_ms": [
      0.2360241788135463,
      2.4039538580254565,
      2.2306804728970664,
      2.2321270425971886,
      3.3303067626837835,
      2.176177459679545,
      2.180645493511375,
      2.1662147941641847,
      11.587314945098708,
      8.228531757914931,
      8.727388318533004,
      8.587794342471176,
      8.557183061075035,
      8.581891404823901,
      28.127999522303394,
      9.742191960823018,
      4.3465219770198855,
      0.15745444550446988
    ]
  },
  "execution_memory": {
    "total_memory_mb": 39920.0,
    "layer_memory_total_mb": [
      142.5254020690918,
      361.1631317138672,
      288.0185890197754,
      288.0185890197754,
      609.4512176513672,
      465.7871437072754,
      465.7871437072754,
      465.7871437072754,
      1848.9023895263672,
      1519.5742530822754,
      1519.5742530822754,
      1519.5742530822754,
      1519.5742530822754,
      1519.5742530822754,
      7099.804733276367,
      5905.648471832275,
      5905.648471832275,
      28.87653350830078
    ]
  }
}