{
  "model": {
    "model_name": "wideresnet_2B",
    "num_layers": 18,
    "parameters": {
      "total_parameters_bytes": 7807054480,
      "parameters_per_layer_bytes": [
        267008,
        24926720,
        24109568,
        24109568,
        115684352,
        96388096,
        96388096,
        96388096,
        462579712,
        385452032,
        385452032,
        385452032,
        385452032,
        385452032,
        1850003456,
        1541607424,
        1541607424,
        5734800
      ],
      "activation_parameters_bytes": [
        102760448,
        242221056,
        183500800,
        183500800,
        154140672,
        91750400,
        91750400,
        91750400,
        77070336,
        45875200,
        45875200,
        45875200,
        45875200,
        45875200,
        38535168,
        22937600,
        22937600,
        7391232
      ]
    }
  },
  "execution_time": {
    "total_time_ms": 524.3469715118408,
    "forward_backward_time_ms": 281.7986488342285,
    "batch_generator_time_ms": 10.20808219909668,
    "layernorm_grads_all_reduce_time_ms": null,
    "embedding_grads_all_reduce_time_ms": null,
    "optimizer_time_ms": 232.34024047851562,
    "layer_compute_total_ms": [
      0.5321025848388672,
      5.308055877685547,
      4.951763153076172,
      4.888439178466797,
      8.742189407348633,
      6.022930145263672,
      6.116533279418945,
      5.910730361938477,
      26.516008377075195,
      18.877649307250977,
      18.905162811279297,
      20.055437088012695,
      21.09236717224121,
      20.416259765625,
      62.61086463928223,
      34.210872650146484,
      16.07379913330078,
      0.5674839019775391
    ]
  },
  "execution_memory": {
    "total_memory_mb": 38340.0,
    "layer_memory_total_mb": [
      71.7754020690918,
      228.1631317138672,
      190.0185890197754,
      190.0185890197754,
      525.4512176513672,
      416.7871437072754,
      416.7871437072754,
      416.7871437072754,
      1806.9023895263672,
      1495.0742530822754,
      1495.0742530822754,
      1495.0742530822754,
      1495.0742530822754,
      1495.0742530822754,
      7078.804733276367,
      5893.398471832275,
      5893.398471832275,
      25.37653350830078
    ]
  }
}