{
  "model": {
    "model_name": "wideresnet_2B",
    "num_layers": 18,
    "parameters": {
      "total_parameters_bytes": 7807054480,
      "parameters_per_layer_bytes": [
        267008,
        24926720,
        24109568,
        24109568,
        115684352,
        96388096,
        96388096,
        96388096,
        462579712,
        385452032,
        385452032,
        385452032,
        385452032,
        385452032,
        1850003456,
        1541607424,
        1541607424,
        5734800
      ],
      "activation_parameters_bytes": [
        822083584,
        1937768448,
        1468006400,
        1468006400,
        1233125376,
        734003200,
        734003200,
        734003200,
        616562688,
        367001600,
        367001600,
        367001600,
        367001600,
        367001600,
        308281344,
        183500800,
        183500800,
        59129856
      ]
    }
  },
  "execution_time": {
    "total_time_ms": 446.84361721987625,
    "forward_backward_time_ms": 296.9267750084699,
    "batch_generator_time_ms": 42.357055618041215,
    "layernorm_grads_all_reduce_time_ms": null,
    "embedding_grads_all_reduce_time_ms": null,
    "optimizer_time_ms": 107.55978659336513,
    "layer_compute_total_ms": [
      1.5617539220628436,
      17.29140043973238,
      15.594426583304038,
      15.762950727452216,
      21.67258794687403,
      13.919442750387196,
      14.108063882989825,
      13.90570724020584,
      23.844955735011904,
      16.73568459031168,
      16.714927240790818,
      16.74352087496643,
      16.740439189989843,
      16.78091932336086,
      38.55964930564274,
      18.285331892823653,
      18.280665341287676,
      0.42434802127593374
    ]
  },
  "execution_memory": {
    "total_memory_mb": 43936.8,
    "layer_memory_total_mb": [
      57.0185661315918,
      319.0879364013672,
      315.9707374572754,
      315.9707374572754,
      553.3008270263672,
      479.6914405822754,
      479.6914405822754,
      479.6914405822754,
      1820.6016082763672,
      1526.3828468322754,
      1526.3828468322754,
      1526.3828468322754,
      1526.3828468322754,
      1526.3828468322754,
      7085.203170776367,
      5908.765659332275,
      5908.765659332275,
      22.07184600830078
    ]
  }
}