{
  "model": {
    "model_name": "wideresnet_2B",
    "num_layers": 18,
    "parameters": {
      "total_parameters_bytes": 7807054480,
      "parameters_per_layer_bytes": [
        267008,
        24926720,
        24109568,
        24109568,
        115684352,
        96388096,
        96388096,
        96388096,
        462579712,
        385452032,
        385452032,
        385452032,
        385452032,
        385452032,
        1850003456,
        1541607424,
        1541607424,
        5734800
      ],
      "activation_parameters_bytes": [
        6422528,
        15138816,
        11468800,
        11468800,
        9633792,
        5734400,
        5734400,
        5734400,
        4816896,
        2867200,
        2867200,
        2867200,
        2867200,
        2867200,
        2408448,
        1433600,
        1433600,
        461952
      ]
    }
  },
  "execution_time": {
    "total_time_ms": 159.96251889808235,
    "forward_backward_time_ms": 52.16029174520209,
    "batch_generator_time_ms": 0.5229399284911483,
    "layernorm_grads_all_reduce_time_ms": null,
    "embedding_grads_all_reduce_time_ms": null,
    "optimizer_time_ms": 107.27928722438914,
    "layer_compute_total_ms": [
      0.15641752459730185,
      0.6832535833802772,
      0.5972745725335193,
      0.5609987379519892,
      1.016713909882462,
      0.7206520317747067,
      0.718384792113361,
      0.7201677669926717,
      2.742281400486415,
      2.117799952016748,
      2.1084668489448006,
      2.121475961953104,
      2.1255922126004014,
      2.117843976087842,
      9.27846919971932,
      16.964631772036498,
      7.125251882507376,
      0.284615619623292
    ]
  },
  "execution_memory": {
    "total_memory_mb": 38368.0,
    "layer_memory_total_mb": [
      5.447277069091797,
      103.47563171386719,
      98.14358901977539,
      98.14358901977539,
      446.7012176513672,
      370.8496437072754,
      370.8496437072754,
      370.8496437072754,
      1767.5273895263672,
      1472.1055030822754,
      1472.1055030822754,
      1472.1055030822754,
      1472.1055030822754,
      1472.1055030822754,
      7059.117233276367,
      5881.914096832275,
      5881.914096832275,
      22.09528350830078
    ]
  }
}