{
  "model": {
    "model_name": "wideresnet_2B",
    "num_layers": 18,
    "parameters": {
      "total_parameters_bytes": 7807054480,
      "parameters_per_layer_bytes": [
        267008,
        24926720,
        24109568,
        24109568,
        115684352,
        96388096,
        96388096,
        96388096,
        462579712,
        385452032,
        385452032,
        385452032,
        385452032,
        385452032,
        1850003456,
        1541607424,
        1541607424,
        5734800
      ],
      "activation_parameters_bytes": [
        6422528,
        15138816,
        11468800,
        11468800,
        9633792,
        5734400,
        5734400,
        5734400,
        4816896,
        2867200,
        2867200,
        2867200,
        2867200,
        2867200,
        2408448,
        1433600,
        1433600,
        461952
      ]
    }
  },
  "execution_time": {
    "total_time_ms": 84.77654392045392,
    "forward_backward_time_ms": 27.643783646956724,
    "batch_generator_time_ms": 0.2771464223049337,
    "layernorm_grads_all_reduce_time_ms": null,
    "embedding_grads_all_reduce_time_ms": null,
    "optimizer_time_ms": 56.855613851192274,
    "layer_compute_total_ms": [
      0.08289777652476571,
      0.36210906041777763,
      0.3165421148639168,
      0.29731673691390076,
      0.5388355474109771,
      0.38192939848639246,
      0.38072781236451647,
      0.3816727490234675,
      1.4533475791207202,
      1.1223864307942915,
      1.1174400956906465,
      1.1243346335355853,
      1.1265161539704476,
      1.1224097625636482,
      4.9173803778730925,
      8.990873989879523,
      3.7762235386312426,
      0.15083988889181266
    ]
  },
  "execution_memory": {
    "total_memory_mb": 38368.0,
    "layer_memory_total_mb": [
      5.447277069091797,
      103.47563171386719,
      98.14358901977539,
      98.14358901977539,
      446.7012176513672,
      370.8496437072754,
      370.8496437072754,
      370.8496437072754,
      1767.5273895263672,
      1472.1055030822754,
      1472.1055030822754,
      1472.1055030822754,
      1472.1055030822754,
      1472.1055030822754,
      7059.117233276367,
      5881.914096832275,
      5881.914096832275,
      22.09528350830078
    ]
  }
}