{
  "model": {
    "model_name": "wideresnet_2B",
    "num_layers": 18,
    "parameters": {
      "total_parameters_bytes": 7807054480,
      "parameters_per_layer_bytes": [
        267008,
        24926720,
        24109568,
        24109568,
        115684352,
        96388096,
        96388096,
        96388096,
        462579712,
        385452032,
        385452032,
        385452032,
        385452032,
        385452032,
        1850003456,
        1541607424,
        1541607424,
        5734800
      ],
      "activation_parameters_bytes": [
        1644167168,
        3875536896,
        2936012800,
        2936012800,
        2466250752,
        1468006400,
        1468006400,
        1468006400,
        1233125376,
        734003200,
        734003200,
        734003200,
        734003200,
        734003200,
        616562688,
        367001600,
        367001600,
        118259712
      ]
    }
  },
  "execution_time": {
    "total_time_ms": 747.8651481229319,
    "forward_backward_time_ms": 569.7865148552938,
    "batch_generator_time_ms": 70.65153522455057,
    "layernorm_grads_all_reduce_time_ms": null,
    "embedding_grads_all_reduce_time_ms": null,
    "optimizer_time_ms": 107.42709804308754,
    "layer_compute_total_ms": [
      3.009287391672071,
      33.4289960121953,
      30.79292268322338,
      31.049516981595282,
      43.3687727958545,
      29.974074960873306,
      29.892124152531657,
      29.963663268059552,
      45.59742535888616,
      31.083173383946715,
      31.011083967530144,
      31.011194027707877,
      30.91984408018764,
      29.371011222990912,
      58.7939928619084,
      40.90208208041708,
      39.083315631306945,
      0.5340339944068591
    ]
  },
  "execution_memory": {
    "total_memory_mb": 50784.0,
    "layer_memory_total_mb": [
      113.0185661315918,
      543.0879364013672,
      539.9707374572754,
      539.9707374572754,
      665.3008270263672,
      591.6914405822754,
      591.6914405822754,
      591.6914405822754,
      1876.6016082763672,
      1582.3828468322754,
      1582.3828468322754,
      1582.3828468322754,
      1582.3828468322754,
      1582.3828468322754,
      7113.203170776367,
      5936.765659332275,
      5936.765659332275,
      22.26715850830078
    ]
  }
}