{
  "model": {
    "model_name": "wideresnet_2B",
    "num_layers": 18,
    "parameters": {
      "total_parameters_bytes": 7807054480,
      "parameters_per_layer_bytes": [
        267008,
        24926720,
        24109568,
        24109568,
        115684352,
        96388096,
        96388096,
        96388096,
        462579712,
        385452032,
        385452032,
        385452032,
        385452032,
        385452032,
        1850003456,
        1541607424,
        1541607424,
        5734800
      ],
      "activation_parameters_bytes": [
        12845056,
        30277632,
        22937600,
        22937600,
        19267584,
        11468800,
        11468800,
        11468800,
        9633792,
        5734400,
        5734400,
        5734400,
        5734400,
        5734400,
        4816896,
        2867200,
        2867200,
        923904
      ]
    }
  },
  "execution_time": {
    "total_time_ms": 97.17967751288306,
    "forward_backward_time_ms": 38.85947016974007,
    "batch_generator_time_ms": 1.46426684717971,
    "layernorm_grads_all_reduce_time_ms": null,
    "embedding_grads_all_reduce_time_ms": null,
    "optimizer_time_ms": 56.85594049596327,
    "layer_compute_total_ms": [
      0.0873774762412743,
      0.42173339700911977,
      0.3429303460064752,
      0.3213017958127072,
      0.7027062294885713,
      0.4578276442041135,
      0.451318080553562,
      0.4491015624646644,
      2.0894766047496183,
      1.719283086249704,
      1.7164832739268863,
      1.699964381222261,
      1.7078621851495428,
      1.7354870000680125,
      5.458105798601972,
      14.372276596720964,
      4.98202104487615,
      0.14421366639447702
    ]
  },
  "execution_memory": {
    "total_memory_mb": 38734.0,
    "layer_memory_total_mb": [
      9.869152069091797,
      111.78813171386719,
      104.26858901977539,
      104.26858901977539,
      451.9512176513672,
      373.9121437072754,
      373.9121437072754,
      373.9121437072754,
      1770.1523895263672,
      1473.6367530822754,
      1473.6367530822754,
      1473.6367530822754,
      1473.6367530822754,
      1473.6367530822754,
      7060.429733276367,
      5882.679721832275,
      5882.679721832275,
      22.31403350830078
    ]
  }
}