{
  "model": {
    "model_name": "wideresnet_2B",
    "num_layers": 18,
    "parameters": {
      "total_parameters_bytes": 7807054480,
      "parameters_per_layer_bytes": [
        267008,
        24926720,
        24109568,
        24109568,
        115684352,
        96388096,
        96388096,
        96388096,
        462579712,
        385452032,
        385452032,
        385452032,
        385452032,
        385452032,
        1850003456,
        1541607424,
        1541607424,
        5734800
      ],
      "activation_parameters_bytes": [
        51380224,
        121110528,
        91750400,
        91750400,
        77070336,
        45875200,
        45875200,
        45875200,
        38535168,
        22937600,
        22937600,
        22937600,
        22937600,
        22937600,
        19267584,
        11468800,
        11468800,
        3695616
      ]
    }
  },
  "execution_time": {
    "total_time_ms": 202.7080869435289,
    "forward_backward_time_ms": 92.9566500188867,
    "batch_generator_time_ms": 2.478775322952739,
    "layernorm_grads_all_reduce_time_ms": null,
    "embedding_grads_all_reduce_time_ms": null,
    "optimizer_time_ms": 107.27266160168946,
    "layer_compute_total_ms": [
      0.16273497879930376,
      1.4437914235662295,
      1.3642839511703029,
      1.3225931558441997,
      2.8648884384834554,
      1.8200871712429638,
      1.8441243140603372,
      1.803027843694004,
      8.033094264574155,
      5.617515495676981,
      5.639373446975197,
      5.670476453203172,
      5.689230707489254,
      6.142700651793929,
      19.72830887107464,
      16.51102975551854,
      7.027892649282796,
      0.2714964464372532
    ]
  },
  "execution_memory": {
    "total_memory_mb": 38322.0,
    "layer_memory_total_mb": [
      36.4004020690918,
      161.6631317138672,
      141.0185890197754,
      141.0185890197754,
      483.4512176513672,
      392.2871437072754,
      392.2871437072754,
      392.2871437072754,
      1785.9023895263672,
      1482.8242530822754,
      1482.8242530822754,
      1482.8242530822754,
      1482.8242530822754,
      1482.8242530822754,
      7068.304733276367,
      5887.273471832275,
      5887.273471832275,
      23.62653350830078
    ]
  }
}