{
  "model": {
    "model_name": "wideresnet_2B",
    "num_layers": 18,
    "parameters": {
      "total_parameters_bytes": 7807054480,
      "parameters_per_layer_bytes": [
        267008,
        24926720,
        24109568,
        24109568,
        115684352,
        96388096,
        96388096,
        96388096,
        462579712,
        385452032,
        385452032,
        385452032,
        385452032,
        385452032,
        1850003456,
        1541607424,
        1541607424,
        5734800
      ],
      "activation_parameters_bytes": [
        12845056,
        30277632,
        22937600,
        22937600,
        19267584,
        11468800,
        11468800,
        11468800,
        9633792,
        5734400,
        5734400,
        5734400,
        5734400,
        5734400,
        4816896,
        2867200,
        2867200,
        923904
      ]
    }
  },
  "execution_time": {
    "total_time_ms": 183.365649055594,
    "forward_backward_time_ms": 73.32286082845108,
    "batch_generator_time_ms": 2.762884665758449,
    "layernorm_grads_all_reduce_time_ms": null,
    "embedding_grads_all_reduce_time_ms": null,
    "optimizer_time_ms": 107.27990356138444,
    "layer_compute_total_ms": [
      0.16487014624736715,
      0.7957570970612242,
      0.6470657969409351,
      0.6062554830367137,
      1.3259169732118035,
      0.8638623350437815,
      0.8515796192085304,
      0.8473973324545918,
      3.942575686831232,
      3.2440677628168526,
      3.238784874285562,
      3.2076158319509465,
      3.222517980016296,
      3.2746424801916985,
      10.298749059360404,
      27.11865169767508,
      9.400437888685497,
      0.27211278343257045
    ]
  },
  "execution_memory": {
    "total_memory_mb": 38734.0,
    "layer_memory_total_mb": [
      9.869152069091797,
      111.78813171386719,
      104.26858901977539,
      104.26858901977539,
      451.9512176513672,
      373.9121437072754,
      373.9121437072754,
      373.9121437072754,
      1770.1523895263672,
      1473.6367530822754,
      1473.6367530822754,
      1473.6367530822754,
      1473.6367530822754,
      1473.6367530822754,
      7060.429733276367,
      5882.679721832275,
      5882.679721832275,
      22.31403350830078
    ]
  }
}