{
  "model": {
    "model_name": "wideresnet_2B",
    "num_layers": 18,
    "parameters": {
      "total_parameters_bytes": 7807054480,
      "parameters_per_layer_bytes": [
        267008,
        24926720,
        24109568,
        24109568,
        115684352,
        96388096,
        96388096,
        96388096,
        462579712,
        385452032,
        385452032,
        385452032,
        385452032,
        385452032,
        1850003456,
        1541607424,
        1541607424,
        5734800
      ],
      "activation_parameters_bytes": [
        102760448,
        242221056,
        183500800,
        183500800,
        154140672,
        91750400,
        91750400,
        91750400,
        77070336,
        45875200,
        45875200,
        45875200,
        45875200,
        45875200,
        38535168,
        22937600,
        22937600,
        7391232
      ]
    }
  },
  "execution_time": {
    "total_time_ms": 128.28218598106346,
    "forward_backward_time_ms": 68.94241531468168,
    "batch_generator_time_ms": 2.4974209260688602,
    "layernorm_grads_all_reduce_time_ms": null,
    "embedding_grads_all_reduce_time_ms": null,
    "optimizer_time_ms": 56.842349740312926,
    "layer_compute_total_ms": [
      0.13017960712635246,
      1.2986229506309976,
      1.211455460313935,
      1.1959631654610092,
      2.138788299285248,
      1.4735178937296871,
      1.4964180253534018,
      1.4460680670813937,
      6.487176817853679,
      4.618442082988892,
      4.625173298448335,
      4.906589434545565,
      5.160275762762221,
      4.994865183907076,
      15.31783154755995,
      8.369735626062377,
      3.932476398013837,
      0.13883569355773104
    ]
  },
  "execution_memory": {
    "total_memory_mb": 38340.0,
    "layer_memory_total_mb": [
      71.7754020690918,
      228.1631317138672,
      190.0185890197754,
      190.0185890197754,
      525.4512176513672,
      416.7871437072754,
      416.7871437072754,
      416.7871437072754,
      1806.9023895263672,
      1495.0742530822754,
      1495.0742530822754,
      1495.0742530822754,
      1495.0742530822754,
      1495.0742530822754,
      7078.804733276367,
      5893.398471832275,
      5893.398471832275,
      25.37653350830078
    ]
  }
}