{
  "model": {
    "model_name": "wideresnet_2B",
    "num_layers": 18,
    "parameters": {
      "total_parameters_bytes": 7807054480,
      "parameters_per_layer_bytes": [
        267008,
        24926720,
        24109568,
        24109568,
        115684352,
        96388096,
        96388096,
        96388096,
        462579712,
        385452032,
        385452032,
        385452032,
        385452032,
        385452032,
        1850003456,
        1541607424,
        1541607424,
        5734800
      ],
      "activation_parameters_bytes": [
        51380224,
        121110528,
        91750400,
        91750400,
        77070336,
        45875200,
        45875200,
        45875200,
        38535168,
        22937600,
        22937600,
        22937600,
        22937600,
        22937600,
        19267584,
        11468800,
        11468800,
        3695616
      ]
    }
  },
  "execution_time": {
    "total_time_ms": 107.43073536337822,
    "forward_backward_time_ms": 49.264937669838645,
    "batch_generator_time_ms": 1.3136952736355005,
    "layernorm_grads_all_reduce_time_ms": null,
    "embedding_grads_all_reduce_time_ms": null,
    "optimizer_time_ms": 56.85210241990407,
    "layer_compute_total_ms": [
      0.08624588542746874,
      0.765177041941445,
      0.7230398664830361,
      0.7009446809021318,
      1.5183265567794515,
      0.964605340518826,
      0.9773444865876474,
      0.9555642798930599,
      4.2573596204228155,
      2.9771571016990235,
      2.9887413251846824,
      3.0052252202352725,
      3.015164553981276,
      3.255493444241155,
      10.455560808907654,
      8.750475104311572,
      3.724625330698645,
      0.1438870216234816
    ]
  },
  "execution_memory": {
    "total_memory_mb": 38322.0,
    "layer_memory_total_mb": [
      36.4004020690918,
      161.6631317138672,
      141.0185890197754,
      141.0185890197754,
      483.4512176513672,
      392.2871437072754,
      392.2871437072754,
      392.2871437072754,
      1785.9023895263672,
      1482.8242530822754,
      1482.8242530822754,
      1482.8242530822754,
      1482.8242530822754,
      1482.8242530822754,
      7068.304733276367,
      5887.273471832275,
      5887.273471832275,
      23.62653350830078
    ]
  }
}