{
  "model": {
    "model_name": "wide_resnet_2B",
    "num_layers": 18,
    "parameters": {
      "total_parameters_bytes": 7808753296,
      "parameters_per_layer_bytes": [
        270592,
        24966144,
        24134656,
        24134656,
        115763200,
        96438272,
        96438272,
        96438272,
        462737408,
        385552384,
        385552384,
        385552384,
        385552384,
        385552384,
        1850318848,
        1541808128,
        1541808128,
        5734800
      ],
      "activation_parameters_bytes": [
        2064384,
        5046272,
        3670016,
        3670016,
        3211264,
        1835008,
        1835008,
        1835008,
        1605632,
        917504,
        917504,
        917504,
        917504,
        917504,
        802816,
        458752,
        458752,
        115488
      ]
    }
  },
  "execution_time": {
    "total_time_ms": 362.90783882141113,
    "forward_backward_time_ms": 124.22041893005371,
    "batch_generator_time_ms": 0.6420135498046875,
    "layernorm_grads_all_reduce_time_ms": null,
    "embedding_grads_all_reduce_time_ms": null,
    "optimizer_time_ms": 232.90400505065918,
    "layer_compute_total_ms": [
      0.46944618225097656,
      1.8396854400634766,
      1.4351367950439453,
      1.5055656433105469,
      1.9156455993652344,
      1.859903335571289,
      1.6392707824707031,
      1.654052734375,
      4.755449295043945,
      3.890514373779297,
      3.95050048828125,
      3.8713455200195312,
      3.866910934448242,
      4.10914421081543,
      17.834186553955078,
      14.451074600219727,
      15.808534622192383,
      0.7147789001464844
    ]
  },
  "execution_memory": {
    "total_memory_mb": 38712.0,
    "layer_memory_total_mb": [
      2.134288787841797,
      97.27885437011719,
      93.57376480102539,
      93.57376480102539,
      442.8389129638672,
      368.6006202697754,
      368.6006202697754,
      368.6006202697754,
      1765.7090301513672,
      1471.0527687072754,
      1471.0527687072754,
      1471.0527687072754,
      1471.0527687072754,
      1471.0527687072754,
      7057.886787414551,
      5881.148494720459,
      5881.148494720459,
      21.93122100830078
    ]
  }
}