{
  "model": {
    "model_name": "wideresnet_2B",
    "num_layers": 18,
    "parameters": {
      "total_parameters_bytes": 7807054480,
      "parameters_per_layer_bytes": [
        267008,
        24926720,
        24109568,
        24109568,
        115684352,
        96388096,
        96388096,
        96388096,
        462579712,
        385452032,
        385452032,
        385452032,
        385452032,
        385452032,
        1850003456,
        1541607424,
        1541607424,
        5734800
      ],
      "activation_parameters_bytes": [
        411041792,
        968884224,
        734003200,
        734003200,
        616562688,
        367001600,
        367001600,
        367001600,
        308281344,
        183500800,
        183500800,
        183500800,
        183500800,
        183500800,
        154140672,
        91750400,
        91750400,
        29564928
      ]
    }
  },
  "execution_time": {
    "total_time_ms": 498.3484125585229,
    "forward_backward_time_ms": 372.44328926343286,
    "batch_generator_time_ms": 18.626518443802848,
    "layernorm_grads_all_reduce_time_ms": null,
    "embedding_grads_all_reduce_time_ms": null,
    "optimizer_time_ms": 107.27860485128717,
    "layer_compute_total_ms": [
      0.7928515083690143,
      9.098146604517927,
      8.222397770278741,
      8.22829699580535,
      11.251121789338853,
      6.899100229297036,
      6.9004869875365,
      6.847415969832574,
      28.957867327808426,
      30.885505304734252,
      29.988228699730055,
      30.75864994387663,
      30.446189099286325,
      38.42918397095541,
      100.13699802636835,
      12.183529603076131,
      12.09915747082431,
      0.31816196179698863
    ]
  },
  "execution_memory": {
    "total_memory_mb": 40054.0,
    "layer_memory_total_mb": [
      284.0254020690918,
      627.1631317138672,
      484.0185890197754,
      484.0185890197754,
      777.4512176513672,
      563.7871437072754,
      563.7871437072754,
      563.7871437072754,
      1932.9023895263672,
      1568.5742530822754,
      1568.5742530822754,
      1568.5742530822754,
      1568.5742530822754,
      1568.5742530822754,
      7141.804733276367,
      5930.148471832275,
      5930.148471832275,
      35.87653350830078
    ]
  }
}