{
  "model": {
    "model_name": "wideresnet_2B",
    "num_layers": 18,
    "parameters": {
      "total_parameters_bytes": 7807054480,
      "parameters_per_layer_bytes": [
        267008,
        24926720,
        24109568,
        24109568,
        115684352,
        96388096,
        96388096,
        96388096,
        462579712,
        385452032,
        385452032,
        385452032,
        385452032,
        385452032,
        1850003456,
        1541607424,
        1541607424,
        5734800
      ],
      "activation_parameters_bytes": [
        12845056,
        30277632,
        22937600,
        22937600,
        19267584,
        11468800,
        11468800,
        11468800,
        9633792,
        5734400,
        5734400,
        5734400,
        5734400,
        5734400,
        4816896,
        2867200,
        2867200,
        923904
      ]
    }
  },
  "execution_time": {
    "total_time_ms": 397.2170352935791,
    "forward_backward_time_ms": 158.83612632751465,
    "batch_generator_time_ms": 5.985116958618164,
    "layernorm_grads_all_reduce_time_ms": null,
    "embedding_grads_all_reduce_time_ms": null,
    "optimizer_time_ms": 232.3957920074463,
    "layer_compute_total_ms": [
      0.3571510314941406,
      1.7238140106201172,
      1.4017105102539062,
      1.3133049011230469,
      2.8722763061523438,
      1.871347427368164,
      1.8447399139404297,
      1.8356800079345703,
      8.540630340576172,
      7.027482986450195,
      7.01603889465332,
      6.948518753051758,
      6.980800628662109,
      7.093715667724609,
      22.30973243713379,
      58.74595642089844,
      20.363759994506836,
      0.5894660949707031
    ]
  },
  "execution_memory": {
    "total_memory_mb": 38734.0,
    "layer_memory_total_mb": [
      9.869152069091797,
      111.78813171386719,
      104.26858901977539,
      104.26858901977539,
      451.9512176513672,
      373.9121437072754,
      373.9121437072754,
      373.9121437072754,
      1770.1523895263672,
      1473.6367530822754,
      1473.6367530822754,
      1473.6367530822754,
      1473.6367530822754,
      1473.6367530822754,
      7060.429733276367,
      5882.679721832275,
      5882.679721832275,
      22.31403350830078
    ]
  }
}