{
  "model": {
    "model_name": "wideresnet_2B",
    "num_layers": 18,
    "parameters": {
      "total_parameters_bytes": 7807054480,
      "parameters_per_layer_bytes": [
        267008,
        24926720,
        24109568,
        24109568,
        115684352,
        96388096,
        96388096,
        96388096,
        462579712,
        385452032,
        385452032,
        385452032,
        385452032,
        385452032,
        1850003456,
        1541607424,
        1541607424,
        5734800
      ],
      "activation_parameters_bytes": [
        3211264,
        7569408,
        5734400,
        5734400,
        4816896,
        2867200,
        2867200,
        2867200,
        2408448,
        1433600,
        1433600,
        1433600,
        1433600,
        1433600,
        1204224,
        716800,
        716800,
        230976
      ]
    }
  },
  "execution_time": {
    "total_time_ms": 345.32928466796875,
    "forward_backward_time_ms": 112.45651245117188,
    "batch_generator_time_ms": 0.6114482879638672,
    "layernorm_grads_all_reduce_time_ms": null,
    "embedding_grads_all_reduce_time_ms": null,
    "optimizer_time_ms": 232.261323928833,
    "layer_compute_total_ms": [
      0.30121803283691406,
      1.3945579528808594,
      1.1975765228271484,
      1.1110782623291016,
      1.7811298370361328,
      1.6941070556640625,
      1.6985416412353516,
      1.6965389251708984,
      4.324150085449219,
      4.804086685180664,
      4.813051223754883,
      4.838275909423828,
      4.8431396484375,
      4.846620559692383,
      18.298721313476562,
      36.34462356567383,
      17.927217483520508,
      0.5418777465820312
    ]
  },
  "execution_memory": {
    "total_memory_mb": 38354.0,
    "layer_memory_total_mb": [
      3.236339569091797,
      99.31938171386719,
      95.08108901977539,
      95.08108901977539,
      444.0762176513672,
      369.3183937072754,
      369.3183937072754,
      369.3183937072754,
      1766.2148895263672,
      1471.3398780822754,
      1471.3398780822754,
      1471.3398780822754,
      1471.3398780822754,
      1471.3398780822754,
      7058.460983276367,
      5881.531284332275,
      5881.531284332275,
      21.98590850830078
    ]
  }
}