{
  "model": {
    "model_name": "llama2_7B",
    "num_layers": 32,
    "parameters": {
      "total_parameters_bytes": 26953662464.0,
      "parameters_per_layer_bytes": [
        524288000,
        809533440.0,
        809533440.0,
        809533440.0,
        809533440.0,
        809533440.0,
        809533440.0,
        809533440.0,
        809533440.0,
        809533440.0,
        809533440.0,
        809533440.0,
        809533440.0,
        809533440.0,
        809533440.0,
        809533440.0,
        809533440.0,
        809533440.0,
        809533440.0,
        809533440.0,
        809533440.0,
        809533440.0,
        809533440.0,
        809533440.0,
        809533440.0,
        809533440.0,
        809533440.0,
        809533440.0,
        809533440.0,
        809533440.0,
        809533440.0,
        809533440.0,
        809533440.0,
        16384,
        524288000
      ],
      "activation_parameters_bytes": [
        536870912,
        8254390272.0,
        8254390272.0,
        8254390272.0,
        8254390272.0,
        8254390272.0,
        8254390272.0,
        8254390272.0,
        8254390272.0,
        8254390272.0,
        8254390272.0,
        8254390272.0,
        8254390272.0,
        8254390272.0,
        8254390272.0,
        8254390272.0,
        8254390272.0,
        8254390272.0,
        8254390272.0,
        8254390272.0,
        8254390272.0,
        8254390272.0,
        8254390272.0,
        8254390272.0,
        8254390272.0,
        8254390272.0,
        8254390272.0,
        8254390272.0,
        8254390272.0,
        8254390272.0,
        8254390272.0,
        8254390272.0,
        8254390272.0,
        536870912,
        4194304000
      ]
    }
  },
  "execution_time": {
    "total_time_ms": 38670.79196458062,
    "forward_backward_time_ms": 38096.629483359204,
    "batch_generator_time_ms": 84.49602127075195,
    "layernorm_grads_all_reduce_time_ms": null,
    "embedding_grads_all_reduce_time_ms": null,
    "optimizer_time_ms": 461.4876999670573,
    "layer_compute_total_ms": [
      20.400047302246094,
      1167.9210662841797,
      1167.9210662841797,
      1167.9210662841797,
      1167.9210662841797,
      1167.9210662841797,
      1167.9210662841797,
      1167.9210662841797,
      1167.9210662841797,
      1167.9210662841797,
      1167.9210662841797,
      1167.9210662841797,
      1167.9210662841797,
      1167.9210662841797,
      1167.9210662841797,
      1167.9210662841797,
      1167.9210662841797,
      1167.9210662841797,
      1167.9210662841797,
      1167.9210662841797,
      1167.9210662841797,
      1167.9210662841797,
      1167.9210662841797,
      1167.9210662841797,
      1167.9210662841797,
      1167.9210662841797,
      1167.9210662841797,
      1167.9210662841797,
      1167.9210662841797,
      1167.9210662841797,
      1167.9210662841797,
      1167.9210662841797,
      1167.9210662841797,
      12.111050742013113,
      579.3522766658238
    ]
  },
  "execution_memory": {
    "total_memory_mb": 248022.0013885498,
    "layer_memory_total_mb": [
      1250.2500038146973,
      7370.500049591064,
      7370.500049591064,
      7370.500049591064,
      7370.500049591064,
      7370.500049591064,
      7370.500049591064,
      7370.500049591064,
      7370.500049591064,
      7370.500049591064,
      7370.500049591064,
      7370.500049591064,
      7370.500049591064,
      7370.500049591064,
      7370.500049591064,
      7370.500049591064,
      7370.500049591064,
      7370.500049591064,
      7370.500049591064,
      7370.500049591064,
      7370.500049591064,
      7370.500049591064,
      7370.500049591064,
      7370.500049591064,
      7370.500049591064,
      7370.500049591064,
      7370.500049591064,
      7370.500049591064,
      7370.500049591064,
      7370.500049591064,
      7370.500049591064,
      7370.500049591064,
      7370.500049591064,
      512.1250038146973,
      1512.0000038146973
    ]
  }
}