{
  "model": {
    "model_name": "llama2_271M",
    "num_layers": 16,
    "parameters": {
      "total_parameters_bytes": 1084362752.0,
      "parameters_per_layer_bytes": [
        131072000,
        51388416.0,
        51388416.0,
        51388416.0,
        51388416.0,
        51388416.0,
        51388416.0,
        51388416.0,
        51388416.0,
        51388416.0,
        51388416.0,
        51388416.0,
        51388416.0,
        51388416.0,
        51388416.0,
        51388416.0,
        51388416.0,
        4096,
        131072000
      ],
      "activation_parameters_bytes": [
        134217728,
        2080374784.0,
        2080374784.0,
        2080374784.0,
        2080374784.0,
        2080374784.0,
        2080374784.0,
        2080374784.0,
        2080374784.0,
        2080374784.0,
        2080374784.0,
        2080374784.0,
        2080374784.0,
        2080374784.0,
        2080374784.0,
        2080374784.0,
        2080374784.0,
        134217728,
        4194304000
      ]
    }
  },
  "execution_time": {
    "total_time_ms": 3447.722311085058,
    "forward_backward_time_ms": 3317.0626504080637,
    "batch_generator_time_ms": 81.1253275190081,
    "layernorm_grads_all_reduce_time_ms": null,
    "embedding_grads_all_reduce_time_ms": null,
    "optimizer_time_ms": 44.6756690540694,
    "layer_compute_total_ms": [
      0.44938496180943077,
      185.09278127125333,
      185.09278127125333,
      185.09278127125333,
      185.09278127125333,
      185.09278127125333,
      185.09278127125333,
      185.09278127125333,
      185.09278127125333,
      185.09278127125333,
      185.09278127125333,
      185.09278127125333,
      185.09278127125333,
      185.09278127125333,
      185.09278127125333,
      185.09278127125333,
      185.09278127125333,
      5.784784044538225,
      290.6473364148821
    ]
  },
  "execution_memory": {
    "total_memory_mb": 62256.37559509277,
    "layer_memory_total_mb": [
      500.25000381469727,
      2885.5312995910645,
      2885.5312995910645,
      2885.5312995910645,
      2885.5312995910645,
      2885.5312995910645,
      2885.5312995910645,
      2885.5312995910645,
      2885.5312995910645,
      2885.5312995910645,
      2885.5312995910645,
      2885.5312995910645,
      2885.5312995910645,
      2885.5312995910645,
      2885.5312995910645,
      2885.5312995910645,
      2885.5312995910645,
      256.14062881469727,
      628.0000038146973
    ]
  }
}