{
  "model": {
    "model_name": "llama2_271M",
    "num_layers": 16,
    "parameters": {
      "total_parameters_bytes": 1084362752.0,
      "parameters_per_layer_bytes": [
        131072000,
        51388416.0,
        51388416.0,
        51388416.0,
        51388416.0,
        51388416.0,
        51388416.0,
        51388416.0,
        51388416.0,
        51388416.0,
        51388416.0,
        51388416.0,
        51388416.0,
        51388416.0,
        51388416.0,
        51388416.0,
        51388416.0,
        4096,
        131072000
      ],
      "activation_parameters_bytes": [
        67108864,
        1040187392.0,
        1040187392.0,
        1040187392.0,
        1040187392.0,
        1040187392.0,
        1040187392.0,
        1040187392.0,
        1040187392.0,
        1040187392.0,
        1040187392.0,
        1040187392.0,
        1040187392.0,
        1040187392.0,
        1040187392.0,
        1040187392.0,
        1040187392.0,
        67108864,
        2097152000
      ]
    }
  },
  "execution_time": {
    "total_time_ms": 960.5579512930233,
    "forward_backward_time_ms": 861.1678055354528,
    "batch_generator_time_ms": 41.323150907244,
    "layernorm_grads_all_reduce_time_ms": null,
    "embedding_grads_all_reduce_time_ms": null,
    "optimizer_time_ms": 33.23815214228388,
    "layer_compute_total_ms": [
      8.68732588631766,
      49.942195415496826,
      49.942195415496826,
      49.942195415496826,
      49.942195415496826,
      49.942195415496826,
      49.942195415496826,
      49.942195415496826,
      49.942195415496826,
      49.942195415496826,
      49.942195415496826,
      49.942195415496826,
      49.942195415496826,
      49.942195415496826,
      49.942195415496826,
      49.942195415496826,
      49.942195415496826,
      3.045422690255301,
      17.290455954415457
    ]
  },
  "execution_memory": {
    "total_memory_mb": 6326.313095092773,
    "layer_memory_total_mb": [
      172.00000381469727,
      304.85942459106445,
      304.85942459106445,
      304.85942459106445,
      304.85942459106445,
      304.85942459106445,
      304.85942459106445,
      304.85942459106445,
      304.85942459106445,
      304.85942459106445,
      304.85942459106445,
      304.85942459106445,
      304.85942459106445,
      304.85942459106445,
      304.85942459106445,
      304.85942459106445,
      304.85942459106445,
      16.023441314697266,
      126.50000381469727
    ]
  }
}