{
  "model": {
    "model_name": "llama2_1B",
    "num_layers": 18,
    "parameters": {
      "total_parameters_bytes": 4223967232.0,
      "parameters_per_layer_bytes": [
        262144000,
        205537280.0,
        205537280.0,
        205537280.0,
        205537280.0,
        205537280.0,
        205537280.0,
        205537280.0,
        205537280.0,
        205537280.0,
        205537280.0,
        205537280.0,
        205537280.0,
        205537280.0,
        205537280.0,
        205537280.0,
        205537280.0,
        205537280.0,
        205537280.0,
        8192,
        262144000
      ],
      "activation_parameters_bytes": [
        268435456,
        4160749568.0,
        4160749568.0,
        4160749568.0,
        4160749568.0,
        4160749568.0,
        4160749568.0,
        4160749568.0,
        4160749568.0,
        4160749568.0,
        4160749568.0,
        4160749568.0,
        4160749568.0,
        4160749568.0,
        4160749568.0,
        4160749568.0,
        4160749568.0,
        4160749568.0,
        4160749568.0,
        268435456,
        4194304000
      ]
    }
  },
  "execution_time": {
    "total_time_ms": 4278.813375586874,
    "forward_backward_time_ms": 4120.5397674015585,
    "batch_generator_time_ms": 83.55821881975446,
    "layernorm_grads_all_reduce_time_ms": null,
    "embedding_grads_all_reduce_time_ms": null,
    "optimizer_time_ms": 46.50781479367863,
    "layer_compute_total_ms": [
      41.74586704799108,
      218.28080926622664,
      218.28080926622664,
      218.28080926622664,
      218.28080926622664,
      218.28080926622664,
      218.28080926622664,
      218.28080926622664,
      218.28080926622664,
      218.28080926622664,
      218.28080926622664,
      218.28080926622664,
      218.28080926622664,
      218.28080926622664,
      218.28080926622664,
      218.28080926622664,
      218.28080926622664,
      218.28080926622664,
      218.28080926622664,
      3.2638141087123325,
      68.89360291617257
    ]
  },
  "execution_memory": {
    "total_memory_mb": 24918.313194274902,
    "layer_memory_total_mb": [
      344.00000381469727,
      1218.5937995910645,
      1218.5937995910645,
      1218.5937995910645,
      1218.5937995910645,
      1218.5937995910645,
      1218.5937995910645,
      1218.5937995910645,
      1218.5937995910645,
      1218.5937995910645,
      1218.5937995910645,
      1218.5937995910645,
      1218.5937995910645,
      1218.5937995910645,
      1218.5937995910645,
      1218.5937995910645,
      1218.5937995910645,
      1218.5937995910645,
      1218.5937995910645,
      64.04687881469727,
      381.00000381469727
    ]
  }
}