{
  "model": {
    "model_name": "llama2_1B",
    "num_layers": 18,
    "parameters": {
      "total_parameters_bytes": 4223967232.0,
      "parameters_per_layer_bytes": [
        262144000,
        205537280.0,
        205537280.0,
        205537280.0,
        205537280.0,
        205537280.0,
        205537280.0,
        205537280.0,
        205537280.0,
        205537280.0,
        205537280.0,
        205537280.0,
        205537280.0,
        205537280.0,
        205537280.0,
        205537280.0,
        205537280.0,
        205537280.0,
        205537280.0,
        8192,
        262144000
      ],
      "activation_parameters_bytes": [
        536870912,
        8321499136.0,
        8321499136.0,
        8321499136.0,
        8321499136.0,
        8321499136.0,
        8321499136.0,
        8321499136.0,
        8321499136.0,
        8321499136.0,
        8321499136.0,
        8321499136.0,
        8321499136.0,
        8321499136.0,
        8321499136.0,
        8321499136.0,
        8321499136.0,
        8321499136.0,
        8321499136.0,
        536870912,
        8388608000
      ]
    }
  },
  "execution_time": {
    "total_time_ms": 8395.901836242316,
    "forward_backward_time_ms": 8177.490319524492,
    "batch_generator_time_ms": 159.3710013798305,
    "layernorm_grads_all_reduce_time_ms": null,
    "embedding_grads_all_reduce_time_ms": null,
    "optimizer_time_ms": 38.41083688427433,
    "layer_compute_total_ms": [
      46.87074252537319,
      435.604989528656,
      435.604989528656,
      435.604989528656,
      435.604989528656,
      435.604989528656,
      435.604989528656,
      435.604989528656,
      435.604989528656,
      435.604989528656,
      435.604989528656,
      435.604989528656,
      435.604989528656,
      435.604989528656,
      435.604989528656,
      435.604989528656,
      435.604989528656,
      435.604989528656,
      435.604989528656,
      3.9064202989850725,
      143.188442502703
    ]
  },
  "execution_memory": {
    "total_memory_mb": 48272.2506942749,
    "layer_memory_total_mb": [
      344.25000381469727,
      2338.8750495910645,
      2338.8750495910645,
      2338.8750495910645,
      2338.8750495910645,
      2338.8750495910645,
      2338.8750495910645,
      2338.8750495910645,
      2338.8750495910645,
      2338.8750495910645,
      2338.8750495910645,
      2338.8750495910645,
      2338.8750495910645,
      2338.8750495910645,
      2338.8750495910645,
      2338.8750495910645,
      2338.8750495910645,
      2338.8750495910645,
      2338.8750495910645,
      128.06250381469727,
      637.0000038146973
    ]
  }
}