{
  "model": {
    "model_name": "llama2_271M",
    "num_layers": 16,
    "parameters": {
      "total_parameters_bytes": 1084362752.0,
      "parameters_per_layer_bytes": [
        131072000,
        51388416.0,
        51388416.0,
        51388416.0,
        51388416.0,
        51388416.0,
        51388416.0,
        51388416.0,
        51388416.0,
        51388416.0,
        51388416.0,
        51388416.0,
        51388416.0,
        51388416.0,
        51388416.0,
        51388416.0,
        51388416.0,
        4096,
        131072000
      ],
      "activation_parameters_bytes": [
        33554432,
        520093696.0,
        520093696.0,
        520093696.0,
        520093696.0,
        520093696.0,
        520093696.0,
        520093696.0,
        520093696.0,
        520093696.0,
        520093696.0,
        520093696.0,
        520093696.0,
        520093696.0,
        520093696.0,
        520093696.0,
        520093696.0,
        33554432,
        1048576000
      ]
    }
  },
  "execution_time": {
    "total_time_ms": 519.7558568281487,
    "forward_backward_time_ms": 451.8091678619385,
    "batch_generator_time_ms": 20.679950714111328,
    "layernorm_grads_all_reduce_time_ms": null,
    "embedding_grads_all_reduce_time_ms": null,
    "optimizer_time_ms": 28.390321909499765,
    "layer_compute_total_ms": [
      2.418313707624163,
      25.739754949297225,
      25.739754949297225,
      25.739754949297225,
      25.739754949297225,
      25.739754949297225,
      25.739754949297225,
      25.739754949297225,
      25.739754949297225,
      25.739754949297225,
      25.739754949297225,
      25.739754949297225,
      25.739754949297225,
      25.739754949297225,
      25.739754949297225,
      25.739754949297225,
      25.739754949297225,
      3.007990973336356,
      16.63374900817871
    ]
  },
  "execution_memory": {
    "total_memory_mb": 5858.313095092773,
    "layer_memory_total_mb": [
      218.81250381469727,
      265.35942459106445,
      265.35942459106445,
      265.35942459106445,
      265.35942459106445,
      265.35942459106445,
      265.35942459106445,
      265.35942459106445,
      265.35942459106445,
      265.35942459106445,
      265.35942459106445,
      265.35942459106445,
      265.35942459106445,
      265.35942459106445,
      265.35942459106445,
      265.35942459106445,
      265.35942459106445,
      16.023441314697266,
      157.00000381469727
    ]
  }
}