{
  "model": {
    "model_name": "llama2_271M",
    "num_layers": 16,
    "parameters": {
      "total_parameters_bytes": 1084362752.0,
      "parameters_per_layer_bytes": [
        131072000,
        51388416.0,
        51388416.0,
        51388416.0,
        51388416.0,
        51388416.0,
        51388416.0,
        51388416.0,
        51388416.0,
        51388416.0,
        51388416.0,
        51388416.0,
        51388416.0,
        51388416.0,
        51388416.0,
        51388416.0,
        51388416.0,
        4096,
        131072000
      ],
      "activation_parameters_bytes": [
        33554432,
        520093696.0,
        520093696.0,
        520093696.0,
        520093696.0,
        520093696.0,
        520093696.0,
        520093696.0,
        520093696.0,
        520093696.0,
        520093696.0,
        520093696.0,
        520093696.0,
        520093696.0,
        520093696.0,
        520093696.0,
        520093696.0,
        33554432,
        1048576000
      ]
    }
  },
  "execution_time": {
    "total_time_ms": 693.7949142890743,
    "forward_backward_time_ms": 617.6451955522809,
    "batch_generator_time_ms": 21.235738481794083,
    "layernorm_grads_all_reduce_time_ms": null,
    "embedding_grads_all_reduce_time_ms": null,
    "optimizer_time_ms": 33.759133791114614,
    "layer_compute_total_ms": [
      1.704897199358259,
      34.806396280016216,
      34.806396280016216,
      34.806396280016216,
      34.806396280016216,
      34.806396280016216,
      34.806396280016216,
      34.806396280016216,
      34.806396280016216,
      34.806396280016216,
      34.806396280016216,
      34.806396280016216,
      34.806396280016216,
      34.806396280016216,
      34.806396280016216,
      34.806396280016216,
      34.806396280016216,
      3.0342510768345425,
      33.02393640790667
    ]
  },
  "execution_memory": {
    "total_memory_mb": 10449.250595092773,
    "layer_memory_total_mb": [
      312.56250381469727,
      466.43754959106445,
      466.43754959106445,
      466.43754959106445,
      466.43754959106445,
      466.43754959106445,
      466.43754959106445,
      466.43754959106445,
      466.43754959106445,
      466.43754959106445,
      466.43754959106445,
      466.43754959106445,
      466.43754959106445,
      466.43754959106445,
      466.43754959106445,
      466.43754959106445,
      466.43754959106445,
      32.031253814697266,
      282.00000381469727
    ]
  }
}