{
  "model": {
    "model_name": "llama2_7B",
    "num_layers": 32,
    "parameters": {
      "total_parameters_bytes": 26953662464.0,
      "parameters_per_layer_bytes": [
        524288000,
        809533440.0,
        809533440.0,
        809533440.0,
        809533440.0,
        809533440.0,
        809533440.0,
        809533440.0,
        809533440.0,
        809533440.0,
        809533440.0,
        809533440.0,
        809533440.0,
        809533440.0,
        809533440.0,
        809533440.0,
        809533440.0,
        809533440.0,
        809533440.0,
        809533440.0,
        809533440.0,
        809533440.0,
        809533440.0,
        809533440.0,
        809533440.0,
        809533440.0,
        809533440.0,
        809533440.0,
        809533440.0,
        809533440.0,
        809533440.0,
        809533440.0,
        809533440.0,
        16384,
        524288000
      ],
      "activation_parameters_bytes": [
        536870912,
        8254390272.0,
        8254390272.0,
        8254390272.0,
        8254390272.0,
        8254390272.0,
        8254390272.0,
        8254390272.0,
        8254390272.0,
        8254390272.0,
        8254390272.0,
        8254390272.0,
        8254390272.0,
        8254390272.0,
        8254390272.0,
        8254390272.0,
        8254390272.0,
        8254390272.0,
        8254390272.0,
        8254390272.0,
        8254390272.0,
        8254390272.0,
        8254390272.0,
        8254390272.0,
        8254390272.0,
        8254390272.0,
        8254390272.0,
        8254390272.0,
        8254390272.0,
        8254390272.0,
        8254390272.0,
        8254390272.0,
        8254390272.0,
        536870912,
        4194304000
      ]
    }
  },
  "execution_time": {
    "total_time_ms": 23106.66167415853,
    "forward_backward_time_ms": 22771.679980414254,
    "batch_generator_time_ms": 71.1721692766462,
    "layernorm_grads_all_reduce_time_ms": null,
    "embedding_grads_all_reduce_time_ms": null,
    "optimizer_time_ms": 239.86099127322547,
    "layer_compute_total_ms": [
      40.409428732735776,
      697.9046378816877,
      697.9046378816877,
      697.9046378816877,
      697.9046378816877,
      697.9046378816877,
      697.9046378816877,
      697.9046378816877,
      697.9046378816877,
      697.9046378816877,
      697.9046378816877,
      697.9046378816877,
      697.9046378816877,
      697.9046378816877,
      697.9046378816877,
      697.9046378816877,
      697.9046378816877,
      697.9046378816877,
      697.9046378816877,
      697.9046378816877,
      697.9046378816877,
      697.9046378816877,
      697.9046378816877,
      697.9046378816877,
      697.9046378816877,
      697.9046378816877,
      697.9046378816877,
      697.9046378816877,
      697.9046378816877,
      697.9046378816877,
      697.9046378816877,
      697.9046378816877,
      697.9046378816877,
      6.268773760114397,
      286.9176524026053
    ]
  },
  "execution_memory": {
    "total_memory_mb": 141046.2513885498,
    "layer_memory_total_mb": [
      875.2500038146973,
      4197.437549591064,
      4197.437549591064,
      4197.437549591064,
      4197.437549591064,
      4197.437549591064,
      4197.437549591064,
      4197.437549591064,
      4197.437549591064,
      4197.437549591064,
      4197.437549591064,
      4197.437549591064,
      4197.437549591064,
      4197.437549591064,
      4197.437549591064,
      4197.437549591064,
      4197.437549591064,
      4197.437549591064,
      4197.437549591064,
      4197.437549591064,
      4197.437549591064,
      4197.437549591064,
      4197.437549591064,
      4197.437549591064,
      4197.437549591064,
      4197.437549591064,
      4197.437549591064,
      4197.437549591064,
      4197.437549591064,
      4197.437549591064,
      4197.437549591064,
      4197.437549591064,
      4197.437549591064,
      256.09375381469727,
      1012.0000038146973
    ]
  }
}