{
  "model": {
    "model_name": "llama2_7B",
    "num_layers": 32,
    "parameters": {
      "total_parameters_bytes": 26953662464.0,
      "parameters_per_layer_bytes": [
        524288000,
        809533440.0,
        809533440.0,
        809533440.0,
        809533440.0,
        809533440.0,
        809533440.0,
        809533440.0,
        809533440.0,
        809533440.0,
        809533440.0,
        809533440.0,
        809533440.0,
        809533440.0,
        809533440.0,
        809533440.0,
        809533440.0,
        809533440.0,
        809533440.0,
        809533440.0,
        809533440.0,
        809533440.0,
        809533440.0,
        809533440.0,
        809533440.0,
        809533440.0,
        809533440.0,
        809533440.0,
        809533440.0,
        809533440.0,
        809533440.0,
        809533440.0,
        809533440.0,
        16384,
        524288000
      ],
      "activation_parameters_bytes": [
        134217728,
        2063597568.0,
        2063597568.0,
        2063597568.0,
        2063597568.0,
        2063597568.0,
        2063597568.0,
        2063597568.0,
        2063597568.0,
        2063597568.0,
        2063597568.0,
        2063597568.0,
        2063597568.0,
        2063597568.0,
        2063597568.0,
        2063597568.0,
        2063597568.0,
        2063597568.0,
        2063597568.0,
        2063597568.0,
        2063597568.0,
        2063597568.0,
        2063597568.0,
        2063597568.0,
        2063597568.0,
        2063597568.0,
        2063597568.0,
        2063597568.0,
        2063597568.0,
        2063597568.0,
        2063597568.0,
        2063597568.0,
        2063597568.0,
        134217728,
        1048576000
      ]
    }
  },
  "execution_time": {
    "total_time_ms": 4680.9994974556685,
    "forward_backward_time_ms": 4508.266074316843,
    "batch_generator_time_ms": 21.3512693132673,
    "layernorm_grads_all_reduce_time_ms": null,
    "embedding_grads_all_reduce_time_ms": null,
    "optimizer_time_ms": 129.7324185110532,
    "layer_compute_total_ms": [
      12.759923934936523,
      138.07183504104614,
      138.07183504104614,
      138.07183504104614,
      138.07183504104614,
      138.07183504104614,
      138.07183504104614,
      138.07183504104614,
      138.07183504104614,
      138.07183504104614,
      138.07183504104614,
      138.07183504104614,
      138.07183504104614,
      138.07183504104614,
      138.07183504104614,
      138.07183504104614,
      138.07183504104614,
      138.07183504104614,
      138.07183504104614,
      138.07183504104614,
      138.07183504104614,
      138.07183504104614,
      138.07183504104614,
      138.07183504104614,
      138.07183504104614,
      138.07183504104614,
      138.07183504104614,
      138.07183504104614,
      138.07183504104614,
      138.07183504104614,
      138.07183504104614,
      138.07183504104614,
      138.07183504104614,
      3.0614989144461497,
      33.9327199118478
    ]
  },
  "execution_memory": {
    "total_memory_mb": 31224.220138549805,
    "layer_memory_total_mb": [
      687.5625038146973,
      942.5078620910645,
      942.5078620910645,
      942.5078620910645,
      942.5078620910645,
      942.5078620910645,
      942.5078620910645,
      942.5078620910645,
      942.5078620910645,
      942.5078620910645,
      942.5078620910645,
      942.5078620910645,
      942.5078620910645,
      942.5078620910645,
      942.5078620910645,
      942.5078620910645,
      942.5078620910645,
      942.5078620910645,
      942.5078620910645,
      942.5078620910645,
      942.5078620910645,
      942.5078620910645,
      942.5078620910645,
      942.5078620910645,
      942.5078620910645,
      942.5078620910645,
      942.5078620910645,
      942.5078620910645,
      942.5078620910645,
      942.5078620910645,
      942.5078620910645,
      942.5078620910645,
      942.5078620910645,
      32.066410064697266,
      378.00000381469727
    ]
  }
}