{
  "model": {
    "model_name": "llama2_1B",
    "num_layers": 18,
    "parameters": {
      "total_parameters_bytes": 4223967232.0,
      "parameters_per_layer_bytes": [
        262144000,
        205537280.0,
        205537280.0,
        205537280.0,
        205537280.0,
        205537280.0,
        205537280.0,
        205537280.0,
        205537280.0,
        205537280.0,
        205537280.0,
        205537280.0,
        205537280.0,
        205537280.0,
        205537280.0,
        205537280.0,
        205537280.0,
        205537280.0,
        205537280.0,
        8192,
        262144000
      ],
      "activation_parameters_bytes": [
        134217728,
        2080374784.0,
        2080374784.0,
        2080374784.0,
        2080374784.0,
        2080374784.0,
        2080374784.0,
        2080374784.0,
        2080374784.0,
        2080374784.0,
        2080374784.0,
        2080374784.0,
        2080374784.0,
        2080374784.0,
        2080374784.0,
        2080374784.0,
        2080374784.0,
        2080374784.0,
        2080374784.0,
        134217728,
        2097152000
      ]
    }
  },
  "execution_time": {
    "total_time_ms": 3741.5213853000087,
    "forward_backward_time_ms": 3595.764330455235,
    "batch_generator_time_ms": 41.265521730695454,
    "layernorm_grads_all_reduce_time_ms": null,
    "embedding_grads_all_reduce_time_ms": null,
    "optimizer_time_ms": 83.75660988758513,
    "layer_compute_total_ms": [
      5.432401384626115,
      188.78803934369768,
      188.78803934369768,
      188.78803934369768,
      188.78803934369768,
      188.78803934369768,
      188.78803934369768,
      188.78803934369768,
      188.78803934369768,
      188.78803934369768,
      188.78803934369768,
      188.78803934369768,
      188.78803934369768,
      188.78803934369768,
      188.78803934369768,
      188.78803934369768,
      188.78803934369768,
      188.78803934369768,
      188.78803934369768,
      3.926549639020647,
      142.22676413399833
    ]
  },
  "execution_memory": {
    "total_memory_mb": 39254.2506942749,
    "layer_memory_total_mb": [
      625.1250038146973,
      1864.8750495910645,
      1864.8750495910645,
      1864.8750495910645,
      1864.8750495910645,
      1864.8750495910645,
      1864.8750495910645,
      1864.8750495910645,
      1864.8750495910645,
      1864.8750495910645,
      1864.8750495910645,
      1864.8750495910645,
      1864.8750495910645,
      1864.8750495910645,
      1864.8750495910645,
      1864.8750495910645,
      1864.8750495910645,
      1864.8750495910645,
      1864.8750495910645,
      128.06250381469727,
      628.0000038146973
    ]
  }
}