{
  "model": {
    "model_name": "llama2_13B",
    "num_layers": 40,
    "parameters": {
      "total_parameters_bytes": 52063457280.0,
      "parameters_per_layer_bytes": [
        655360000,
        1268817920.0,
        1268817920.0,
        1268817920.0,
        1268817920.0,
        1268817920.0,
        1268817920.0,
        1268817920.0,
        1268817920.0,
        1268817920.0,
        1268817920.0,
        1268817920.0,
        1268817920.0,
        1268817920.0,
        1268817920.0,
        1268817920.0,
        1268817920.0,
        1268817920.0,
        1268817920.0,
        1268817920.0,
        1268817920.0,
        1268817920.0,
        1268817920.0,
        1268817920.0,
        1268817920.0,
        1268817920.0,
        1268817920.0,
        1268817920.0,
        1268817920.0,
        1268817920.0,
        1268817920.0,
        1268817920.0,
        1268817920.0,
        1268817920.0,
        1268817920.0,
        1268817920.0,
        1268817920.0,
        1268817920.0,
        1268817920.0,
        1268817920.0,
        1268817920.0,
        20480,
        655360000
      ],
      "activation_parameters_bytes": [
        167772160,
        2583691264.0,
        2583691264.0,
        2583691264.0,
        2583691264.0,
        2583691264.0,
        2583691264.0,
        2583691264.0,
        2583691264.0,
        2583691264.0,
        2583691264.0,
        2583691264.0,
        2583691264.0,
        2583691264.0,
        2583691264.0,
        2583691264.0,
        2583691264.0,
        2583691264.0,
        2583691264.0,
        2583691264.0,
        2583691264.0,
        2583691264.0,
        2583691264.0,
        2583691264.0,
        2583691264.0,
        2583691264.0,
        2583691264.0,
        2583691264.0,
        2583691264.0,
        2583691264.0,
        2583691264.0,
        2583691264.0,
        2583691264.0,
        2583691264.0,
        2583691264.0,
        2583691264.0,
        2583691264.0,
        2583691264.0,
        2583691264.0,
        2583691264.0,
        2583691264.0,
        167772160,
        1048576000
      ]
    }
  },
  "execution_time": {
    "total_time_ms": 18549.027317830496,
    "forward_backward_time_ms": 17630.457469395227,
    "batch_generator_time_ms": 22.483246667044504,
    "layernorm_grads_all_reduce_time_ms": null,
    "embedding_grads_all_reduce_time_ms": null,
    "optimizer_time_ms": 862.6859299455404,
    "layer_compute_total_ms": [
      7.742507117135184,
      435.02376760755266,
      435.02376760755266,
      435.02376760755266,
      435.02376760755266,
      435.02376760755266,
      435.02376760755266,
      435.02376760755266,
      435.02376760755266,
      435.02376760755266,
      435.02376760755266,
      435.02376760755266,
      435.02376760755266,
      435.02376760755266,
      435.02376760755266,
      435.02376760755266,
      435.02376760755266,
      435.02376760755266,
      435.02376760755266,
      435.02376760755266,
      435.02376760755266,
      435.02376760755266,
      435.02376760755266,
      435.02376760755266,
      435.02376760755266,
      435.02376760755266,
      435.02376760755266,
      435.02376760755266,
      435.02376760755266,
      435.02376760755266,
      435.02376760755266,
      435.02376760755266,
      435.02376760755266,
      435.02376760755266,
      435.02376760755266,
      435.02376760755266,
      435.02376760755266,
      435.02376760755266,
      435.02376760755266,
      435.02376760755266,
      435.02376760755266,
      4.255805696759905,
      178.81802150181363
    ]
  },
  "execution_memory": {
    "total_memory_mb": 174610.25178527832,
    "layer_memory_total_mb": [
      1562.5625038146973,
      4245.062549591064,
      4245.062549591064,
      4245.062549591064,
      4245.062549591064,
      4245.062549591064,
      4245.062549591064,
      4245.062549591064,
      4245.062549591064,
      4245.062549591064,
      4245.062549591064,
      4245.062549591064,
      4245.062549591064,
      4245.062549591064,
      4245.062549591064,
      4245.062549591064,
      4245.062549591064,
      4245.062549591064,
      4245.062549591064,
      4245.062549591064,
      4245.062549591064,
      4245.062549591064,
      4245.062549591064,
      4245.062549591064,
      4245.062549591064,
      4245.062549591064,
      4245.062549591064,
      4245.062549591064,
      4245.062549591064,
      4245.062549591064,
      4245.062549591064,
      4245.062549591064,
      4245.062549591064,
      4245.062549591064,
      4245.062549591064,
      4245.062549591064,
      4245.062549591064,
      4245.062549591064,
      4245.062549591064,
      4245.062549591064,
      4245.062549591064,
      160.09375381469727,
      1410.0000038146973
    ]
  }
}