{
  "model": {
    "model_name": "llama2_1B",
    "num_layers": 18,
    "parameters": {
      "total_parameters_bytes": 4223967232.0,
      "parameters_per_layer_bytes": [
        262144000,
        205537280.0,
        205537280.0,
        205537280.0,
        205537280.0,
        205537280.0,
        205537280.0,
        205537280.0,
        205537280.0,
        205537280.0,
        205537280.0,
        205537280.0,
        205537280.0,
        205537280.0,
        205537280.0,
        205537280.0,
        205537280.0,
        205537280.0,
        205537280.0,
        8192,
        262144000
      ],
      "activation_parameters_bytes": [
        16777216,
        260046848.0,
        260046848.0,
        260046848.0,
        260046848.0,
        260046848.0,
        260046848.0,
        260046848.0,
        260046848.0,
        260046848.0,
        260046848.0,
        260046848.0,
        260046848.0,
        260046848.0,
        260046848.0,
        260046848.0,
        260046848.0,
        260046848.0,
        260046848.0,
        16777216,
        262144000
      ]
    }
  },
  "execution_time": {
    "total_time_ms": 922.5158214192542,
    "forward_backward_time_ms": 755.2286216190882,
    "batch_generator_time_ms": 8.338076727730888,
    "layernorm_grads_all_reduce_time_ms": null,
    "embedding_grads_all_reduce_time_ms": null,
    "optimizer_time_ms": 147.8566986797348,
    "layer_compute_total_ms": [
      0.1792567116873605,
      39.32642936706543,
      39.32642936706543,
      39.32642936706543,
      39.32642936706543,
      39.32642936706543,
      39.32642936706543,
      39.32642936706543,
      39.32642936706543,
      39.32642936706543,
      39.32642936706543,
      39.32642936706543,
      39.32642936706543,
      39.32642936706543,
      39.32642936706543,
      39.32642936706543,
      39.32642936706543,
      39.32642936706543,
      39.32642936706543,
      0.9412084306989397,
      36.291769572666716
    ]
  },
  "execution_memory": {
    "total_memory_mb": 22394.344444274902,
    "layer_memory_total_mb": [
      1000.0156288146973,
      1120.4531745910645,
      1120.4531745910645,
      1120.4531745910645,
      1120.4531745910645,
      1120.4531745910645,
      1120.4531745910645,
      1120.4531745910645,
      1120.4531745910645,
      1120.4531745910645,
      1120.4531745910645,
      1120.4531745910645,
      1120.4531745910645,
      1120.4531745910645,
      1120.4531745910645,
      1120.4531745910645,
      1120.4531745910645,
      1120.4531745910645,
      1120.4531745910645,
      32.039066314697266,
      1016.0000038146973
    ]
  }
}