{
  "model": {
    "model_name": "llama2_1B",
    "num_layers": 18,
    "parameters": {
      "total_parameters_bytes": 4223967232.0,
      "parameters_per_layer_bytes": [
        262144000,
        205537280.0,
        205537280.0,
        205537280.0,
        205537280.0,
        205537280.0,
        205537280.0,
        205537280.0,
        205537280.0,
        205537280.0,
        205537280.0,
        205537280.0,
        205537280.0,
        205537280.0,
        205537280.0,
        205537280.0,
        205537280.0,
        205537280.0,
        205537280.0,
        8192,
        262144000
      ],
      "activation_parameters_bytes": [
        33554432,
        520093696.0,
        520093696.0,
        520093696.0,
        520093696.0,
        520093696.0,
        520093696.0,
        520093696.0,
        520093696.0,
        520093696.0,
        520093696.0,
        520093696.0,
        520093696.0,
        520093696.0,
        520093696.0,
        520093696.0,
        520093696.0,
        520093696.0,
        520093696.0,
        33554432,
        524288000
      ]
    }
  },
  "execution_time": {
    "total_time_ms": 1047.318780145552,
    "forward_backward_time_ms": 930.9965542384557,
    "batch_generator_time_ms": 11.272805077689034,
    "layernorm_grads_all_reduce_time_ms": null,
    "embedding_grads_all_reduce_time_ms": null,
    "optimizer_time_ms": 83.40489666384488,
    "layer_compute_total_ms": [
      1.8306119101388114,
      48.533354486737935,
      48.533354486737935,
      48.533354486737935,
      48.533354486737935,
      48.533354486737935,
      48.533354486737935,
      48.533354486737935,
      48.533354486737935,
      48.533354486737935,
      48.533354486737935,
      48.533354486737935,
      48.533354486737935,
      48.533354486737935,
      48.533354486737935,
      48.533354486737935,
      48.533354486737935,
      48.533354486737935,
      48.533354486737935,
      3.054584775652204,
      34.21875408717564
    ]
  },
  "execution_memory": {
    "total_memory_mb": 15330.344444274902,
    "layer_memory_total_mb": [
      625.0312538146973,
      760.4531745910645,
      760.4531745910645,
      760.4531745910645,
      760.4531745910645,
      760.4531745910645,
      760.4531745910645,
      760.4531745910645,
      760.4531745910645,
      760.4531745910645,
      760.4531745910645,
      760.4531745910645,
      760.4531745910645,
      760.4531745910645,
      760.4531745910645,
      760.4531745910645,
      760.4531745910645,
      760.4531745910645,
      760.4531745910645,
      32.039066314697266,
      532.0000038146973
    ]
  }
}