{
  "model": {
    "model_name": "llama2_7B",
    "num_layers": 32,
    "parameters": {
      "total_parameters_bytes": 26953662464.0,
      "parameters_per_layer_bytes": [
        524288000,
        809533440.0,
        809533440.0,
        809533440.0,
        809533440.0,
        809533440.0,
        809533440.0,
        809533440.0,
        809533440.0,
        809533440.0,
        809533440.0,
        809533440.0,
        809533440.0,
        809533440.0,
        809533440.0,
        809533440.0,
        809533440.0,
        809533440.0,
        809533440.0,
        809533440.0,
        809533440.0,
        809533440.0,
        809533440.0,
        809533440.0,
        809533440.0,
        809533440.0,
        809533440.0,
        809533440.0,
        809533440.0,
        809533440.0,
        809533440.0,
        809533440.0,
        809533440.0,
        16384,
        524288000
      ],
      "activation_parameters_bytes": [
        33554432,
        515899392.0,
        515899392.0,
        515899392.0,
        515899392.0,
        515899392.0,
        515899392.0,
        515899392.0,
        515899392.0,
        515899392.0,
        515899392.0,
        515899392.0,
        515899392.0,
        515899392.0,
        515899392.0,
        515899392.0,
        515899392.0,
        515899392.0,
        515899392.0,
        515899392.0,
        515899392.0,
        515899392.0,
        515899392.0,
        515899392.0,
        515899392.0,
        515899392.0,
        515899392.0,
        515899392.0,
        515899392.0,
        515899392.0,
        515899392.0,
        515899392.0,
        515899392.0,
        33554432,
        262144000
      ]
    }
  },
  "execution_time": {
    "total_time_ms": 5287.918054833343,
    "forward_backward_time_ms": 4391.903264181955,
    "batch_generator_time_ms": 6.5950325557163785,
    "layernorm_grads_all_reduce_time_ms": null,
    "embedding_grads_all_reduce_time_ms": null,
    "optimizer_time_ms": 866.16710061407,
    "layer_compute_total_ms": [
      0.2247265407017299,
      134.5066853931972,
      134.5066853931972,
      134.5066853931972,
      134.5066853931972,
      134.5066853931972,
      134.5066853931972,
      134.5066853931972,
      134.5066853931972,
      134.5066853931972,
      134.5066853931972,
      134.5066853931972,
      134.5066853931972,
      134.5066853931972,
      134.5066853931972,
      134.5066853931972,
      134.5066853931972,
      134.5066853931972,
      134.5066853931972,
      134.5066853931972,
      134.5066853931972,
      134.5066853931972,
      134.5066853931972,
      134.5066853931972,
      134.5066853931972,
      134.5066853931972,
      134.5066853931972,
      134.5066853931972,
      134.5066853931972,
      134.5066853931972,
      134.5066853931972,
      134.5066853931972,
      134.5066853931972,
      1.6308512006487166,
      74.97194835117885
    ]
  },
  "execution_memory": {
    "total_memory_mb": 127807.9388885498,
    "layer_memory_total_mb": [
      2000.0156288146973,
      3752.6406745910645,
      3752.6406745910645,
      3752.6406745910645,
      3752.6406745910645,
      3752.6406745910645,
      3752.6406745910645,
      3752.6406745910645,
      3752.6406745910645,
      3752.6406745910645,
      3752.6406745910645,
      3752.6406745910645,
      3752.6406745910645,
      3752.6406745910645,
      3752.6406745910645,
      3752.6406745910645,
      3752.6406745910645,
      3752.6406745910645,
      3752.6406745910645,
      3752.6406745910645,
      3752.6406745910645,
      3752.6406745910645,
      3752.6406745910645,
      3752.6406745910645,
      3752.6406745910645,
      3752.6406745910645,
      3752.6406745910645,
      3752.6406745910645,
      3752.6406745910645,
      3752.6406745910645,
      3752.6406745910645,
      3752.6406745910645,
      3752.6406745910645,
      64.07031631469727,
      2032.0000038146973
    ]
  }
}