{
  "model": {
    "model_name": "llama2_13B",
    "num_layers": 40,
    "parameters": {
      "total_parameters_bytes": 52063457280.0,
      "parameters_per_layer_bytes": [
        655360000,
        1268817920.0,
        1268817920.0,
        1268817920.0,
        1268817920.0,
        1268817920.0,
        1268817920.0,
        1268817920.0,
        1268817920.0,
        1268817920.0,
        1268817920.0,
        1268817920.0,
        1268817920.0,
        1268817920.0,
        1268817920.0,
        1268817920.0,
        1268817920.0,
        1268817920.0,
        1268817920.0,
        1268817920.0,
        1268817920.0,
        1268817920.0,
        1268817920.0,
        1268817920.0,
        1268817920.0,
        1268817920.0,
        1268817920.0,
        1268817920.0,
        1268817920.0,
        1268817920.0,
        1268817920.0,
        1268817920.0,
        1268817920.0,
        1268817920.0,
        1268817920.0,
        1268817920.0,
        1268817920.0,
        1268817920.0,
        1268817920.0,
        1268817920.0,
        1268817920.0,
        20480,
        655360000
      ],
      "activation_parameters_bytes": [
        41943040,
        645922816.0,
        645922816.0,
        645922816.0,
        645922816.0,
        645922816.0,
        645922816.0,
        645922816.0,
        645922816.0,
        645922816.0,
        645922816.0,
        645922816.0,
        645922816.0,
        645922816.0,
        645922816.0,
        645922816.0,
        645922816.0,
        645922816.0,
        645922816.0,
        645922816.0,
        645922816.0,
        645922816.0,
        645922816.0,
        645922816.0,
        645922816.0,
        645922816.0,
        645922816.0,
        645922816.0,
        645922816.0,
        645922816.0,
        645922816.0,
        645922816.0,
        645922816.0,
        645922816.0,
        645922816.0,
        645922816.0,
        645922816.0,
        645922816.0,
        645922816.0,
        645922816.0,
        645922816.0,
        41943040,
        262144000
      ]
    }
  },
  "execution_time": {
    "total_time_ms": 5386.221170385106,
    "forward_backward_time_ms": 4495.5769947596955,
    "batch_generator_time_ms": 5.814143589564732,
    "layernorm_grads_all_reduce_time_ms": null,
    "embedding_grads_all_reduce_time_ms": null,
    "optimizer_time_ms": 856.158494909033,
    "layer_compute_total_ms": [
      2.1444729396275113,
      110.69726092474801,
      110.69726092474801,
      110.69726092474801,
      110.69726092474801,
      110.69726092474801,
      110.69726092474801,
      110.69726092474801,
      110.69726092474801,
      110.69726092474801,
      110.69726092474801,
      110.69726092474801,
      110.69726092474801,
      110.69726092474801,
      110.69726092474801,
      110.69726092474801,
      110.69726092474801,
      110.69726092474801,
      110.69726092474801,
      110.69726092474801,
      110.69726092474801,
      110.69726092474801,
      110.69726092474801,
      110.69726092474801,
      110.69726092474801,
      110.69726092474801,
      110.69726092474801,
      110.69726092474801,
      110.69726092474801,
      110.69726092474801,
      110.69726092474801,
      110.69726092474801,
      110.69726092474801,
      110.69726092474801,
      110.69726092474801,
      110.69726092474801,
      110.69726092474801,
      110.69726092474801,
      110.69726092474801,
      110.69726092474801,
      110.69726092474801,
      3.0358518872942244,
      45.641183853149414
    ]
  },
  "execution_memory": {
    "total_memory_mb": 120808.53303527832,
    "layer_memory_total_mb": [
      1562.5156288146973,
      2876.5703620910645,
      2876.5703620910645,
      2876.5703620910645,
      2876.5703620910645,
      2876.5703620910645,
      2876.5703620910645,
      2876.5703620910645,
      2876.5703620910645,
      2876.5703620910645,
      2876.5703620910645,
      2876.5703620910645,
      2876.5703620910645,
      2876.5703620910645,
      2876.5703620910645,
      2876.5703620910645,
      2876.5703620910645,
      2876.5703620910645,
      2876.5703620910645,
      2876.5703620910645,
      2876.5703620910645,
      2876.5703620910645,
      2876.5703620910645,
      2876.5703620910645,
      2876.5703620910645,
      2876.5703620910645,
      2876.5703620910645,
      2876.5703620910645,
      2876.5703620910645,
      2876.5703620910645,
      2876.5703620910645,
      2876.5703620910645,
      2876.5703620910645,
      2876.5703620910645,
      2876.5703620910645,
      2876.5703620910645,
      2876.5703620910645,
      2876.5703620910645,
      2876.5703620910645,
      2876.5703620910645,
      2876.5703620910645,
      40.082035064697266,
      1290.0000038146973
    ]
  }
}