{
  "model": {
    "model_name": "llama2_1B",
    "num_layers": 18,
    "parameters": {
      "total_parameters_bytes": 4223967232.0,
      "parameters_per_layer_bytes": [
        262144000,
        205537280.0,
        205537280.0,
        205537280.0,
        205537280.0,
        205537280.0,
        205537280.0,
        205537280.0,
        205537280.0,
        205537280.0,
        205537280.0,
        205537280.0,
        205537280.0,
        205537280.0,
        205537280.0,
        205537280.0,
        205537280.0,
        205537280.0,
        205537280.0,
        8192,
        262144000
      ],
      "activation_parameters_bytes": [
        16777216,
        260046848.0,
        260046848.0,
        260046848.0,
        260046848.0,
        260046848.0,
        260046848.0,
        260046848.0,
        260046848.0,
        260046848.0,
        260046848.0,
        260046848.0,
        260046848.0,
        260046848.0,
        260046848.0,
        260046848.0,
        260046848.0,
        260046848.0,
        260046848.0,
        16777216,
        262144000
      ]
    }
  },
  "execution_time": {
    "total_time_ms": 617.8857477554791,
    "forward_backward_time_ms": 497.87415776933943,
    "batch_generator_time_ms": 9.757348469325475,
    "layernorm_grads_all_reduce_time_ms": null,
    "embedding_grads_all_reduce_time_ms": null,
    "optimizer_time_ms": 84.97134765477108,
    "layer_compute_total_ms": [
      1.5736988612583707,
      25.549309594290598,
      25.549309594290598,
      25.549309594290598,
      25.549309594290598,
      25.549309594290598,
      25.549309594290598,
      25.549309594290598,
      25.549309594290598,
      25.549309594290598,
      25.549309594290598,
      25.549309594290598,
      25.549309594290598,
      25.549309594290598,
      25.549309594290598,
      25.549309594290598,
      25.549309594290598,
      25.549309594290598,
      25.549309594290598,
      3.159897668021066,
      16.69151442391532
    ]
  },
  "execution_memory": {
    "total_memory_mb": 11893.360069274902,
    "layer_memory_total_mb": [
      625.0156288146973,
      576.3828620910645,
      576.3828620910645,
      576.3828620910645,
      576.3828620910645,
      576.3828620910645,
      576.3828620910645,
      576.3828620910645,
      576.3828620910645,
      576.3828620910645,
      576.3828620910645,
      576.3828620910645,
      576.3828620910645,
      576.3828620910645,
      576.3828620910645,
      576.3828620910645,
      576.3828620910645,
      576.3828620910645,
      576.3828620910645,
      16.035160064697266,
      516.0000038146973
    ]
  }
}