{
  "model": {
    "model_name": "llama2_271M",
    "num_layers": 16,
    "parameters": {
      "total_parameters_bytes": 1084362752.0,
      "parameters_per_layer_bytes": [
        131072000,
        51388416.0,
        51388416.0,
        51388416.0,
        51388416.0,
        51388416.0,
        51388416.0,
        51388416.0,
        51388416.0,
        51388416.0,
        51388416.0,
        51388416.0,
        51388416.0,
        51388416.0,
        51388416.0,
        51388416.0,
        51388416.0,
        4096,
        131072000
      ],
      "activation_parameters_bytes": [
        67108864,
        1040187392.0,
        1040187392.0,
        1040187392.0,
        1040187392.0,
        1040187392.0,
        1040187392.0,
        1040187392.0,
        1040187392.0,
        1040187392.0,
        1040187392.0,
        1040187392.0,
        1040187392.0,
        1040187392.0,
        1040187392.0,
        1040187392.0,
        1040187392.0,
        67108864,
        2097152000
      ]
    }
  },
  "execution_time": {
    "total_time_ms": 1767.1832114908905,
    "forward_backward_time_ms": 1676.7437117440363,
    "batch_generator_time_ms": 41.43922669546945,
    "layernorm_grads_all_reduce_time_ms": null,
    "embedding_grads_all_reduce_time_ms": null,
    "optimizer_time_ms": 43.26303648347896,
    "layer_compute_total_ms": [
      0.308922358921596,
      93.60304900578092,
      93.60304900578092,
      93.60304900578092,
      93.60304900578092,
      93.60304900578092,
      93.60304900578092,
      93.60304900578092,
      93.60304900578092,
      93.60304900578092,
      93.60304900578092,
      93.60304900578092,
      93.60304900578092,
      93.60304900578092,
      93.60304900578092,
      93.60304900578092,
      93.60304900578092,
      3.007173538208008,
      143.4901101248605
    ]
  },
  "execution_memory": {
    "total_memory_mb": 32548.875595092773,
    "layer_memory_total_mb": [
      500.12500381469727,
      1540.9062995910645,
      1540.9062995910645,
      1540.9062995910645,
      1540.9062995910645,
      1540.9062995910645,
      1540.9062995910645,
      1540.9062995910645,
      1540.9062995910645,
      1540.9062995910645,
      1540.9062995910645,
      1540.9062995910645,
      1540.9062995910645,
      1540.9062995910645,
      1540.9062995910645,
      1540.9062995910645,
      1540.9062995910645,
      128.07812881469727,
      564.0000038146973
    ]
  }
}