{
  "model": {
    "model_name": "llama2_271M",
    "num_layers": 16,
    "parameters": {
      "total_parameters_bytes": 1084362752.0,
      "parameters_per_layer_bytes": [
        131072000,
        51388416.0,
        51388416.0,
        51388416.0,
        51388416.0,
        51388416.0,
        51388416.0,
        51388416.0,
        51388416.0,
        51388416.0,
        51388416.0,
        51388416.0,
        51388416.0,
        51388416.0,
        51388416.0,
        51388416.0,
        51388416.0,
        4096,
        131072000
      ],
      "activation_parameters_bytes": [
        33554432,
        520093696.0,
        520093696.0,
        520093696.0,
        520093696.0,
        520093696.0,
        520093696.0,
        520093696.0,
        520093696.0,
        520093696.0,
        520093696.0,
        520093696.0,
        520093696.0,
        520093696.0,
        520093696.0,
        520093696.0,
        520093696.0,
        33554432,
        1048576000
      ]
    }
  },
  "execution_time": {
    "total_time_ms": 586.3276732222819,
    "forward_backward_time_ms": 507.95013563973566,
    "batch_generator_time_ms": 17.481429236275808,
    "layernorm_grads_all_reduce_time_ms": null,
    "embedding_grads_all_reduce_time_ms": null,
    "optimizer_time_ms": 32.582505626282256,
    "layer_compute_total_ms": [
      20.85992268153599,
      28.408527374267578,
      28.408527374267578,
      28.408527374267578,
      28.408527374267578,
      28.408527374267578,
      28.408527374267578,
      28.408527374267578,
      28.408527374267578,
      28.408527374267578,
      28.408527374267578,
      28.408527374267578,
      28.408527374267578,
      28.408527374267578,
      28.408527374267578,
      28.408527374267578,
      28.408527374267578,
      3.1950814383370534,
      9.36065401349749
    ]
  },
  "execution_memory": {
    "total_memory_mb": 3369.8443450927734,
    "layer_memory_total_mb": [
      171.93750381469727,
      164.82036209106445,
      164.82036209106445,
      164.82036209106445,
      164.82036209106445,
      164.82036209106445,
      164.82036209106445,
      164.82036209106445,
      164.82036209106445,
      164.82036209106445,
      164.82036209106445,
      164.82036209106445,
      164.82036209106445,
      164.82036209106445,
      164.82036209106445,
      164.82036209106445,
      164.82036209106445,
      8.019535064697266,
      94.50000381469727
    ]
  }
}