{
  "model": {
    "model_name": "llama2_13B",
    "num_layers": 40,
    "parameters": {
      "total_parameters_bytes": 52063457280.0,
      "parameters_per_layer_bytes": [
        655360000,
        1268817920.0,
        1268817920.0,
        1268817920.0,
        1268817920.0,
        1268817920.0,
        1268817920.0,
        1268817920.0,
        1268817920.0,
        1268817920.0,
        1268817920.0,
        1268817920.0,
        1268817920.0,
        1268817920.0,
        1268817920.0,
        1268817920.0,
        1268817920.0,
        1268817920.0,
        1268817920.0,
        1268817920.0,
        1268817920.0,
        1268817920.0,
        1268817920.0,
        1268817920.0,
        1268817920.0,
        1268817920.0,
        1268817920.0,
        1268817920.0,
        1268817920.0,
        1268817920.0,
        1268817920.0,
        1268817920.0,
        1268817920.0,
        1268817920.0,
        1268817920.0,
        1268817920.0,
        1268817920.0,
        1268817920.0,
        1268817920.0,
        1268817920.0,
        1268817920.0,
        20480,
        655360000
      ],
      "activation_parameters_bytes": [
        167772160,
        2583691264.0,
        2583691264.0,
        2583691264.0,
        2583691264.0,
        2583691264.0,
        2583691264.0,
        2583691264.0,
        2583691264.0,
        2583691264.0,
        2583691264.0,
        2583691264.0,
        2583691264.0,
        2583691264.0,
        2583691264.0,
        2583691264.0,
        2583691264.0,
        2583691264.0,
        2583691264.0,
        2583691264.0,
        2583691264.0,
        2583691264.0,
        2583691264.0,
        2583691264.0,
        2583691264.0,
        2583691264.0,
        2583691264.0,
        2583691264.0,
        2583691264.0,
        2583691264.0,
        2583691264.0,
        2583691264.0,
        2583691264.0,
        2583691264.0,
        2583691264.0,
        2583691264.0,
        2583691264.0,
        2583691264.0,
        2583691264.0,
        2583691264.0,
        2583691264.0,
        167772160,
        1048576000
      ]
    }
  },
  "execution_time": {
    "total_time_ms": 33910.92370735601,
    "forward_backward_time_ms": 32212.876967021402,
    "batch_generator_time_ms": 23.36083139692034,
    "layernorm_grads_all_reduce_time_ms": null,
    "embedding_grads_all_reduce_time_ms": null,
    "optimizer_time_ms": 1642.1861528058303,
    "layer_compute_total_ms": [
      0.6496225084577288,
      795.430498463767,
      795.430498463767,
      795.430498463767,
      795.430498463767,
      795.430498463767,
      795.430498463767,
      795.430498463767,
      795.430498463767,
      795.430498463767,
      795.430498463767,
      795.430498463767,
      795.430498463767,
      795.430498463767,
      795.430498463767,
      795.430498463767,
      795.430498463767,
      795.430498463767,
      795.430498463767,
      795.430498463767,
      795.430498463767,
      795.430498463767,
      795.430498463767,
      795.430498463767,
      795.430498463767,
      795.430498463767,
      795.430498463767,
      795.430498463767,
      795.430498463767,
      795.430498463767,
      795.430498463767,
      795.430498463767,
      795.430498463767,
      795.430498463767,
      795.430498463767,
      795.430498463767,
      795.430498463767,
      795.430498463767,
      795.430498463767,
      795.430498463767,
      795.430498463767,
      7.280043193272181,
      363.89882223946705
    ]
  },
  "execution_memory": {
    "total_memory_mb": 333165.8767852783,
    "layer_memory_total_mb": [
      2500.0625038146973,
      8169.718799591064,
      8169.718799591064,
      8169.718799591064,
      8169.718799591064,
      8169.718799591064,
      8169.718799591064,
      8169.718799591064,
      8169.718799591064,
      8169.718799591064,
      8169.718799591064,
      8169.718799591064,
      8169.718799591064,
      8169.718799591064,
      8169.718799591064,
      8169.718799591064,
      8169.718799591064,
      8169.718799591064,
      8169.718799591064,
      8169.718799591064,
      8169.718799591064,
      8169.718799591064,
      8169.718799591064,
      8169.718799591064,
      8169.718799591064,
      8169.718799591064,
      8169.718799591064,
      8169.718799591064,
      8169.718799591064,
      8169.718799591064,
      8169.718799591064,
      8169.718799591064,
      8169.718799591064,
      8169.718799591064,
      8169.718799591064,
      8169.718799591064,
      8169.718799591064,
      8169.718799591064,
      8169.718799591064,
      8169.718799591064,
      8169.718799591064,
      320.10937881469727,
      2660.0000038146973
    ]
  }
}