{
  "model": {
    "model_name": "llama2_271M",
    "num_layers": 16,
    "parameters": {
      "total_parameters_bytes": 1084362752.0,
      "parameters_per_layer_bytes": [
        131072000,
        51388416.0,
        51388416.0,
        51388416.0,
        51388416.0,
        51388416.0,
        51388416.0,
        51388416.0,
        51388416.0,
        51388416.0,
        51388416.0,
        51388416.0,
        51388416.0,
        51388416.0,
        51388416.0,
        51388416.0,
        51388416.0,
        4096,
        131072000
      ],
      "activation_parameters_bytes": [
        16777216,
        260046848.0,
        260046848.0,
        260046848.0,
        260046848.0,
        260046848.0,
        260046848.0,
        260046848.0,
        260046848.0,
        260046848.0,
        260046848.0,
        260046848.0,
        260046848.0,
        260046848.0,
        260046848.0,
        260046848.0,
        260046848.0,
        16777216,
        524288000
      ]
    }
  },
  "execution_time": {
    "total_time_ms": 516.955217844585,
    "forward_backward_time_ms": 455.7051318032401,
    "batch_generator_time_ms": 10.29893330165318,
    "layernorm_grads_all_reduce_time_ms": null,
    "embedding_grads_all_reduce_time_ms": null,
    "optimizer_time_ms": 44.4948797970125,
    "layer_compute_total_ms": [
      0.13446807861328125,
      25.426464421408518,
      25.426464421408518,
      25.426464421408518,
      25.426464421408518,
      25.426464421408518,
      25.426464421408518,
      25.426464421408518,
      25.426464421408518,
      25.426464421408518,
      25.426464421408518,
      25.426464421408518,
      25.426464421408518,
      25.426464421408518,
      25.426464421408518,
      25.426464421408518,
      25.426464421408518,
      0.9307861328125,
      35.25934900556292
    ]
  },
  "execution_memory": {
    "total_memory_mb": 11269.250595092773,
    "layer_memory_total_mb": [
      500.03125381469727,
      532.4375495910645,
      532.4375495910645,
      532.4375495910645,
      532.4375495910645,
      532.4375495910645,
      532.4375495910645,
      532.4375495910645,
      532.4375495910645,
      532.4375495910645,
      532.4375495910645,
      532.4375495910645,
      532.4375495910645,
      532.4375495910645,
      532.4375495910645,
      532.4375495910645,
      532.4375495910645,
      32.031253814697266,
      516.0000038146973
    ]
  }
}