{
  "model": {
    "model_name": "llama2_13B",
    "num_layers": 40,
    "parameters": {
      "total_parameters_bytes": 52063457280.0,
      "parameters_per_layer_bytes": [
        655360000,
        1268817920.0,
        1268817920.0,
        1268817920.0,
        1268817920.0,
        1268817920.0,
        1268817920.0,
        1268817920.0,
        1268817920.0,
        1268817920.0,
        1268817920.0,
        1268817920.0,
        1268817920.0,
        1268817920.0,
        1268817920.0,
        1268817920.0,
        1268817920.0,
        1268817920.0,
        1268817920.0,
        1268817920.0,
        1268817920.0,
        1268817920.0,
        1268817920.0,
        1268817920.0,
        1268817920.0,
        1268817920.0,
        1268817920.0,
        1268817920.0,
        1268817920.0,
        1268817920.0,
        1268817920.0,
        1268817920.0,
        1268817920.0,
        1268817920.0,
        1268817920.0,
        1268817920.0,
        1268817920.0,
        1268817920.0,
        1268817920.0,
        1268817920.0,
        1268817920.0,
        20480,
        655360000
      ],
      "activation_parameters_bytes": [
        83886080,
        1291845632.0,
        1291845632.0,
        1291845632.0,
        1291845632.0,
        1291845632.0,
        1291845632.0,
        1291845632.0,
        1291845632.0,
        1291845632.0,
        1291845632.0,
        1291845632.0,
        1291845632.0,
        1291845632.0,
        1291845632.0,
        1291845632.0,
        1291845632.0,
        1291845632.0,
        1291845632.0,
        1291845632.0,
        1291845632.0,
        1291845632.0,
        1291845632.0,
        1291845632.0,
        1291845632.0,
        1291845632.0,
        1291845632.0,
        1291845632.0,
        1291845632.0,
        1291845632.0,
        1291845632.0,
        1291845632.0,
        1291845632.0,
        1291845632.0,
        1291845632.0,
        1291845632.0,
        1291845632.0,
        1291845632.0,
        1291845632.0,
        1291845632.0,
        1291845632.0,
        83886080,
        524288000
      ]
    }
  },
  "execution_time": {
    "total_time_ms": 9710.478380062355,
    "forward_backward_time_ms": 8811.155761991227,
    "batch_generator_time_ms": 11.841058731079102,
    "layernorm_grads_all_reduce_time_ms": null,
    "embedding_grads_all_reduce_time_ms": null,
    "optimizer_time_ms": 859.2667300314029,
    "layer_compute_total_ms": [
      3.7633691515241354,
      217.2363315309797,
      217.2363315309797,
      217.2363315309797,
      217.2363315309797,
      217.2363315309797,
      217.2363315309797,
      217.2363315309797,
      217.2363315309797,
      217.2363315309797,
      217.2363315309797,
      217.2363315309797,
      217.2363315309797,
      217.2363315309797,
      217.2363315309797,
      217.2363315309797,
      217.2363315309797,
      217.2363315309797,
      217.2363315309797,
      217.2363315309797,
      217.2363315309797,
      217.2363315309797,
      217.2363315309797,
      217.2363315309797,
      217.2363315309797,
      217.2363315309797,
      217.2363315309797,
      217.2363315309797,
      217.2363315309797,
      217.2363315309797,
      217.2363315309797,
      217.2363315309797,
      217.2363315309797,
      217.2363315309797,
      217.2363315309797,
      217.2363315309797,
      217.2363315309797,
      217.2363315309797,
      217.2363315309797,
      217.2363315309797,
      217.2363315309797,
      3.4398010798863004,
      90.76656614031111
    ]
  },
  "execution_memory": {
    "total_memory_mb": 137450.43928527832,
    "layer_memory_total_mb": [
      1562.5312538146973,
      3332.7344245910645,
      3332.7344245910645,
      3332.7344245910645,
      3332.7344245910645,
      3332.7344245910645,
      3332.7344245910645,
      3332.7344245910645,
      3332.7344245910645,
      3332.7344245910645,
      3332.7344245910645,
      3332.7344245910645,
      3332.7344245910645,
      3332.7344245910645,
      3332.7344245910645,
      3332.7344245910645,
      3332.7344245910645,
      3332.7344245910645,
      3332.7344245910645,
      3332.7344245910645,
      3332.7344245910645,
      3332.7344245910645,
      3332.7344245910645,
      3332.7344245910645,
      3332.7344245910645,
      3332.7344245910645,
      3332.7344245910645,
      3332.7344245910645,
      3332.7344245910645,
      3332.7344245910645,
      3332.7344245910645,
      3332.7344245910645,
      3332.7344245910645,
      3332.7344245910645,
      3332.7344245910645,
      3332.7344245910645,
      3332.7344245910645,
      3332.7344245910645,
      3332.7344245910645,
      3332.7344245910645,
      3332.7344245910645,
      80.08594131469727,
      1330.0000038146973
    ]
  }
}