{
  "model": {
    "model_name": "llama2_1B",
    "num_layers": 18,
    "parameters": {
      "total_parameters_bytes": 4223967232.0,
      "parameters_per_layer_bytes": [
        262144000,
        205537280.0,
        205537280.0,
        205537280.0,
        205537280.0,
        205537280.0,
        205537280.0,
        205537280.0,
        205537280.0,
        205537280.0,
        205537280.0,
        205537280.0,
        205537280.0,
        205537280.0,
        205537280.0,
        205537280.0,
        205537280.0,
        205537280.0,
        205537280.0,
        8192,
        262144000
      ],
      "activation_parameters_bytes": [
        134217728,
        2080374784.0,
        2080374784.0,
        2080374784.0,
        2080374784.0,
        2080374784.0,
        2080374784.0,
        2080374784.0,
        2080374784.0,
        2080374784.0,
        2080374784.0,
        2080374784.0,
        2080374784.0,
        2080374784.0,
        2080374784.0,
        2080374784.0,
        2080374784.0,
        2080374784.0,
        2080374784.0,
        134217728,
        2097152000
      ]
    }
  },
  "execution_time": {
    "total_time_ms": 5929.8758207034425,
    "forward_backward_time_ms": 5736.931647573199,
    "batch_generator_time_ms": 36.615337644304546,
    "layernorm_grads_all_reduce_time_ms": null,
    "embedding_grads_all_reduce_time_ms": null,
    "optimizer_time_ms": 146.68316909102384,
    "layer_compute_total_ms": [
      0.440699713570731,
      300.5620496613639,
      300.5620496613639,
      300.5620496613639,
      300.5620496613639,
      300.5620496613639,
      300.5620496613639,
      300.5620496613639,
      300.5620496613639,
      300.5620496613639,
      300.5620496613639,
      300.5620496613639,
      300.5620496613639,
      300.5620496613639,
      300.5620496613639,
      300.5620496613639,
      300.5620496613639,
      300.5620496613639,
      300.5620496613639,
      5.79132352556501,
      288.01965713500977
    ]
  },
  "execution_memory": {
    "total_memory_mb": 71078.1256942749,
    "layer_memory_total_mb": [
      1000.1250038146973,
      3473.4375495910645,
      3473.4375495910645,
      3473.4375495910645,
      3473.4375495910645,
      3473.4375495910645,
      3473.4375495910645,
      3473.4375495910645,
      3473.4375495910645,
      3473.4375495910645,
      3473.4375495910645,
      3473.4375495910645,
      3473.4375495910645,
      3473.4375495910645,
      3473.4375495910645,
      3473.4375495910645,
      3473.4375495910645,
      3473.4375495910645,
      3473.4375495910645,
      256.09375381469727,
      1128.0000038146973
    ]
  }
}