{
  "model": {
    "model_name": "llama2_13B",
    "num_layers": 40,
    "parameters": {
      "total_parameters_bytes": 52063457280.0,
      "parameters_per_layer_bytes": [
        655360000,
        1268817920.0,
        1268817920.0,
        1268817920.0,
        1268817920.0,
        1268817920.0,
        1268817920.0,
        1268817920.0,
        1268817920.0,
        1268817920.0,
        1268817920.0,
        1268817920.0,
        1268817920.0,
        1268817920.0,
        1268817920.0,
        1268817920.0,
        1268817920.0,
        1268817920.0,
        1268817920.0,
        1268817920.0,
        1268817920.0,
        1268817920.0,
        1268817920.0,
        1268817920.0,
        1268817920.0,
        1268817920.0,
        1268817920.0,
        1268817920.0,
        1268817920.0,
        1268817920.0,
        1268817920.0,
        1268817920.0,
        1268817920.0,
        1268817920.0,
        1268817920.0,
        1268817920.0,
        1268817920.0,
        1268817920.0,
        1268817920.0,
        1268817920.0,
        1268817920.0,
        20480,
        655360000
      ],
      "activation_parameters_bytes": [
        83886080,
        1291845632.0,
        1291845632.0,
        1291845632.0,
        1291845632.0,
        1291845632.0,
        1291845632.0,
        1291845632.0,
        1291845632.0,
        1291845632.0,
        1291845632.0,
        1291845632.0,
        1291845632.0,
        1291845632.0,
        1291845632.0,
        1291845632.0,
        1291845632.0,
        1291845632.0,
        1291845632.0,
        1291845632.0,
        1291845632.0,
        1291845632.0,
        1291845632.0,
        1291845632.0,
        1291845632.0,
        1291845632.0,
        1291845632.0,
        1291845632.0,
        1291845632.0,
        1291845632.0,
        1291845632.0,
        1291845632.0,
        1291845632.0,
        1291845632.0,
        1291845632.0,
        1291845632.0,
        1291845632.0,
        1291845632.0,
        1291845632.0,
        1291845632.0,
        1291845632.0,
        83886080,
        524288000
      ]
    }
  },
  "execution_time": {
    "total_time_ms": 4180.973486920672,
    "forward_backward_time_ms": 3896.9120638711115,
    "batch_generator_time_ms": 12.65263557434082,
    "layernorm_grads_all_reduce_time_ms": null,
    "embedding_grads_all_reduce_time_ms": null,
    "optimizer_time_ms": 246.48873263077198,
    "layer_compute_total_ms": [
      8.515971047537667,
      95.85822480065482,
      95.85822480065482,
      95.85822480065482,
      95.85822480065482,
      95.85822480065482,
      95.85822480065482,
      95.85822480065482,
      95.85822480065482,
      95.85822480065482,
      95.85822480065482,
      95.85822480065482,
      95.85822480065482,
      95.85822480065482,
      95.85822480065482,
      95.85822480065482,
      95.85822480065482,
      95.85822480065482,
      95.85822480065482,
      95.85822480065482,
      95.85822480065482,
      95.85822480065482,
      95.85822480065482,
      95.85822480065482,
      95.85822480065482,
      95.85822480065482,
      95.85822480065482,
      95.85822480065482,
      95.85822480065482,
      95.85822480065482,
      95.85822480065482,
      95.85822480065482,
      95.85822480065482,
      95.85822480065482,
      95.85822480065482,
      95.85822480065482,
      95.85822480065482,
      95.85822480065482,
      95.85822480065482,
      95.85822480065482,
      95.85822480065482,
      3.073045185634068,
      20.786012922014507
    ]
  },
  "execution_memory": {
    "total_memory_mb": 39129.57991027832,
    "layer_memory_total_mb": [
      859.4062538146973,
      953.4883308410645,
      953.4883308410645,
      953.4883308410645,
      953.4883308410645,
      953.4883308410645,
      953.4883308410645,
      953.4883308410645,
      953.4883308410645,
      953.4883308410645,
      953.4883308410645,
      953.4883308410645,
      953.4883308410645,
      953.4883308410645,
      953.4883308410645,
      953.4883308410645,
      953.4883308410645,
      953.4883308410645,
      953.4883308410645,
      953.4883308410645,
      953.4883308410645,
      953.4883308410645,
      953.4883308410645,
      953.4883308410645,
      953.4883308410645,
      953.4883308410645,
      953.4883308410645,
      953.4883308410645,
      953.4883308410645,
      953.4883308410645,
      953.4883308410645,
      953.4883308410645,
      953.4883308410645,
      953.4883308410645,
      953.4883308410645,
      953.4883308410645,
      953.4883308410645,
      953.4883308410645,
      953.4883308410645,
      953.4883308410645,
      953.4883308410645,
      20.080081939697266,
      392.50000381469727
    ]
  }
}