{
  "model": {
    "model_name": "llama2_1B",
    "num_layers": 18,
    "parameters": {
      "total_parameters_bytes": 4223967232.0,
      "parameters_per_layer_bytes": [
        262144000,
        205537280.0,
        205537280.0,
        205537280.0,
        205537280.0,
        205537280.0,
        205537280.0,
        205537280.0,
        205537280.0,
        205537280.0,
        205537280.0,
        205537280.0,
        205537280.0,
        205537280.0,
        205537280.0,
        205537280.0,
        205537280.0,
        205537280.0,
        205537280.0,
        8192,
        262144000
      ],
      "activation_parameters_bytes": [
        67108864,
        1040187392.0,
        1040187392.0,
        1040187392.0,
        1040187392.0,
        1040187392.0,
        1040187392.0,
        1040187392.0,
        1040187392.0,
        1040187392.0,
        1040187392.0,
        1040187392.0,
        1040187392.0,
        1040187392.0,
        1040187392.0,
        1040187392.0,
        1040187392.0,
        1040187392.0,
        1040187392.0,
        67108864,
        1048576000
      ]
    }
  },
  "execution_time": {
    "total_time_ms": 1168.3919271174618,
    "forward_backward_time_ms": 1086.673583303179,
    "batch_generator_time_ms": 20.682471139090403,
    "layernorm_grads_all_reduce_time_ms": null,
    "embedding_grads_all_reduce_time_ms": null,
    "optimizer_time_ms": 40.1758818740623,
    "layer_compute_total_ms": [
      6.54186521257673,
      57.17465707233974,
      57.17465707233974,
      57.17465707233974,
      57.17465707233974,
      57.17465707233974,
      57.17465707233974,
      57.17465707233974,
      57.17465707233974,
      57.17465707233974,
      57.17465707233974,
      57.17465707233974,
      57.17465707233974,
      57.17465707233974,
      57.17465707233974,
      57.17465707233974,
      57.17465707233974,
      57.17465707233974,
      57.17465707233974,
      3.025906426565988,
      19.27651677812849
    ]
  },
  "execution_memory": {
    "total_memory_mb": 7669.360069274902,
    "layer_memory_total_mb": [
      343.81250381469727,
      378.38286209106445,
      378.38286209106445,
      378.38286209106445,
      378.38286209106445,
      378.38286209106445,
      378.38286209106445,
      378.38286209106445,
      378.38286209106445,
      378.38286209106445,
      378.38286209106445,
      378.38286209106445,
      378.38286209106445,
      378.38286209106445,
      378.38286209106445,
      378.38286209106445,
      378.38286209106445,
      378.38286209106445,
      378.38286209106445,
      16.035160064697266,
      189.00000381469727
    ]
  }
}