{
  "model": {
    "model_name": "llama2_1B",
    "num_layers": 18,
    "parameters": {
      "total_parameters_bytes": 4223967232.0,
      "parameters_per_layer_bytes": [
        262144000,
        205537280.0,
        205537280.0,
        205537280.0,
        205537280.0,
        205537280.0,
        205537280.0,
        205537280.0,
        205537280.0,
        205537280.0,
        205537280.0,
        205537280.0,
        205537280.0,
        205537280.0,
        205537280.0,
        205537280.0,
        205537280.0,
        205537280.0,
        205537280.0,
        8192,
        262144000
      ],
      "activation_parameters_bytes": [
        268435456,
        4160749568.0,
        4160749568.0,
        4160749568.0,
        4160749568.0,
        4160749568.0,
        4160749568.0,
        4160749568.0,
        4160749568.0,
        4160749568.0,
        4160749568.0,
        4160749568.0,
        4160749568.0,
        4160749568.0,
        4160749568.0,
        4160749568.0,
        4160749568.0,
        4160749568.0,
        4160749568.0,
        268435456,
        4194304000
      ]
    }
  },
  "execution_time": {
    "total_time_ms": 4653.158109306312,
    "forward_backward_time_ms": 4503.820095743452,
    "batch_generator_time_ms": 77.38900184631348,
    "layernorm_grads_all_reduce_time_ms": null,
    "embedding_grads_all_reduce_time_ms": null,
    "optimizer_time_ms": 50.13221309768571,
    "layer_compute_total_ms": [
      19.18704169137137,
      237.05588919775826,
      237.05588919775826,
      237.05588919775826,
      237.05588919775826,
      237.05588919775826,
      237.05588919775826,
      237.05588919775826,
      237.05588919775826,
      237.05588919775826,
      237.05588919775826,
      237.05588919775826,
      237.05588919775826,
      237.05588919775826,
      237.05588919775826,
      237.05588919775826,
      237.05588919775826,
      237.05588919775826,
      237.05588919775826,
      4.718337740216937,
      143.8173225947789
    ]
  },
  "execution_memory": {
    "total_memory_mb": 41070.2506942749,
    "layer_memory_total_mb": [
      437.75000381469727,
      1924.8750495910645,
      1924.8750495910645,
      1924.8750495910645,
      1924.8750495910645,
      1924.8750495910645,
      1924.8750495910645,
      1924.8750495910645,
      1924.8750495910645,
      1924.8750495910645,
      1924.8750495910645,
      1924.8750495910645,
      1924.8750495910645,
      1924.8750495910645,
      1924.8750495910645,
      1924.8750495910645,
      1924.8750495910645,
      1924.8750495910645,
      1924.8750495910645,
      128.06250381469727,
      506.00000381469727
    ]
  }
}