{
  "model": {
    "model_name": "llama2_1B",
    "num_layers": 18,
    "parameters": {
      "total_parameters_bytes": 4223967232.0,
      "parameters_per_layer_bytes": [
        262144000,
        205537280.0,
        205537280.0,
        205537280.0,
        205537280.0,
        205537280.0,
        205537280.0,
        205537280.0,
        205537280.0,
        205537280.0,
        205537280.0,
        205537280.0,
        205537280.0,
        205537280.0,
        205537280.0,
        205537280.0,
        205537280.0,
        205537280.0,
        205537280.0,
        8192,
        262144000
      ],
      "activation_parameters_bytes": [
        536870912,
        8321499136.0,
        8321499136.0,
        8321499136.0,
        8321499136.0,
        8321499136.0,
        8321499136.0,
        8321499136.0,
        8321499136.0,
        8321499136.0,
        8321499136.0,
        8321499136.0,
        8321499136.0,
        8321499136.0,
        8321499136.0,
        8321499136.0,
        8321499136.0,
        8321499136.0,
        8321499136.0,
        536870912,
        8388608000
      ]
    }
  },
  "execution_time": {
    "total_time_ms": 9116.088843727286,
    "forward_backward_time_ms": 8924.115640776497,
    "batch_generator_time_ms": 128.99841581072127,
    "layernorm_grads_all_reduce_time_ms": null,
    "embedding_grads_all_reduce_time_ms": null,
    "optimizer_time_ms": 45.660421208146516,
    "layer_compute_total_ms": [
      25.58967045375279,
      471.06999158859253,
      471.06999158859253,
      471.06999158859253,
      471.06999158859253,
      471.06999158859253,
      471.06999158859253,
      471.06999158859253,
      471.06999158859253,
      471.06999158859253,
      471.06999158859253,
      471.06999158859253,
      471.06999158859253,
      471.06999158859253,
      471.06999158859253,
      471.06999158859253,
      471.06999158859253,
      471.06999158859253,
      471.06999158859253,
      6.1899934496198386,
      285.42573111397877
    ]
  },
  "execution_memory": {
    "total_memory_mb": 77050.1256942749,
    "layer_memory_total_mb": [
      438.00000381469727,
      3653.4375495910645,
      3653.4375495910645,
      3653.4375495910645,
      3653.4375495910645,
      3653.4375495910645,
      3653.4375495910645,
      3653.4375495910645,
      3653.4375495910645,
      3653.4375495910645,
      3653.4375495910645,
      3653.4375495910645,
      3653.4375495910645,
      3653.4375495910645,
      3653.4375495910645,
      3653.4375495910645,
      3653.4375495910645,
      3653.4375495910645,
      3653.4375495910645,
      256.09375381469727,
      762.0000038146973
    ]
  }
}