{
  "model": {
    "model_name": "llama2_271M",
    "num_layers": 16,
    "parameters": {
      "total_parameters_bytes": 1084362752.0,
      "parameters_per_layer_bytes": [
        131072000,
        51388416.0,
        51388416.0,
        51388416.0,
        51388416.0,
        51388416.0,
        51388416.0,
        51388416.0,
        51388416.0,
        51388416.0,
        51388416.0,
        51388416.0,
        51388416.0,
        51388416.0,
        51388416.0,
        51388416.0,
        51388416.0,
        4096,
        131072000
      ],
      "activation_parameters_bytes": [
        536870912,
        8321499136.0,
        8321499136.0,
        8321499136.0,
        8321499136.0,
        8321499136.0,
        8321499136.0,
        8321499136.0,
        8321499136.0,
        8321499136.0,
        8321499136.0,
        8321499136.0,
        8321499136.0,
        8321499136.0,
        8321499136.0,
        8321499136.0,
        8321499136.0,
        536870912,
        16777216000
      ]
    }
  },
  "execution_time": {
    "total_time_ms": 6794.372863250825,
    "forward_backward_time_ms": 6423.271417617798,
    "batch_generator_time_ms": 319.24070630754744,
    "layernorm_grads_all_reduce_time_ms": null,
    "embedding_grads_all_reduce_time_ms": null,
    "optimizer_time_ms": 31.088929338819035,
    "layer_compute_total_ms": [
      39.56232752118792,
      379.5956628663199,
      379.5956628663199,
      379.5956628663199,
      379.5956628663199,
      379.5956628663199,
      379.5956628663199,
      379.5956628663199,
      379.5956628663199,
      379.5956628663199,
      379.5956628663199,
      379.5956628663199,
      379.5956628663199,
      379.5956628663199,
      379.5956628663199,
      379.5956628663199,
      379.5956628663199,
      3.9472920554024835,
      140.87132045200894
    ]
  },
  "execution_memory": {
    "total_memory_mb": 47776.87559509277,
    "layer_memory_total_mb": [
      172.87500381469727,
      2265.4062995910645,
      2265.4062995910645,
      2265.4062995910645,
      2265.4062995910645,
      2265.4062995910645,
      2265.4062995910645,
      2265.4062995910645,
      2265.4062995910645,
      2265.4062995910645,
      2265.4062995910645,
      2265.4062995910645,
      2265.4062995910645,
      2265.4062995910645,
      2265.4062995910645,
      2265.4062995910645,
      2265.4062995910645,
      128.07812881469727,
      574.5000038146973
    ]
  }
}