{
  "model": {
    "model_name": "llama2_271M",
    "num_layers": 16,
    "parameters": {
      "total_parameters_bytes": 1084362752.0,
      "parameters_per_layer_bytes": [
        131072000,
        51388416.0,
        51388416.0,
        51388416.0,
        51388416.0,
        51388416.0,
        51388416.0,
        51388416.0,
        51388416.0,
        51388416.0,
        51388416.0,
        51388416.0,
        51388416.0,
        51388416.0,
        51388416.0,
        51388416.0,
        51388416.0,
        4096,
        131072000
      ],
      "activation_parameters_bytes": [
        33554432,
        520093696.0,
        520093696.0,
        520093696.0,
        520093696.0,
        520093696.0,
        520093696.0,
        520093696.0,
        520093696.0,
        520093696.0,
        520093696.0,
        520093696.0,
        520093696.0,
        520093696.0,
        520093696.0,
        520093696.0,
        520093696.0,
        33554432,
        1048576000
      ]
    }
  },
  "execution_time": {
    "total_time_ms": 935.5763537154995,
    "forward_backward_time_ms": 865.1567867824009,
    "batch_generator_time_ms": 19.72321101597377,
    "layernorm_grads_all_reduce_time_ms": null,
    "embedding_grads_all_reduce_time_ms": null,
    "optimizer_time_ms": 43.48988188540406,
    "layer_compute_total_ms": [
      0.22796222141810824,
      48.22736127035958,
      48.22736127035958,
      48.22736127035958,
      48.22736127035958,
      48.22736127035958,
      48.22736127035958,
      48.22736127035958,
      48.22736127035958,
      48.22736127035958,
      48.22736127035958,
      48.22736127035958,
      48.22736127035958,
      48.22736127035958,
      48.22736127035958,
      48.22736127035958,
      48.22736127035958,
      1.6413416181291853,
      71.34158270699638
    ]
  },
  "execution_memory": {
    "total_memory_mb": 18695.125595092773,
    "layer_memory_total_mb": [
      500.06250381469727,
      868.5937995910645,
      868.5937995910645,
      868.5937995910645,
      868.5937995910645,
      868.5937995910645,
      868.5937995910645,
      868.5937995910645,
      868.5937995910645,
      868.5937995910645,
      868.5937995910645,
      868.5937995910645,
      868.5937995910645,
      868.5937995910645,
      868.5937995910645,
      868.5937995910645,
      868.5937995910645,
      64.04687881469727,
      532.0000038146973
    ]
  }
}