{
  "model": {
    "model_name": "llama2_271M",
    "num_layers": 16,
    "parameters": {
      "total_parameters_bytes": 1084362752.0,
      "parameters_per_layer_bytes": [
        131072000,
        51388416.0,
        51388416.0,
        51388416.0,
        51388416.0,
        51388416.0,
        51388416.0,
        51388416.0,
        51388416.0,
        51388416.0,
        51388416.0,
        51388416.0,
        51388416.0,
        51388416.0,
        51388416.0,
        51388416.0,
        51388416.0,
        4096,
        131072000
      ],
      "activation_parameters_bytes": [
        134217728,
        2080374784.0,
        2080374784.0,
        2080374784.0,
        2080374784.0,
        2080374784.0,
        2080374784.0,
        2080374784.0,
        2080374784.0,
        2080374784.0,
        2080374784.0,
        2080374784.0,
        2080374784.0,
        2080374784.0,
        2080374784.0,
        2080374784.0,
        2080374784.0,
        134217728,
        4194304000
      ]
    }
  },
  "execution_time": {
    "total_time_ms": 2358.44882499493,
    "forward_backward_time_ms": 2224.7239862169536,
    "batch_generator_time_ms": 81.45277840750558,
    "layernorm_grads_all_reduce_time_ms": null,
    "embedding_grads_all_reduce_time_ms": null,
    "optimizer_time_ms": 33.50814353741059,
    "layer_compute_total_ms": [
      6.269727434430804,
      125.352714742933,
      125.352714742933,
      125.352714742933,
      125.352714742933,
      125.352714742933,
      125.352714742933,
      125.352714742933,
      125.352714742933,
      125.352714742933,
      125.352714742933,
      125.352714742933,
      125.352714742933,
      125.352714742933,
      125.352714742933,
      125.352714742933,
      125.352714742933,
      3.983020782470703,
      139.97599056788852
    ]
  },
  "execution_memory": {
    "total_memory_mb": 35504.87559509277,
    "layer_memory_total_mb": [
      312.75000381469727,
      1570.9062995910645,
      1570.9062995910645,
      1570.9062995910645,
      1570.9062995910645,
      1570.9062995910645,
      1570.9062995910645,
      1570.9062995910645,
      1570.9062995910645,
      1570.9062995910645,
      1570.9062995910645,
      1570.9062995910645,
      1570.9062995910645,
      1570.9062995910645,
      1570.9062995910645,
      1570.9062995910645,
      1570.9062995910645,
      128.07812881469727,
      378.00000381469727
    ]
  }
}