{
  "model": {
    "model_name": "llama2_7B",
    "num_layers": 32,
    "parameters": {
      "total_parameters_bytes": 26953662464.0,
      "parameters_per_layer_bytes": [
        524288000,
        809533440.0,
        809533440.0,
        809533440.0,
        809533440.0,
        809533440.0,
        809533440.0,
        809533440.0,
        809533440.0,
        809533440.0,
        809533440.0,
        809533440.0,
        809533440.0,
        809533440.0,
        809533440.0,
        809533440.0,
        809533440.0,
        809533440.0,
        809533440.0,
        809533440.0,
        809533440.0,
        809533440.0,
        809533440.0,
        809533440.0,
        809533440.0,
        809533440.0,
        809533440.0,
        809533440.0,
        809533440.0,
        809533440.0,
        809533440.0,
        809533440.0,
        809533440.0,
        16384,
        524288000
      ],
      "activation_parameters_bytes": [
        268435456,
        4127195136.0,
        4127195136.0,
        4127195136.0,
        4127195136.0,
        4127195136.0,
        4127195136.0,
        4127195136.0,
        4127195136.0,
        4127195136.0,
        4127195136.0,
        4127195136.0,
        4127195136.0,
        4127195136.0,
        4127195136.0,
        4127195136.0,
        4127195136.0,
        4127195136.0,
        4127195136.0,
        4127195136.0,
        4127195136.0,
        4127195136.0,
        4127195136.0,
        4127195136.0,
        4127195136.0,
        4127195136.0,
        4127195136.0,
        4127195136.0,
        4127195136.0,
        4127195136.0,
        4127195136.0,
        4127195136.0,
        4127195136.0,
        268435456,
        2097152000
      ]
    }
  },
  "execution_time": {
    "total_time_ms": 11725.271172179253,
    "forward_backward_time_ms": 11419.675690787179,
    "batch_generator_time_ms": 41.56160354614258,
    "layernorm_grads_all_reduce_time_ms": null,
    "embedding_grads_all_reduce_time_ms": null,
    "optimizer_time_ms": 238.46985441933086,
    "layer_compute_total_ms": [
      13.49776131766183,
      350.0109314918518,
      350.0109314918518,
      350.0109314918518,
      350.0109314918518,
      350.0109314918518,
      350.0109314918518,
      350.0109314918518,
      350.0109314918518,
      350.0109314918518,
      350.0109314918518,
      350.0109314918518,
      350.0109314918518,
      350.0109314918518,
      350.0109314918518,
      350.0109314918518,
      350.0109314918518,
      350.0109314918518,
      350.0109314918518,
      350.0109314918518,
      350.0109314918518,
      350.0109314918518,
      350.0109314918518,
      350.0109314918518,
      350.0109314918518,
      350.0109314918518,
      350.0109314918518,
      350.0109314918518,
      350.0109314918518,
      350.0109314918518,
      350.0109314918518,
      350.0109314918518,
      350.0109314918518,
      3.841536385672433,
      143.97239685058594
    ]
  },
  "execution_memory": {
    "total_memory_mb": 83039.3763885498,
    "layer_memory_total_mb": [
      875.1250038146973,
      2484.9062995910645,
      2484.9062995910645,
      2484.9062995910645,
      2484.9062995910645,
      2484.9062995910645,
      2484.9062995910645,
      2484.9062995910645,
      2484.9062995910645,
      2484.9062995910645,
      2484.9062995910645,
      2484.9062995910645,
      2484.9062995910645,
      2484.9062995910645,
      2484.9062995910645,
      2484.9062995910645,
      2484.9062995910645,
      2484.9062995910645,
      2484.9062995910645,
      2484.9062995910645,
      2484.9062995910645,
      2484.9062995910645,
      2484.9062995910645,
      2484.9062995910645,
      2484.9062995910645,
      2484.9062995910645,
      2484.9062995910645,
      2484.9062995910645,
      2484.9062995910645,
      2484.9062995910645,
      2484.9062995910645,
      2484.9062995910645,
      2484.9062995910645,
      128.07812881469727,
      756.0000038146973
    ]
  }
}