{
  "model": {
    "model_name": "llama2_271M",
    "num_layers": 16,
    "parameters": {
      "total_parameters_bytes": 1084362752.0,
      "parameters_per_layer_bytes": [
        131072000,
        51388416.0,
        51388416.0,
        51388416.0,
        51388416.0,
        51388416.0,
        51388416.0,
        51388416.0,
        51388416.0,
        51388416.0,
        51388416.0,
        51388416.0,
        51388416.0,
        51388416.0,
        51388416.0,
        51388416.0,
        51388416.0,
        4096,
        131072000
      ],
      "activation_parameters_bytes": [
        8388608,
        130023424.0,
        130023424.0,
        130023424.0,
        130023424.0,
        130023424.0,
        130023424.0,
        130023424.0,
        130023424.0,
        130023424.0,
        130023424.0,
        130023424.0,
        130023424.0,
        130023424.0,
        130023424.0,
        130023424.0,
        130023424.0,
        8388608,
        262144000
      ]
    }
  },
  "execution_time": {
    "total_time_ms": 411.6073049250772,
    "forward_backward_time_ms": 354.1195733206613,
    "batch_generator_time_ms": 6.020137241908482,
    "layernorm_grads_all_reduce_time_ms": null,
    "embedding_grads_all_reduce_time_ms": null,
    "optimizer_time_ms": 27.983704918973647,
    "layer_compute_total_ms": [
      6.256784711565291,
      20.28344358716692,
      20.28344358716692,
      20.28344358716692,
      20.28344358716692,
      20.28344358716692,
      20.28344358716692,
      20.28344358716692,
      20.28344358716692,
      20.28344358716692,
      20.28344358716692,
      20.28344358716692,
      20.28344358716692,
      20.28344358716692,
      20.28344358716692,
      20.28344358716692,
      20.28344358716692,
      2.9886109488351007,
      3.475631986345564
    ]
  },
  "execution_memory": {
    "total_memory_mb": 1377.4927825927734,
    "layer_memory_total_mb": [
      171.89062881469727,
      59.79106521606445,
      59.79106521606445,
      59.79106521606445,
      59.79106521606445,
      59.79106521606445,
      59.79106521606445,
      59.79106521606445,
      59.79106521606445,
      59.79106521606445,
      59.79106521606445,
      59.79106521606445,
      59.79106521606445,
      59.79106521606445,
      59.79106521606445,
      59.79106521606445,
      59.79106521606445,
      2.0166053771972656,
      70.50000381469727
    ]
  }
}