{
  "model": {
    "model_name": "llama2_13B",
    "num_layers": 40,
    "parameters": {
      "total_parameters_bytes": 52063457280.0,
      "parameters_per_layer_bytes": [
        655360000,
        1268817920.0,
        1268817920.0,
        1268817920.0,
        1268817920.0,
        1268817920.0,
        1268817920.0,
        1268817920.0,
        1268817920.0,
        1268817920.0,
        1268817920.0,
        1268817920.0,
        1268817920.0,
        1268817920.0,
        1268817920.0,
        1268817920.0,
        1268817920.0,
        1268817920.0,
        1268817920.0,
        1268817920.0,
        1268817920.0,
        1268817920.0,
        1268817920.0,
        1268817920.0,
        1268817920.0,
        1268817920.0,
        1268817920.0,
        1268817920.0,
        1268817920.0,
        1268817920.0,
        1268817920.0,
        1268817920.0,
        1268817920.0,
        1268817920.0,
        1268817920.0,
        1268817920.0,
        1268817920.0,
        1268817920.0,
        1268817920.0,
        1268817920.0,
        1268817920.0,
        20480,
        655360000
      ],
      "activation_parameters_bytes": [
        335544320,
        5167382528.0,
        5167382528.0,
        5167382528.0,
        5167382528.0,
        5167382528.0,
        5167382528.0,
        5167382528.0,
        5167382528.0,
        5167382528.0,
        5167382528.0,
        5167382528.0,
        5167382528.0,
        5167382528.0,
        5167382528.0,
        5167382528.0,
        5167382528.0,
        5167382528.0,
        5167382528.0,
        5167382528.0,
        5167382528.0,
        5167382528.0,
        5167382528.0,
        5167382528.0,
        5167382528.0,
        5167382528.0,
        5167382528.0,
        5167382528.0,
        5167382528.0,
        5167382528.0,
        5167382528.0,
        5167382528.0,
        5167382528.0,
        5167382528.0,
        5167382528.0,
        5167382528.0,
        5167382528.0,
        5167382528.0,
        5167382528.0,
        5167382528.0,
        5167382528.0,
        335544320,
        2097152000
      ]
    }
  },
  "execution_time": {
    "total_time_ms": 15914.041071191312,
    "forward_backward_time_ms": 15606.646163122994,
    "batch_generator_time_ms": 46.899761472429546,
    "layernorm_grads_all_reduce_time_ms": null,
    "embedding_grads_all_reduce_time_ms": null,
    "optimizer_time_ms": 237.83199608101384,
    "layer_compute_total_ms": [
      25.896344866071427,
      385.05556753703524,
      385.05556753703524,
      385.05556753703524,
      385.05556753703524,
      385.05556753703524,
      385.05556753703524,
      385.05556753703524,
      385.05556753703524,
      385.05556753703524,
      385.05556753703524,
      385.05556753703524,
      385.05556753703524,
      385.05556753703524,
      385.05556753703524,
      385.05556753703524,
      385.05556753703524,
      385.05556753703524,
      385.05556753703524,
      385.05556753703524,
      385.05556753703524,
      385.05556753703524,
      385.05556753703524,
      385.05556753703524,
      385.05556753703524,
      385.05556753703524,
      385.05556753703524,
      385.05556753703524,
      385.05556753703524,
      385.05556753703524,
      385.05556753703524,
      385.05556753703524,
      385.05556753703524,
      385.05556753703524,
      385.05556753703524,
      385.05556753703524,
      385.05556753703524,
      385.05556753703524,
      385.05556753703524,
      385.05556753703524,
      385.05556753703524,
      3.4612246922084267,
      87.36906732831682
    ]
  },
  "execution_memory": {
    "total_memory_mb": 82456.43928527832,
    "layer_memory_total_mb": [
      859.5000038146973,
      1997.7344245910645,
      1997.7344245910645,
      1997.7344245910645,
      1997.7344245910645,
      1997.7344245910645,
      1997.7344245910645,
      1997.7344245910645,
      1997.7344245910645,
      1997.7344245910645,
      1997.7344245910645,
      1997.7344245910645,
      1997.7344245910645,
      1997.7344245910645,
      1997.7344245910645,
      1997.7344245910645,
      1997.7344245910645,
      1997.7344245910645,
      1997.7344245910645,
      1997.7344245910645,
      1997.7344245910645,
      1997.7344245910645,
      1997.7344245910645,
      1997.7344245910645,
      1997.7344245910645,
      1997.7344245910645,
      1997.7344245910645,
      1997.7344245910645,
      1997.7344245910645,
      1997.7344245910645,
      1997.7344245910645,
      1997.7344245910645,
      1997.7344245910645,
      1997.7344245910645,
      1997.7344245910645,
      1997.7344245910645,
      1997.7344245910645,
      1997.7344245910645,
      1997.7344245910645,
      1997.7344245910645,
      1997.7344245910645,
      80.08594131469727,
      632.5000038146973
    ]
  }
}