{
  "model": {
    "model_name": "llama2_1B",
    "num_layers": 18,
    "parameters": {
      "total_parameters_bytes": 4223967232.0,
      "parameters_per_layer_bytes": [
        262144000,
        205537280.0,
        205537280.0,
        205537280.0,
        205537280.0,
        205537280.0,
        205537280.0,
        205537280.0,
        205537280.0,
        205537280.0,
        205537280.0,
        205537280.0,
        205537280.0,
        205537280.0,
        205537280.0,
        205537280.0,
        205537280.0,
        205537280.0,
        205537280.0,
        8192,
        262144000
      ],
      "activation_parameters_bytes": [
        134217728,
        2080374784.0,
        2080374784.0,
        2080374784.0,
        2080374784.0,
        2080374784.0,
        2080374784.0,
        2080374784.0,
        2080374784.0,
        2080374784.0,
        2080374784.0,
        2080374784.0,
        2080374784.0,
        2080374784.0,
        2080374784.0,
        2080374784.0,
        2080374784.0,
        2080374784.0,
        2080374784.0,
        134217728,
        2097152000
      ]
    }
  },
  "execution_time": {
    "total_time_ms": 2200.6934855151703,
    "forward_backward_time_ms": 2097.3401921136037,
    "batch_generator_time_ms": 45.23512295314244,
    "layernorm_grads_all_reduce_time_ms": null,
    "embedding_grads_all_reduce_time_ms": null,
    "optimizer_time_ms": 37.731168048434704,
    "layer_compute_total_ms": [
      12.59687968662807,
      110.5261104447501,
      110.5261104447501,
      110.5261104447501,
      110.5261104447501,
      110.5261104447501,
      110.5261104447501,
      110.5261104447501,
      110.5261104447501,
      110.5261104447501,
      110.5261104447501,
      110.5261104447501,
      110.5261104447501,
      110.5261104447501,
      110.5261104447501,
      110.5261104447501,
      110.5261104447501,
      110.5261104447501,
      110.5261104447501,
      3.0019623892647878,
      44.29449353899275
    ]
  },
  "execution_memory": {
    "total_memory_mb": 13490.344444274902,
    "layer_memory_total_mb": [
      343.87500381469727,
      658.4531745910645,
      658.4531745910645,
      658.4531745910645,
      658.4531745910645,
      658.4531745910645,
      658.4531745910645,
      658.4531745910645,
      658.4531745910645,
      658.4531745910645,
      658.4531745910645,
      658.4531745910645,
      658.4531745910645,
      658.4531745910645,
      658.4531745910645,
      658.4531745910645,
      658.4531745910645,
      658.4531745910645,
      658.4531745910645,
      32.039066314697266,
      253.00000381469727
    ]
  }
}