{
  "model": {
    "model_name": "llama2_13B",
    "num_layers": 40,
    "parameters": {
      "total_parameters_bytes": 52063457280.0,
      "parameters_per_layer_bytes": [
        655360000,
        1268817920.0,
        1268817920.0,
        1268817920.0,
        1268817920.0,
        1268817920.0,
        1268817920.0,
        1268817920.0,
        1268817920.0,
        1268817920.0,
        1268817920.0,
        1268817920.0,
        1268817920.0,
        1268817920.0,
        1268817920.0,
        1268817920.0,
        1268817920.0,
        1268817920.0,
        1268817920.0,
        1268817920.0,
        1268817920.0,
        1268817920.0,
        1268817920.0,
        1268817920.0,
        1268817920.0,
        1268817920.0,
        1268817920.0,
        1268817920.0,
        1268817920.0,
        1268817920.0,
        1268817920.0,
        1268817920.0,
        1268817920.0,
        1268817920.0,
        1268817920.0,
        1268817920.0,
        1268817920.0,
        1268817920.0,
        1268817920.0,
        1268817920.0,
        1268817920.0,
        20480,
        655360000
      ],
      "activation_parameters_bytes": [
        167772160,
        2583691264.0,
        2583691264.0,
        2583691264.0,
        2583691264.0,
        2583691264.0,
        2583691264.0,
        2583691264.0,
        2583691264.0,
        2583691264.0,
        2583691264.0,
        2583691264.0,
        2583691264.0,
        2583691264.0,
        2583691264.0,
        2583691264.0,
        2583691264.0,
        2583691264.0,
        2583691264.0,
        2583691264.0,
        2583691264.0,
        2583691264.0,
        2583691264.0,
        2583691264.0,
        2583691264.0,
        2583691264.0,
        2583691264.0,
        2583691264.0,
        2583691264.0,
        2583691264.0,
        2583691264.0,
        2583691264.0,
        2583691264.0,
        2583691264.0,
        2583691264.0,
        2583691264.0,
        2583691264.0,
        2583691264.0,
        2583691264.0,
        2583691264.0,
        2583691264.0,
        167772160,
        1048576000
      ]
    }
  },
  "execution_time": {
    "total_time_ms": 10835.533176320268,
    "forward_backward_time_ms": 10345.075607299805,
    "batch_generator_time_ms": 22.933857781546457,
    "layernorm_grads_all_reduce_time_ms": null,
    "embedding_grads_all_reduce_time_ms": null,
    "optimizer_time_ms": 441.1971911365531,
    "layer_compute_total_ms": [
      9.19273921421596,
      255.01010247639246,
      255.01010247639246,
      255.01010247639246,
      255.01010247639246,
      255.01010247639246,
      255.01010247639246,
      255.01010247639246,
      255.01010247639246,
      255.01010247639246,
      255.01010247639246,
      255.01010247639246,
      255.01010247639246,
      255.01010247639246,
      255.01010247639246,
      255.01010247639246,
      255.01010247639246,
      255.01010247639246,
      255.01010247639246,
      255.01010247639246,
      255.01010247639246,
      255.01010247639246,
      255.01010247639246,
      255.01010247639246,
      255.01010247639246,
      255.01010247639246,
      255.01010247639246,
      255.01010247639246,
      255.01010247639246,
      255.01010247639246,
      255.01010247639246,
      255.01010247639246,
      255.01010247639246,
      255.01010247639246,
      255.01010247639246,
      255.01010247639246,
      255.01010247639246,
      255.01010247639246,
      255.01010247639246,
      255.01010247639246,
      255.01010247639246,
      4.153932843889509,
      89.03602191380092
    ]
  },
  "execution_memory": {
    "total_memory_mb": 93298.43928527832,
    "layer_memory_total_mb": [
      1093.8125038146973,
      2282.7344245910645,
      2282.7344245910645,
      2282.7344245910645,
      2282.7344245910645,
      2282.7344245910645,
      2282.7344245910645,
      2282.7344245910645,
      2282.7344245910645,
      2282.7344245910645,
      2282.7344245910645,
      2282.7344245910645,
      2282.7344245910645,
      2282.7344245910645,
      2282.7344245910645,
      2282.7344245910645,
      2282.7344245910645,
      2282.7344245910645,
      2282.7344245910645,
      2282.7344245910645,
      2282.7344245910645,
      2282.7344245910645,
      2282.7344245910645,
      2282.7344245910645,
      2282.7344245910645,
      2282.7344245910645,
      2282.7344245910645,
      2282.7344245910645,
      2282.7344245910645,
      2282.7344245910645,
      2282.7344245910645,
      2282.7344245910645,
      2282.7344245910645,
      2282.7344245910645,
      2282.7344245910645,
      2282.7344245910645,
      2282.7344245910645,
      2282.7344245910645,
      2282.7344245910645,
      2282.7344245910645,
      2282.7344245910645,
      80.08594131469727,
      785.0000038146973
    ]
  }
}