{
  "model": {
    "model_name": "llama2_271M",
    "num_layers": 16,
    "parameters": {
      "total_parameters_bytes": 1084362752.0,
      "parameters_per_layer_bytes": [
        131072000,
        51388416.0,
        51388416.0,
        51388416.0,
        51388416.0,
        51388416.0,
        51388416.0,
        51388416.0,
        51388416.0,
        51388416.0,
        51388416.0,
        51388416.0,
        51388416.0,
        51388416.0,
        51388416.0,
        51388416.0,
        51388416.0,
        4096,
        131072000
      ],
      "activation_parameters_bytes": [
        536870912,
        8321499136.0,
        8321499136.0,
        8321499136.0,
        8321499136.0,
        8321499136.0,
        8321499136.0,
        8321499136.0,
        8321499136.0,
        8321499136.0,
        8321499136.0,
        8321499136.0,
        8321499136.0,
        8321499136.0,
        8321499136.0,
        8321499136.0,
        8321499136.0,
        536870912,
        16777216000
      ]
    }
  },
  "execution_time": {
    "total_time_ms": 6748.099464383578,
    "forward_backward_time_ms": 6346.42733846392,
    "batch_generator_time_ms": 348.11414991106307,
    "layernorm_grads_all_reduce_time_ms": null,
    "embedding_grads_all_reduce_time_ms": null,
    "optimizer_time_ms": 31.137024710290184,
    "layer_compute_total_ms": [
      28.749057224818635,
      365.3708526066372,
      365.3708526066372,
      365.3708526066372,
      365.3708526066372,
      365.3708526066372,
      365.3708526066372,
      365.3708526066372,
      365.3708526066372,
      365.3708526066372,
      365.3708526066372,
      365.3708526066372,
      365.3708526066372,
      365.3708526066372,
      365.3708526066372,
      365.3708526066372,
      365.3708526066372,
      6.353650774274554,
      290.2500970023019
    ]
  },
  "execution_memory": {
    "total_memory_mb": 77820.37559509277,
    "layer_memory_total_mb": [
      219.75000381469727,
      3506.5312995910645,
      3506.5312995910645,
      3506.5312995910645,
      3506.5312995910645,
      3506.5312995910645,
      3506.5312995910645,
      3506.5312995910645,
      3506.5312995910645,
      3506.5312995910645,
      3506.5312995910645,
      3506.5312995910645,
      3506.5312995910645,
      3506.5312995910645,
      3506.5312995910645,
      3506.5312995910645,
      3506.5312995910645,
      256.14062881469727,
      637.0000038146973
    ]
  }
}