{
  "model": {
    "model_name": "llama2_271M",
    "num_layers": 16,
    "parameters": {
      "total_parameters_bytes": 1084362752.0,
      "parameters_per_layer_bytes": [
        131072000,
        51388416.0,
        51388416.0,
        51388416.0,
        51388416.0,
        51388416.0,
        51388416.0,
        51388416.0,
        51388416.0,
        51388416.0,
        51388416.0,
        51388416.0,
        51388416.0,
        51388416.0,
        51388416.0,
        51388416.0,
        51388416.0,
        4096,
        131072000
      ],
      "activation_parameters_bytes": [
        134217728,
        2080374784.0,
        2080374784.0,
        2080374784.0,
        2080374784.0,
        2080374784.0,
        2080374784.0,
        2080374784.0,
        2080374784.0,
        2080374784.0,
        2080374784.0,
        2080374784.0,
        2080374784.0,
        2080374784.0,
        2080374784.0,
        2080374784.0,
        2080374784.0,
        134217728,
        4194304000
      ]
    }
  },
  "execution_time": {
    "total_time_ms": 1801.3602932901626,
    "forward_backward_time_ms": 1656.4398833683558,
    "batch_generator_time_ms": 88.26449939182827,
    "layernorm_grads_all_reduce_time_ms": null,
    "embedding_grads_all_reduce_time_ms": null,
    "optimizer_time_ms": 33.48595023552763,
    "layer_compute_total_ms": [
      16.24751091003418,
      96.65826388767788,
      96.65826388767788,
      96.65826388767788,
      96.65826388767788,
      96.65826388767788,
      96.65826388767788,
      96.65826388767788,
      96.65826388767788,
      96.65826388767788,
      96.65826388767788,
      96.65826388767788,
      96.65826388767788,
      96.65826388767788,
      96.65826388767788,
      96.65826388767788,
      96.65826388767788,
      3.5545144762311667,
      35.7614244733538
    ]
  },
  "execution_memory": {
    "total_memory_mb": 97914.00476074219,
    "layer_memory_total_mb": [
      1377.0000305175781,
      4679.500396728516,
      4679.500396728516,
      4679.500396728516,
      4679.500396728516,
      4679.500396728516,
      4679.500396728516,
      4679.500396728516,
      4679.500396728516,
      4679.500396728516,
      4679.500396728516,
      4679.500396728516,
      4679.500396728516,
      4679.500396728516,
      4679.500396728516,
      4679.500396728516,
      4679.500396728516,
      256.2500305175781,
      1524.0000305175781
    ]
  }
}