{
  "model": {
    "model_name": "llama2_271M",
    "num_layers": 16,
    "parameters": {
      "total_parameters_bytes": 1084362752.0,
      "parameters_per_layer_bytes": [
        131072000,
        51388416.0,
        51388416.0,
        51388416.0,
        51388416.0,
        51388416.0,
        51388416.0,
        51388416.0,
        51388416.0,
        51388416.0,
        51388416.0,
        51388416.0,
        51388416.0,
        51388416.0,
        51388416.0,
        51388416.0,
        51388416.0,
        4096,
        131072000
      ],
      "activation_parameters_bytes": [
        16777216,
        260046848.0,
        260046848.0,
        260046848.0,
        260046848.0,
        260046848.0,
        260046848.0,
        260046848.0,
        260046848.0,
        260046848.0,
        260046848.0,
        260046848.0,
        260046848.0,
        260046848.0,
        260046848.0,
        260046848.0,
        260046848.0,
        16777216,
        524288000
      ]
    }
  },
  "execution_time": {
    "total_time_ms": 451.33698922902437,
    "forward_backward_time_ms": 378.6500522068569,
    "batch_generator_time_ms": 11.613709586007255,
    "layernorm_grads_all_reduce_time_ms": null,
    "embedding_grads_all_reduce_time_ms": null,
    "optimizer_time_ms": 34.76659825525202,
    "layer_compute_total_ms": [
      5.424635750906808,
      21.507356848035542,
      21.507356848035542,
      21.507356848035542,
      21.507356848035542,
      21.507356848035542,
      21.507356848035542,
      21.507356848035542,
      21.507356848035542,
      21.507356848035542,
      21.507356848035542,
      21.507356848035542,
      21.507356848035542,
      21.507356848035542,
      21.507356848035542,
      21.507356848035542,
      21.507356848035542,
      2.950089318411691,
      9.466920580182757
    ]
  },
  "execution_memory": {
    "total_memory_mb": 13375.377380371094,
    "layer_memory_total_mb": [
      875.1250152587891,
      629.2814483642578,
      629.2814483642578,
      629.2814483642578,
      629.2814483642578,
      629.2814483642578,
      629.2814483642578,
      629.2814483642578,
      629.2814483642578,
      629.2814483642578,
      629.2814483642578,
      629.2814483642578,
      629.2814483642578,
      629.2814483642578,
      629.2814483642578,
      629.2814483642578,
      629.2814483642578,
      32.07814025878906,
      564.0000152587891
    ]
  }
}