{
  "model": {
    "model_name": "llama2_271M",
    "num_layers": 16,
    "parameters": {
      "total_parameters_bytes": 1084362752.0,
      "parameters_per_layer_bytes": [
        131072000,
        51388416.0,
        51388416.0,
        51388416.0,
        51388416.0,
        51388416.0,
        51388416.0,
        51388416.0,
        51388416.0,
        51388416.0,
        51388416.0,
        51388416.0,
        51388416.0,
        51388416.0,
        51388416.0,
        51388416.0,
        51388416.0,
        4096,
        131072000
      ],
      "activation_parameters_bytes": [
        33554432,
        520093696.0,
        520093696.0,
        520093696.0,
        520093696.0,
        520093696.0,
        520093696.0,
        520093696.0,
        520093696.0,
        520093696.0,
        520093696.0,
        520093696.0,
        520093696.0,
        520093696.0,
        520093696.0,
        520093696.0,
        520093696.0,
        33554432,
        1048576000
      ]
    }
  },
  "execution_time": {
    "total_time_ms": 431.88622364424975,
    "forward_backward_time_ms": 399.37873164467334,
    "batch_generator_time_ms": 9.104743926029027,
    "layernorm_grads_all_reduce_time_ms": null,
    "embedding_grads_all_reduce_time_ms": null,
    "optimizer_time_ms": 20.076053418439933,
    "layer_compute_total_ms": [
      0.10523325279740875,
      22.262996336605124,
      22.262996336605124,
      22.262996336605124,
      22.262996336605124,
      22.262996336605124,
      22.262996336605124,
      22.262996336605124,
      22.262996336605124,
      22.262996336605124,
      22.262996336605124,
      22.262996336605124,
      22.262996336605124,
      22.262996336605124,
      22.262996336605124,
      22.262996336605124,
      22.262996336605124,
      0.7576857092943565,
      32.93311830912099
    ]
  },
  "execution_memory": {
    "total_memory_mb": 18695.125595092773,
    "layer_memory_total_mb": [
      500.06250381469727,
      868.5937995910645,
      868.5937995910645,
      868.5937995910645,
      868.5937995910645,
      868.5937995910645,
      868.5937995910645,
      868.5937995910645,
      868.5937995910645,
      868.5937995910645,
      868.5937995910645,
      868.5937995910645,
      868.5937995910645,
      868.5937995910645,
      868.5937995910645,
      868.5937995910645,
      868.5937995910645,
      64.04687881469727,
      532.0000038146973
    ]
  }
}