{
  "model": {
    "model_name": "llama2_271M",
    "num_layers": 16,
    "parameters": {
      "total_parameters_bytes": 1084362752.0,
      "parameters_per_layer_bytes": [
        131072000,
        51388416.0,
        51388416.0,
        51388416.0,
        51388416.0,
        51388416.0,
        51388416.0,
        51388416.0,
        51388416.0,
        51388416.0,
        51388416.0,
        51388416.0,
        51388416.0,
        51388416.0,
        51388416.0,
        51388416.0,
        51388416.0,
        4096,
        131072000
      ],
      "activation_parameters_bytes": [
        134217728,
        2080374784.0,
        2080374784.0,
        2080374784.0,
        2080374784.0,
        2080374784.0,
        2080374784.0,
        2080374784.0,
        2080374784.0,
        2080374784.0,
        2080374784.0,
        2080374784.0,
        2080374784.0,
        2080374784.0,
        2080374784.0,
        2080374784.0,
        2080374784.0,
        134217728,
        4194304000
      ]
    }
  },
  "execution_time": {
    "total_time_ms": 809.4801507957765,
    "forward_backward_time_ms": 748.7844509140774,
    "batch_generator_time_ms": 38.41788865214326,
    "layernorm_grads_all_reduce_time_ms": null,
    "embedding_grads_all_reduce_time_ms": null,
    "optimizer_time_ms": 13.30624011858651,
    "layer_compute_total_ms": [
      3.8262892476126997,
      43.04565183690641,
      43.04565183690641,
      43.04565183690641,
      43.04565183690641,
      43.04565183690641,
      43.04565183690641,
      43.04565183690641,
      43.04565183690641,
      43.04565183690641,
      43.04565183690641,
      43.04565183690641,
      43.04565183690641,
      43.04565183690641,
      43.04565183690641,
      43.04565183690641,
      43.04565183690641,
      1.5589709718543958,
      31.375530950929555
    ]
  },
  "execution_memory": {
    "total_memory_mb": 20039.125595092773,
    "layer_memory_total_mb": [
      219.00000381469727,
      913.5937995910645,
      913.5937995910645,
      913.5937995910645,
      913.5937995910645,
      913.5937995910645,
      913.5937995910645,
      913.5937995910645,
      913.5937995910645,
      913.5937995910645,
      913.5937995910645,
      913.5937995910645,
      913.5937995910645,
      913.5937995910645,
      913.5937995910645,
      913.5937995910645,
      913.5937995910645,
      64.04687881469727,
      253.00000381469727
    ]
  }
}