{
  "model": {
    "model_name": "llama2_271M",
    "num_layers": 16,
    "parameters": {
      "total_parameters_bytes": 1084362752.0,
      "parameters_per_layer_bytes": [
        131072000,
        51388416.0,
        51388416.0,
        51388416.0,
        51388416.0,
        51388416.0,
        51388416.0,
        51388416.0,
        51388416.0,
        51388416.0,
        51388416.0,
        51388416.0,
        51388416.0,
        51388416.0,
        51388416.0,
        51388416.0,
        51388416.0,
        4096,
        131072000
      ],
      "activation_parameters_bytes": [
        8388608,
        130023424.0,
        130023424.0,
        130023424.0,
        130023424.0,
        130023424.0,
        130023424.0,
        130023424.0,
        130023424.0,
        130023424.0,
        130023424.0,
        130023424.0,
        130023424.0,
        130023424.0,
        130023424.0,
        130023424.0,
        130023424.0,
        8388608,
        262144000
      ]
    }
  },
  "execution_time": {
    "total_time_ms": 100.82430638758935,
    "forward_backward_time_ms": 84.14362634622151,
    "batch_generator_time_ms": 1.7572905385319566,
    "layernorm_grads_all_reduce_time_ms": null,
    "embedding_grads_all_reduce_time_ms": null,
    "optimizer_time_ms": 9.23480415375252,
    "layer_compute_total_ms": [
      0.24426695961631845,
      4.8211080812032705,
      4.8211080812032705,
      4.8211080812032705,
      4.8211080812032705,
      4.8211080812032705,
      4.8211080812032705,
      4.8211080812032705,
      4.8211080812032705,
      4.8211080812032705,
      4.8211080812032705,
      4.8211080812032705,
      4.8211080812032705,
      4.8211080812032705,
      4.8211080812032705,
      4.8211080812032705,
      4.8211080812032705,
      0.7823225593087962,
      1.57944412660963
    ]
  },
  "execution_memory": {
    "total_memory_mb": 2197.6099700927734,
    "layer_memory_total_mb": [
      218.76562881469727,
      103.30083084106445,
      103.30083084106445,
      103.30083084106445,
      103.30083084106445,
      103.30083084106445,
      103.30083084106445,
      103.30083084106445,
      103.30083084106445,
      103.30083084106445,
      103.30083084106445,
      103.30083084106445,
      103.30083084106445,
      103.30083084106445,
      103.30083084106445,
      103.30083084106445,
      103.30083084106445,
      4.017581939697266,
      133.00000381469727
    ]
  }
}