{
  "model": {
    "model_name": "llama2_271M",
    "num_layers": 16,
    "parameters": {
      "total_parameters_bytes": 1084362752.0,
      "parameters_per_layer_bytes": [
        131072000,
        51388416.0,
        51388416.0,
        51388416.0,
        51388416.0,
        51388416.0,
        51388416.0,
        51388416.0,
        51388416.0,
        51388416.0,
        51388416.0,
        51388416.0,
        51388416.0,
        51388416.0,
        51388416.0,
        51388416.0,
        51388416.0,
        4096,
        131072000
      ],
      "activation_parameters_bytes": [
        134217728,
        2080374784.0,
        2080374784.0,
        2080374784.0,
        2080374784.0,
        2080374784.0,
        2080374784.0,
        2080374784.0,
        2080374784.0,
        2080374784.0,
        2080374784.0,
        2080374784.0,
        2080374784.0,
        2080374784.0,
        2080374784.0,
        2080374784.0,
        2080374784.0,
        134217728,
        4194304000
      ]
    }
  },
  "execution_time": {
    "total_time_ms": 429.00630741128253,
    "forward_backward_time_ms": 396.83894906853243,
    "batch_generator_time_ms": 20.36061851917097,
    "layernorm_grads_all_reduce_time_ms": null,
    "embedding_grads_all_reduce_time_ms": null,
    "optimizer_time_ms": 7.052008543002374,
    "layer_compute_total_ms": [
      2.027847402548544,
      22.813229115635114,
      22.813229115635114,
      22.813229115635114,
      22.813229115635114,
      22.813229115635114,
      22.813229115635114,
      22.813229115635114,
      22.813229115635114,
      22.813229115635114,
      22.813229115635114,
      22.813229115635114,
      22.813229115635114,
      22.813229115635114,
      22.813229115635114,
      22.813229115635114,
      22.813229115635114,
      0.8262196167986907,
      16.628327035683657
    ]
  },
  "execution_memory": {
    "total_memory_mb": 20039.125595092773,
    "layer_memory_total_mb": [
      219.00000381469727,
      913.5937995910645,
      913.5937995910645,
      913.5937995910645,
      913.5937995910645,
      913.5937995910645,
      913.5937995910645,
      913.5937995910645,
      913.5937995910645,
      913.5937995910645,
      913.5937995910645,
      913.5937995910645,
      913.5937995910645,
      913.5937995910645,
      913.5937995910645,
      913.5937995910645,
      913.5937995910645,
      64.04687881469727,
      253.00000381469727
    ]
  }
}