{
  "model": {
    "model_name": "llama2_271M",
    "num_layers": 16,
    "parameters": {
      "total_parameters_bytes": 1084362752.0,
      "parameters_per_layer_bytes": [
        131072000,
        51388416.0,
        51388416.0,
        51388416.0,
        51388416.0,
        51388416.0,
        51388416.0,
        51388416.0,
        51388416.0,
        51388416.0,
        51388416.0,
        51388416.0,
        51388416.0,
        51388416.0,
        51388416.0,
        51388416.0,
        51388416.0,
        4096,
        131072000
      ],
      "activation_parameters_bytes": [
        67108864,
        1040187392.0,
        1040187392.0,
        1040187392.0,
        1040187392.0,
        1040187392.0,
        1040187392.0,
        1040187392.0,
        1040187392.0,
        1040187392.0,
        1040187392.0,
        1040187392.0,
        1040187392.0,
        1040187392.0,
        1040187392.0,
        1040187392.0,
        1040187392.0,
        67108864,
        2097152000
      ]
    }
  },
  "execution_time": {
    "total_time_ms": 578.0420814191231,
    "forward_backward_time_ms": 535.4143691560142,
    "batch_generator_time_ms": 18.57763914658238,
    "layernorm_grads_all_reduce_time_ms": null,
    "embedding_grads_all_reduce_time_ms": null,
    "optimizer_time_ms": 15.449200407051732,
    "layer_compute_total_ms": [
      1.4874790249741003,
      30.21529621084798,
      30.21529621084798,
      30.21529621084798,
      30.21529621084798,
      30.21529621084798,
      30.21529621084798,
      30.21529621084798,
      30.21529621084798,
      30.21529621084798,
      30.21529621084798,
      30.21529621084798,
      30.21529621084798,
      30.21529621084798,
      30.21529621084798,
      30.21529621084798,
      30.21529621084798,
      1.4561275972020946,
      31.728258097688418
    ]
  },
  "execution_memory": {
    "total_memory_mb": 18467.125595092773,
    "layer_memory_total_mb": [
      312.62500381469727,
      834.5937995910645,
      834.5937995910645,
      834.5937995910645,
      834.5937995910645,
      834.5937995910645,
      834.5937995910645,
      834.5937995910645,
      834.5937995910645,
      834.5937995910645,
      834.5937995910645,
      834.5937995910645,
      834.5937995910645,
      834.5937995910645,
      834.5937995910645,
      834.5937995910645,
      834.5937995910645,
      64.04687881469727,
      314.00000381469727
    ]
  }
}