{
  "model": {
    "model_name": "llama2_271M",
    "num_layers": 16,
    "parameters": {
      "total_parameters_bytes": 1084362752.0,
      "parameters_per_layer_bytes": [
        131072000,
        51388416.0,
        51388416.0,
        51388416.0,
        51388416.0,
        51388416.0,
        51388416.0,
        51388416.0,
        51388416.0,
        51388416.0,
        51388416.0,
        51388416.0,
        51388416.0,
        51388416.0,
        51388416.0,
        51388416.0,
        51388416.0,
        4096,
        131072000
      ],
      "activation_parameters_bytes": [
        268435456,
        4160749568.0,
        4160749568.0,
        4160749568.0,
        4160749568.0,
        4160749568.0,
        4160749568.0,
        4160749568.0,
        4160749568.0,
        4160749568.0,
        4160749568.0,
        4160749568.0,
        4160749568.0,
        4160749568.0,
        4160749568.0,
        4160749568.0,
        4160749568.0,
        268435456,
        8388608000
      ]
    }
  },
  "execution_time": {
    "total_time_ms": 2129.5714155108662,
    "forward_backward_time_ms": 2036.3416000789343,
    "batch_generator_time_ms": 66.95532924557963,
    "layernorm_grads_all_reduce_time_ms": null,
    "embedding_grads_all_reduce_time_ms": null,
    "optimizer_time_ms": 15.717702612580053,
    "layer_compute_total_ms": [
      13.304310127872009,
      114.3015864582106,
      114.3015864582106,
      114.3015864582106,
      114.3015864582106,
      114.3015864582106,
      114.3015864582106,
      114.3015864582106,
      114.3015864582106,
      114.3015864582106,
      114.3015864582106,
      114.3015864582106,
      114.3015864582106,
      114.3015864582106,
      114.3015864582106,
      114.3015864582106,
      114.3015864582106,
      3.0666224551191097,
      131.604064454832
    ]
  },
  "execution_memory": {
    "total_memory_mb": 69580.37559509277,
    "layer_memory_total_mb": [
      313.00000381469727,
      3043.5312995910645,
      3043.5312995910645,
      3043.5312995910645,
      3043.5312995910645,
      3043.5312995910645,
      3043.5312995910645,
      3043.5312995910645,
      3043.5312995910645,
      3043.5312995910645,
      3043.5312995910645,
      3043.5312995910645,
      3043.5312995910645,
      3043.5312995910645,
      3043.5312995910645,
      3043.5312995910645,
      3043.5312995910645,
      256.14062881469727,
      506.00000381469727
    ]
  }
}