{
  "model": {
    "model_name": "llama2_271M",
    "num_layers": 16,
    "parameters": {
      "total_parameters_bytes": 1084362752.0,
      "parameters_per_layer_bytes": [
        131072000,
        51388416.0,
        51388416.0,
        51388416.0,
        51388416.0,
        51388416.0,
        51388416.0,
        51388416.0,
        51388416.0,
        51388416.0,
        51388416.0,
        51388416.0,
        51388416.0,
        51388416.0,
        51388416.0,
        51388416.0,
        51388416.0,
        4096,
        131072000
      ],
      "activation_parameters_bytes": [
        134217728,
        2080374784.0,
        2080374784.0,
        2080374784.0,
        2080374784.0,
        2080374784.0,
        2080374784.0,
        2080374784.0,
        2080374784.0,
        2080374784.0,
        2080374784.0,
        2080374784.0,
        2080374784.0,
        2080374784.0,
        2080374784.0,
        2080374784.0,
        2080374784.0,
        134217728,
        4194304000
      ]
    }
  },
  "execution_time": {
    "total_time_ms": 843.4898621545444,
    "forward_backward_time_ms": 811.5238018894088,
    "batch_generator_time_ms": 19.847419586618273,
    "layernorm_grads_all_reduce_time_ms": null,
    "embedding_grads_all_reduce_time_ms": null,
    "optimizer_time_ms": 10.929962024760457,
    "layer_compute_total_ms": [
      0.10994263031922306,
      45.283195824189164,
      45.283195824189164,
      45.283195824189164,
      45.283195824189164,
      45.283195824189164,
      45.283195824189164,
      45.283195824189164,
      45.283195824189164,
      45.283195824189164,
      45.283195824189164,
      45.283195824189164,
      45.283195824189164,
      45.283195824189164,
      45.283195824189164,
      45.283195824189164,
      45.283195824189164,
      1.4152551325358105,
      71.10725853411869
    ]
  },
  "execution_memory": {
    "total_memory_mb": 62256.37559509277,
    "layer_memory_total_mb": [
      500.25000381469727,
      2885.5312995910645,
      2885.5312995910645,
      2885.5312995910645,
      2885.5312995910645,
      2885.5312995910645,
      2885.5312995910645,
      2885.5312995910645,
      2885.5312995910645,
      2885.5312995910645,
      2885.5312995910645,
      2885.5312995910645,
      2885.5312995910645,
      2885.5312995910645,
      2885.5312995910645,
      2885.5312995910645,
      2885.5312995910645,
      256.14062881469727,
      628.0000038146973
    ]
  }
}