{
  "model": {
    "model_name": "llama2_271M",
    "num_layers": 16,
    "parameters": {
      "total_parameters_bytes": 1084362752.0,
      "parameters_per_layer_bytes": [
        131072000,
        51388416.0,
        51388416.0,
        51388416.0,
        51388416.0,
        51388416.0,
        51388416.0,
        51388416.0,
        51388416.0,
        51388416.0,
        51388416.0,
        51388416.0,
        51388416.0,
        51388416.0,
        51388416.0,
        51388416.0,
        51388416.0,
        4096,
        131072000
      ],
      "activation_parameters_bytes": [
        8388608,
        130023424.0,
        130023424.0,
        130023424.0,
        130023424.0,
        130023424.0,
        130023424.0,
        130023424.0,
        130023424.0,
        130023424.0,
        130023424.0,
        130023424.0,
        130023424.0,
        130023424.0,
        130023424.0,
        130023424.0,
        130023424.0,
        8388608,
        262144000
      ]
    }
  },
  "execution_time": {
    "total_time_ms": 100.70027617270348,
    "forward_backward_time_ms": 86.6358259556193,
    "batch_generator_time_ms": 1.4728346061985231,
    "layernorm_grads_all_reduce_time_ms": null,
    "embedding_grads_all_reduce_time_ms": null,
    "optimizer_time_ms": 6.846250734517522,
    "layer_compute_total_ms": [
      1.5307307253025073,
      4.962371528690326,
      4.962371528690326,
      4.962371528690326,
      4.962371528690326,
      4.962371528690326,
      4.962371528690326,
      4.962371528690326,
      4.962371528690326,
      4.962371528690326,
      4.962371528690326,
      4.962371528690326,
      4.962371528690326,
      4.962371528690326,
      4.962371528690326,
      4.962371528690326,
      4.962371528690326,
      0.7311676549939782,
      0.8503180014343732
    ]
  },
  "execution_memory": {
    "total_memory_mb": 1377.4927825927734,
    "layer_memory_total_mb": [
      171.89062881469727,
      59.79106521606445,
      59.79106521606445,
      59.79106521606445,
      59.79106521606445,
      59.79106521606445,
      59.79106521606445,
      59.79106521606445,
      59.79106521606445,
      59.79106521606445,
      59.79106521606445,
      59.79106521606445,
      59.79106521606445,
      59.79106521606445,
      59.79106521606445,
      59.79106521606445,
      59.79106521606445,
      2.0166053771972656,
      70.50000381469727
    ]
  }
}