{
  "model": {
    "model_name": "llama2_271M",
    "num_layers": 16,
    "parameters": {
      "total_parameters_bytes": 1084362752.0,
      "parameters_per_layer_bytes": [
        131072000,
        51388416.0,
        51388416.0,
        51388416.0,
        51388416.0,
        51388416.0,
        51388416.0,
        51388416.0,
        51388416.0,
        51388416.0,
        51388416.0,
        51388416.0,
        51388416.0,
        51388416.0,
        51388416.0,
        51388416.0,
        51388416.0,
        4096,
        131072000
      ],
      "activation_parameters_bytes": [
        134217728,
        2080374784.0,
        2080374784.0,
        2080374784.0,
        2080374784.0,
        2080374784.0,
        2080374784.0,
        2080374784.0,
        2080374784.0,
        2080374784.0,
        2080374784.0,
        2080374784.0,
        2080374784.0,
        2080374784.0,
        2080374784.0,
        2080374784.0,
        2080374784.0,
        134217728,
        4194304000
      ]
    }
  },
  "execution_time": {
    "total_time_ms": 831.5544652257897,
    "forward_backward_time_ms": 764.65545872403,
    "batch_generator_time_ms": 40.745174001884735,
    "layernorm_grads_all_reduce_time_ms": null,
    "embedding_grads_all_reduce_time_ms": null,
    "optimizer_time_ms": 15.45798003009288,
    "layer_compute_total_ms": [
      7.500270932122382,
      44.61995261923107,
      44.61995261923107,
      44.61995261923107,
      44.61995261923107,
      44.61995261923107,
      44.61995261923107,
      44.61995261923107,
      44.61995261923107,
      44.61995261923107,
      44.61995261923107,
      44.61995261923107,
      44.61995261923107,
      44.61995261923107,
      44.61995261923107,
      44.61995261923107,
      44.61995261923107,
      1.6408557440894034,
      16.508397744982418
    ]
  },
  "execution_memory": {
    "total_memory_mb": 12239.250595092773,
    "layer_memory_total_mb": [
      172.12500381469727,
      584.9375495910645,
      584.9375495910645,
      584.9375495910645,
      584.9375495910645,
      584.9375495910645,
      584.9375495910645,
      584.9375495910645,
      584.9375495910645,
      584.9375495910645,
      584.9375495910645,
      584.9375495910645,
      584.9375495910645,
      584.9375495910645,
      584.9375495910645,
      584.9375495910645,
      584.9375495910645,
      32.031253814697266,
      190.50000381469727
    ]
  }
}