{
  "model": {
    "model_name": "llama2_271M",
    "num_layers": 16,
    "parameters": {
      "total_parameters_bytes": 1084362752.0,
      "parameters_per_layer_bytes": [
        131072000,
        51388416.0,
        51388416.0,
        51388416.0,
        51388416.0,
        51388416.0,
        51388416.0,
        51388416.0,
        51388416.0,
        51388416.0,
        51388416.0,
        51388416.0,
        51388416.0,
        51388416.0,
        51388416.0,
        51388416.0,
        51388416.0,
        4096,
        131072000
      ],
      "activation_parameters_bytes": [
        33554432,
        520093696.0,
        520093696.0,
        520093696.0,
        520093696.0,
        520093696.0,
        520093696.0,
        520093696.0,
        520093696.0,
        520093696.0,
        520093696.0,
        520093696.0,
        520093696.0,
        520093696.0,
        520093696.0,
        520093696.0,
        520093696.0,
        33554432,
        1048576000
      ]
    }
  },
  "execution_time": {
    "total_time_ms": 320.2736626742623,
    "forward_backward_time_ms": 285.12098451368706,
    "batch_generator_time_ms": 9.802965693581294,
    "layernorm_grads_all_reduce_time_ms": null,
    "embedding_grads_all_reduce_time_ms": null,
    "optimizer_time_ms": 15.584088619429938,
    "layer_compute_total_ms": [
      0.7870246081020608,
      16.0675320494608,
      16.0675320494608,
      16.0675320494608,
      16.0675320494608,
      16.0675320494608,
      16.0675320494608,
      16.0675320494608,
      16.0675320494608,
      16.0675320494608,
      16.0675320494608,
      16.0675320494608,
      16.0675320494608,
      16.0675320494608,
      16.0675320494608,
      16.0675320494608,
      16.0675320494608,
      1.4006887133886086,
      15.244702507109094
    ]
  },
  "execution_memory": {
    "total_memory_mb": 10449.250595092773,
    "layer_memory_total_mb": [
      312.56250381469727,
      466.43754959106445,
      466.43754959106445,
      466.43754959106445,
      466.43754959106445,
      466.43754959106445,
      466.43754959106445,
      466.43754959106445,
      466.43754959106445,
      466.43754959106445,
      466.43754959106445,
      466.43754959106445,
      466.43754959106445,
      466.43754959106445,
      466.43754959106445,
      466.43754959106445,
      466.43754959106445,
      32.031253814697266,
      282.00000381469727
    ]
  }
}