{
  "model": {
    "model_name": "llama2_271M",
    "num_layers": 16,
    "parameters": {
      "total_parameters_bytes": 1084362752.0,
      "parameters_per_layer_bytes": [
        131072000,
        51388416.0,
        51388416.0,
        51388416.0,
        51388416.0,
        51388416.0,
        51388416.0,
        51388416.0,
        51388416.0,
        51388416.0,
        51388416.0,
        51388416.0,
        51388416.0,
        51388416.0,
        51388416.0,
        51388416.0,
        51388416.0,
        4096,
        131072000
      ],
      "activation_parameters_bytes": [
        67108864,
        1040187392.0,
        1040187392.0,
        1040187392.0,
        1040187392.0,
        1040187392.0,
        1040187392.0,
        1040187392.0,
        1040187392.0,
        1040187392.0,
        1040187392.0,
        1040187392.0,
        1040187392.0,
        1040187392.0,
        1040187392.0,
        1040187392.0,
        1040187392.0,
        67108864,
        2097152000
      ]
    }
  },
  "execution_time": {
    "total_time_ms": 432.3437298502031,
    "forward_backward_time_ms": 410.21758560432505,
    "batch_generator_time_ms": 10.138162084797353,
    "layernorm_grads_all_reduce_time_ms": null,
    "embedding_grads_all_reduce_time_ms": null,
    "optimizer_time_ms": 10.584359582124248,
    "layer_compute_total_ms": [
      0.07557826716654185,
      22.90011079177756,
      22.90011079177756,
      22.90011079177756,
      22.90011079177756,
      22.90011079177756,
      22.90011079177756,
      22.90011079177756,
      22.90011079177756,
      22.90011079177756,
      22.90011079177756,
      22.90011079177756,
      22.90011079177756,
      22.90011079177756,
      22.90011079177756,
      22.90011079177756,
      22.90011079177756,
      0.7357090172437869,
      35.10504683646287
    ]
  },
  "execution_memory": {
    "total_memory_mb": 32548.875595092773,
    "layer_memory_total_mb": [
      500.12500381469727,
      1540.9062995910645,
      1540.9062995910645,
      1540.9062995910645,
      1540.9062995910645,
      1540.9062995910645,
      1540.9062995910645,
      1540.9062995910645,
      1540.9062995910645,
      1540.9062995910645,
      1540.9062995910645,
      1540.9062995910645,
      1540.9062995910645,
      1540.9062995910645,
      1540.9062995910645,
      1540.9062995910645,
      1540.9062995910645,
      128.07812881469727,
      564.0000038146973
    ]
  }
}