{
  "model": {
    "model_name": "llama2_271M",
    "num_layers": 16,
    "parameters": {
      "total_parameters_bytes": 1084362752.0,
      "parameters_per_layer_bytes": [
        131072000,
        51388416.0,
        51388416.0,
        51388416.0,
        51388416.0,
        51388416.0,
        51388416.0,
        51388416.0,
        51388416.0,
        51388416.0,
        51388416.0,
        51388416.0,
        51388416.0,
        51388416.0,
        51388416.0,
        51388416.0,
        51388416.0,
        4096,
        131072000
      ],
      "activation_parameters_bytes": [
        8388608,
        130023424.0,
        130023424.0,
        130023424.0,
        130023424.0,
        130023424.0,
        130023424.0,
        130023424.0,
        130023424.0,
        130023424.0,
        130023424.0,
        130023424.0,
        130023424.0,
        130023424.0,
        130023424.0,
        130023424.0,
        130023424.0,
        8388608,
        262144000
      ]
    }
  },
  "execution_time": {
    "total_time_ms": 404.89333019503715,
    "forward_backward_time_ms": 337.75874546595986,
    "batch_generator_time_ms": 6.284611565726144,
    "layernorm_grads_all_reduce_time_ms": null,
    "embedding_grads_all_reduce_time_ms": null,
    "optimizer_time_ms": 38.15034460587347,
    "layer_compute_total_ms": [
      1.5820775713239397,
      19.318614687238423,
      19.318614687238423,
      19.318614687238423,
      19.318614687238423,
      19.318614687238423,
      19.318614687238423,
      19.318614687238423,
      19.318614687238423,
      19.318614687238423,
      19.318614687238423,
      19.318614687238423,
      19.318614687238423,
      19.318614687238423,
      19.318614687238423,
      19.318614687238423,
      19.318614687238423,
      3.184454781668527,
      8.67537089756557
    ]
  },
  "execution_memory": {
    "total_memory_mb": 7923.688690185547,
    "layer_memory_total_mb": [
      625.0312576293945,
      380.6407241821289,
      380.6407241821289,
      380.6407241821289,
      380.6407241821289,
      380.6407241821289,
      380.6407241821289,
      380.6407241821289,
      380.6407241821289,
      380.6407241821289,
      380.6407241821289,
      380.6407241821289,
      380.6407241821289,
      380.6407241821289,
      380.6407241821289,
      380.6407241821289,
      380.6407241821289,
      16.03907012939453,
      516.0000076293945
    ]
  }
}