{
  "model": {
    "model_name": "llama2_271M",
    "num_layers": 16,
    "parameters": {
      "total_parameters_bytes": 1084362752.0,
      "parameters_per_layer_bytes": [
        131072000,
        51388416.0,
        51388416.0,
        51388416.0,
        51388416.0,
        51388416.0,
        51388416.0,
        51388416.0,
        51388416.0,
        51388416.0,
        51388416.0,
        51388416.0,
        51388416.0,
        51388416.0,
        51388416.0,
        51388416.0,
        51388416.0,
        4096,
        131072000
      ],
      "activation_parameters_bytes": [
        8388608,
        130023424.0,
        130023424.0,
        130023424.0,
        130023424.0,
        130023424.0,
        130023424.0,
        130023424.0,
        130023424.0,
        130023424.0,
        130023424.0,
        130023424.0,
        130023424.0,
        130023424.0,
        130023424.0,
        130023424.0,
        130023424.0,
        8388608,
        262144000
      ]
    }
  },
  "execution_time": {
    "total_time_ms": 99.0576932995578,
    "forward_backward_time_ms": 82.63312759806126,
    "batch_generator_time_ms": 1.5375386022898352,
    "layernorm_grads_all_reduce_time_ms": null,
    "embedding_grads_all_reduce_time_ms": null,
    "optimizer_time_ms": 9.333532694699288,
    "layer_compute_total_ms": [
      0.38705738808002965,
      4.7263248513849,
      4.7263248513849,
      4.7263248513849,
      4.7263248513849,
      4.7263248513849,
      4.7263248513849,
      4.7263248513849,
      4.7263248513849,
      4.7263248513849,
      4.7263248513849,
      4.7263248513849,
      4.7263248513849,
      4.7263248513849,
      4.7263248513849,
      4.7263248513849,
      4.7263248513849,
      0.779081109923153,
      2.1224410617408904
    ]
  },
  "execution_memory": {
    "total_memory_mb": 3961.8443450927734,
    "layer_memory_total_mb": [
      312.51562881469727,
      190.32036209106445,
      190.32036209106445,
      190.32036209106445,
      190.32036209106445,
      190.32036209106445,
      190.32036209106445,
      190.32036209106445,
      190.32036209106445,
      190.32036209106445,
      190.32036209106445,
      190.32036209106445,
      190.32036209106445,
      190.32036209106445,
      190.32036209106445,
      190.32036209106445,
      190.32036209106445,
      8.019535064697266,
      258.00000381469727
    ]
  }
}