{
  "model": {
    "model_name": "llama2_271M",
    "num_layers": 16,
    "parameters": {
      "total_parameters_bytes": 1084362752.0,
      "parameters_per_layer_bytes": [
        131072000,
        51388416.0,
        51388416.0,
        51388416.0,
        51388416.0,
        51388416.0,
        51388416.0,
        51388416.0,
        51388416.0,
        51388416.0,
        51388416.0,
        51388416.0,
        51388416.0,
        51388416.0,
        51388416.0,
        51388416.0,
        51388416.0,
        4096,
        131072000
      ],
      "activation_parameters_bytes": [
        1073741824,
        16642998272.0,
        16642998272.0,
        16642998272.0,
        16642998272.0,
        16642998272.0,
        16642998272.0,
        16642998272.0,
        16642998272.0,
        16642998272.0,
        16642998272.0,
        16642998272.0,
        16642998272.0,
        16642998272.0,
        16642998272.0,
        16642998272.0,
        16642998272.0,
        1073741824,
        33554432000
      ]
    }
  },
  "execution_time": {
    "total_time_ms": 6268.591075261767,
    "forward_backward_time_ms": 5875.897784527724,
    "batch_generator_time_ms": 368.0708719801685,
    "layernorm_grads_all_reduce_time_ms": null,
    "embedding_grads_all_reduce_time_ms": null,
    "optimizer_time_ms": 14.27684066117636,
    "layer_compute_total_ms": [
      43.74662510890205,
      346.79211629800506,
      346.79211629800506,
      346.79211629800506,
      346.79211629800506,
      346.79211629800506,
      346.79211629800506,
      346.79211629800506,
      346.79211629800506,
      346.79211629800506,
      346.79211629800506,
      346.79211629800506,
      346.79211629800506,
      346.79211629800506,
      346.79211629800506,
      346.79211629800506,
      346.79211629800506,
      2.8688285928463766,
      134.5947296644313
    ]
  },
  "execution_memory": {
    "total_memory_mb": 94858.37559509277,
    "layer_memory_total_mb": [
      173.87500381469727,
      4506.031299591064,
      4506.031299591064,
      4506.031299591064,
      4506.031299591064,
      4506.031299591064,
      4506.031299591064,
      4506.031299591064,
      4506.031299591064,
      4506.031299591064,
      4506.031299591064,
      4506.031299591064,
      4506.031299591064,
      4506.031299591064,
      4506.031299591064,
      4506.031299591064,
      4506.031299591064,
      256.14062881469727,
      1086.5000038146973
    ]
  }
}