{
  "model": {
    "model_name": "llama2_271M",
    "num_layers": 16,
    "parameters": {
      "total_parameters_bytes": 1084362752.0,
      "parameters_per_layer_bytes": [
        131072000,
        51388416.0,
        51388416.0,
        51388416.0,
        51388416.0,
        51388416.0,
        51388416.0,
        51388416.0,
        51388416.0,
        51388416.0,
        51388416.0,
        51388416.0,
        51388416.0,
        51388416.0,
        51388416.0,
        51388416.0,
        51388416.0,
        4096,
        131072000
      ],
      "activation_parameters_bytes": [
        268435456,
        4160749568.0,
        4160749568.0,
        4160749568.0,
        4160749568.0,
        4160749568.0,
        4160749568.0,
        4160749568.0,
        4160749568.0,
        4160749568.0,
        4160749568.0,
        4160749568.0,
        4160749568.0,
        4160749568.0,
        4160749568.0,
        4160749568.0,
        4160749568.0,
        268435456,
        8388608000
      ]
    }
  },
  "execution_time": {
    "total_time_ms": 1571.8799390150343,
    "forward_backward_time_ms": 1472.6056340609048,
    "batch_generator_time_ms": 76.0699628647223,
    "layernorm_grads_all_reduce_time_ms": null,
    "embedding_grads_all_reduce_time_ms": null,
    "optimizer_time_ms": 13.813378809736633,
    "layer_compute_total_ms": [
      6.485578984933741,
      84.83644076520274,
      84.83644076520274,
      84.83644076520274,
      84.83644076520274,
      84.83644076520274,
      84.83644076520274,
      84.83644076520274,
      84.83644076520274,
      84.83644076520274,
      84.83644076520274,
      84.83644076520274,
      84.83644076520274,
      84.83644076520274,
      84.83644076520274,
      84.83644076520274,
      84.83644076520274,
      1.8765103075030536,
      64.65158105099097
    ]
  },
  "execution_memory": {
    "total_memory_mb": 39298.87559509277,
    "layer_memory_total_mb": [
      219.25000381469727,
      1777.9062995910645,
      1777.9062995910645,
      1777.9062995910645,
      1777.9062995910645,
      1777.9062995910645,
      1777.9062995910645,
      1777.9062995910645,
      1777.9062995910645,
      1777.9062995910645,
      1777.9062995910645,
      1777.9062995910645,
      1777.9062995910645,
      1777.9062995910645,
      1777.9062995910645,
      1777.9062995910645,
      1777.9062995910645,
      128.07812881469727,
      381.00000381469727
    ]
  }
}