{
  "model": {
    "model_name": "llama2_271M",
    "num_layers": 16,
    "parameters": {
      "total_parameters_bytes": 1084362752.0,
      "parameters_per_layer_bytes": [
        131072000,
        51388416.0,
        51388416.0,
        51388416.0,
        51388416.0,
        51388416.0,
        51388416.0,
        51388416.0,
        51388416.0,
        51388416.0,
        51388416.0,
        51388416.0,
        51388416.0,
        51388416.0,
        51388416.0,
        51388416.0,
        51388416.0,
        4096,
        131072000
      ],
      "activation_parameters_bytes": [
        134217728,
        2080374784.0,
        2080374784.0,
        2080374784.0,
        2080374784.0,
        2080374784.0,
        2080374784.0,
        2080374784.0,
        2080374784.0,
        2080374784.0,
        2080374784.0,
        2080374784.0,
        2080374784.0,
        2080374784.0,
        2080374784.0,
        2080374784.0,
        2080374784.0,
        134217728,
        4194304000
      ]
    }
  },
  "execution_time": {
    "total_time_ms": 1088.7209286982684,
    "forward_backward_time_ms": 1026.990087171657,
    "batch_generator_time_ms": 37.60070755534175,
    "layernorm_grads_all_reduce_time_ms": null,
    "embedding_grads_all_reduce_time_ms": null,
    "optimizer_time_ms": 15.468225031799435,
    "layer_compute_total_ms": [
      2.8942682167857474,
      57.86605270524304,
      57.86605270524304,
      57.86605270524304,
      57.86605270524304,
      57.86605270524304,
      57.86605270524304,
      57.86605270524304,
      57.86605270524304,
      57.86605270524304,
      57.86605270524304,
      57.86605270524304,
      57.86605270524304,
      57.86605270524304,
      57.86605270524304,
      57.86605270524304,
      57.86605270524304,
      1.83866532924467,
      64.61653474582356
    ]
  },
  "execution_memory": {
    "total_memory_mb": 35504.87559509277,
    "layer_memory_total_mb": [
      312.75000381469727,
      1570.9062995910645,
      1570.9062995910645,
      1570.9062995910645,
      1570.9062995910645,
      1570.9062995910645,
      1570.9062995910645,
      1570.9062995910645,
      1570.9062995910645,
      1570.9062995910645,
      1570.9062995910645,
      1570.9062995910645,
      1570.9062995910645,
      1570.9062995910645,
      1570.9062995910645,
      1570.9062995910645,
      1570.9062995910645,
      128.07812881469727,
      378.00000381469727
    ]
  }
}