{
  "model": {
    "model_name": "llama2_271M",
    "num_layers": 16,
    "parameters": {
      "total_parameters_bytes": 1084362752.0,
      "parameters_per_layer_bytes": [
        131072000,
        51388416.0,
        51388416.0,
        51388416.0,
        51388416.0,
        51388416.0,
        51388416.0,
        51388416.0,
        51388416.0,
        51388416.0,
        51388416.0,
        51388416.0,
        51388416.0,
        51388416.0,
        51388416.0,
        51388416.0,
        51388416.0,
        4096,
        131072000
      ],
      "activation_parameters_bytes": [
        8388608,
        130023424.0,
        130023424.0,
        130023424.0,
        130023424.0,
        130023424.0,
        130023424.0,
        130023424.0,
        130023424.0,
        130023424.0,
        130023424.0,
        130023424.0,
        130023424.0,
        130023424.0,
        130023424.0,
        130023424.0,
        130023424.0,
        8388608,
        262144000
      ]
    }
  },
  "execution_time": {
    "total_time_ms": 138.68874732801552,
    "forward_backward_time_ms": 113.22862157763178,
    "batch_generator_time_ms": 2.689933635379035,
    "layernorm_grads_all_reduce_time_ms": null,
    "embedding_grads_all_reduce_time_ms": null,
    "optimizer_time_ms": 20.64915953833905,
    "layer_compute_total_ms": [
      0.06627194987913909,
      6.341066040846758,
      6.341066040846758,
      6.341066040846758,
      6.341066040846758,
      6.341066040846758,
      6.341066040846758,
      6.341066040846758,
      6.341066040846758,
      6.341066040846758,
      6.341066040846758,
      6.341066040846758,
      6.341066040846758,
      6.341066040846758,
      6.341066040846758,
      6.341066040846758,
      6.341066040846758,
      0.3078854857730253,
      7.400839422979874
    ]
  },
  "execution_memory": {
    "total_memory_mb": 7510.313095092773,
    "layer_memory_total_mb": [
      500.01562881469727,
      364.35942459106445,
      364.35942459106445,
      364.35942459106445,
      364.35942459106445,
      364.35942459106445,
      364.35942459106445,
      364.35942459106445,
      364.35942459106445,
      364.35942459106445,
      364.35942459106445,
      364.35942459106445,
      364.35942459106445,
      364.35942459106445,
      364.35942459106445,
      364.35942459106445,
      364.35942459106445,
      16.023441314697266,
      508.00000381469727
    ]
  }
}