{
  "model": {
    "model_name": "llama2_271M",
    "num_layers": 16,
    "parameters": {
      "total_parameters_bytes": 1084362752.0,
      "parameters_per_layer_bytes": [
        131072000,
        51388416.0,
        51388416.0,
        51388416.0,
        51388416.0,
        51388416.0,
        51388416.0,
        51388416.0,
        51388416.0,
        51388416.0,
        51388416.0,
        51388416.0,
        51388416.0,
        51388416.0,
        51388416.0,
        51388416.0,
        51388416.0,
        4096,
        131072000
      ],
      "activation_parameters_bytes": [
        536870912,
        8321499136.0,
        8321499136.0,
        8321499136.0,
        8321499136.0,
        8321499136.0,
        8321499136.0,
        8321499136.0,
        8321499136.0,
        8321499136.0,
        8321499136.0,
        8321499136.0,
        8321499136.0,
        8321499136.0,
        8321499136.0,
        8321499136.0,
        8321499136.0,
        536870912,
        16777216000
      ]
    }
  },
  "execution_time": {
    "total_time_ms": 3136.458105516304,
    "forward_backward_time_ms": 2965.148087571892,
    "batch_generator_time_ms": 147.36976039757462,
    "layernorm_grads_all_reduce_time_ms": null,
    "embedding_grads_all_reduce_time_ms": null,
    "optimizer_time_ms": 14.351453236245932,
    "layer_compute_total_ms": [
      18.262992821319905,
      175.23116814143427,
      175.23116814143427,
      175.23116814143427,
      175.23116814143427,
      175.23116814143427,
      175.23116814143427,
      175.23116814143427,
      175.23116814143427,
      175.23116814143427,
      175.23116814143427,
      175.23116814143427,
      175.23116814143427,
      175.23116814143427,
      175.23116814143427,
      175.23116814143427,
      175.23116814143427,
      1.8221720254669198,
      65.02984215898442
    ]
  },
  "execution_memory": {
    "total_memory_mb": 47776.87559509277,
    "layer_memory_total_mb": [
      172.87500381469727,
      2265.4062995910645,
      2265.4062995910645,
      2265.4062995910645,
      2265.4062995910645,
      2265.4062995910645,
      2265.4062995910645,
      2265.4062995910645,
      2265.4062995910645,
      2265.4062995910645,
      2265.4062995910645,
      2265.4062995910645,
      2265.4062995910645,
      2265.4062995910645,
      2265.4062995910645,
      2265.4062995910645,
      2265.4062995910645,
      128.07812881469727,
      574.5000038146973
    ]
  }
}