{
  "model": {
    "model_name": "llama2_271M",
    "num_layers": 16,
    "parameters": {
      "total_parameters_bytes": 1084362752.0,
      "parameters_per_layer_bytes": [
        131072000,
        51388416.0,
        51388416.0,
        51388416.0,
        51388416.0,
        51388416.0,
        51388416.0,
        51388416.0,
        51388416.0,
        51388416.0,
        51388416.0,
        51388416.0,
        51388416.0,
        51388416.0,
        51388416.0,
        51388416.0,
        51388416.0,
        4096,
        131072000
      ],
      "activation_parameters_bytes": [
        268435456,
        4160749568.0,
        4160749568.0,
        4160749568.0,
        4160749568.0,
        4160749568.0,
        4160749568.0,
        4160749568.0,
        4160749568.0,
        4160749568.0,
        4160749568.0,
        4160749568.0,
        4160749568.0,
        4160749568.0,
        4160749568.0,
        4160749568.0,
        4160749568.0,
        268435456,
        8388608000
      ]
    }
  },
  "execution_time": {
    "total_time_ms": 858.0978991260555,
    "forward_backward_time_ms": 806.2651377218236,
    "batch_generator_time_ms": 39.314597994918614,
    "layernorm_grads_all_reduce_time_ms": null,
    "embedding_grads_all_reduce_time_ms": null,
    "optimizer_time_ms": 7.221151812235288,
    "layer_compute_total_ms": [
      6.611948454154113,
      47.240522953856726,
      47.240522953856726,
      47.240522953856726,
      47.240522953856726,
      47.240522953856726,
      47.240522953856726,
      47.240522953856726,
      47.240522953856726,
      47.240522953856726,
      47.240522953856726,
      47.240522953856726,
      47.240522953856726,
      47.240522953856726,
      47.240522953856726,
      47.240522953856726,
      47.240522953856726,
      0.8170785628756813,
      17.651550113601576
    ]
  },
  "execution_memory": {
    "total_memory_mb": 24085.125595092773,
    "layer_memory_total_mb": [
      172.37500381469727,
      1145.0937995910645,
      1145.0937995910645,
      1145.0937995910645,
      1145.0937995910645,
      1145.0937995910645,
      1145.0937995910645,
      1145.0937995910645,
      1145.0937995910645,
      1145.0937995910645,
      1145.0937995910645,
      1145.0937995910645,
      1145.0937995910645,
      1145.0937995910645,
      1145.0937995910645,
      1145.0937995910645,
      1145.0937995910645,
      64.04687881469727,
      318.50000381469727
    ]
  }
}