{
  "model": {
    "model_name": "llama2_271M",
    "num_layers": 16,
    "parameters": {
      "total_parameters_bytes": 1084362752.0,
      "parameters_per_layer_bytes": [
        131072000,
        51388416.0,
        51388416.0,
        51388416.0,
        51388416.0,
        51388416.0,
        51388416.0,
        51388416.0,
        51388416.0,
        51388416.0,
        51388416.0,
        51388416.0,
        51388416.0,
        51388416.0,
        51388416.0,
        51388416.0,
        51388416.0,
        4096,
        131072000
      ],
      "activation_parameters_bytes": [
        67108864,
        1040187392.0,
        1040187392.0,
        1040187392.0,
        1040187392.0,
        1040187392.0,
        1040187392.0,
        1040187392.0,
        1040187392.0,
        1040187392.0,
        1040187392.0,
        1040187392.0,
        1040187392.0,
        1040187392.0,
        1040187392.0,
        1040187392.0,
        1040187392.0,
        67108864,
        2097152000
      ]
    }
  },
  "execution_time": {
    "total_time_ms": 235.0017840249475,
    "forward_backward_time_ms": 210.6858522937203,
    "batch_generator_time_ms": 10.109763988380198,
    "layernorm_grads_all_reduce_time_ms": null,
    "embedding_grads_all_reduce_time_ms": null,
    "optimizer_time_ms": 8.131758256349645,
    "layer_compute_total_ms": [
      2.1253658656852625,
      12.21842472384472,
      12.21842472384472,
      12.21842472384472,
      12.21842472384472,
      12.21842472384472,
      12.21842472384472,
      12.21842472384472,
      12.21842472384472,
      12.21842472384472,
      12.21842472384472,
      12.21842472384472,
      12.21842472384472,
      12.21842472384472,
      12.21842472384472,
      12.21842472384472,
      12.21842472384472,
      0.745066723310824,
      4.230133112138366
    ]
  },
  "execution_memory": {
    "total_memory_mb": 6326.313095092773,
    "layer_memory_total_mb": [
      172.00000381469727,
      304.85942459106445,
      304.85942459106445,
      304.85942459106445,
      304.85942459106445,
      304.85942459106445,
      304.85942459106445,
      304.85942459106445,
      304.85942459106445,
      304.85942459106445,
      304.85942459106445,
      304.85942459106445,
      304.85942459106445,
      304.85942459106445,
      304.85942459106445,
      304.85942459106445,
      304.85942459106445,
      16.023441314697266,
      126.50000381469727
    ]
  }
}