{
  "model": {
    "model_name": "llama2_271M",
    "num_layers": 16,
    "parameters": {
      "total_parameters_bytes": 1084362752.0,
      "parameters_per_layer_bytes": [
        131072000,
        51388416.0,
        51388416.0,
        51388416.0,
        51388416.0,
        51388416.0,
        51388416.0,
        51388416.0,
        51388416.0,
        51388416.0,
        51388416.0,
        51388416.0,
        51388416.0,
        51388416.0,
        51388416.0,
        51388416.0,
        51388416.0,
        4096,
        131072000
      ],
      "activation_parameters_bytes": [
        536870912,
        8321499136.0,
        8321499136.0,
        8321499136.0,
        8321499136.0,
        8321499136.0,
        8321499136.0,
        8321499136.0,
        8321499136.0,
        8321499136.0,
        8321499136.0,
        8321499136.0,
        8321499136.0,
        8321499136.0,
        8321499136.0,
        8321499136.0,
        8321499136.0,
        536870912,
        16777216000
      ]
    }
  },
  "execution_time": {
    "total_time_ms": 3115.0971087226244,
    "forward_backward_time_ms": 2929.6748746979374,
    "batch_generator_time_ms": 160.6984881620213,
    "layernorm_grads_all_reduce_time_ms": null,
    "embedding_grads_all_reduce_time_ms": null,
    "optimizer_time_ms": 14.373655302680115,
    "layer_compute_total_ms": [
      13.271307797433975,
      168.66462810361438,
      168.66462810361438,
      168.66462810361438,
      168.66462810361438,
      168.66462810361438,
      168.66462810361438,
      168.66462810361438,
      168.66462810361438,
      168.66462810361438,
      168.66462810361438,
      168.66462810361438,
      168.66462810361438,
      168.66462810361438,
      168.66462810361438,
      168.66462810361438,
      168.66462810361438,
      2.9330093993485464,
      133.98694591721232
    ]
  },
  "execution_memory": {
    "total_memory_mb": 77820.37559509277,
    "layer_memory_total_mb": [
      219.75000381469727,
      3506.5312995910645,
      3506.5312995910645,
      3506.5312995910645,
      3506.5312995910645,
      3506.5312995910645,
      3506.5312995910645,
      3506.5312995910645,
      3506.5312995910645,
      3506.5312995910645,
      3506.5312995910645,
      3506.5312995910645,
      3506.5312995910645,
      3506.5312995910645,
      3506.5312995910645,
      3506.5312995910645,
      3506.5312995910645,
      256.14062881469727,
      637.0000038146973
    ]
  }
}