{
  "model": {
    "model_name": "llama2_271M",
    "num_layers": 16,
    "parameters": {
      "total_parameters_bytes": 1084362752.0,
      "parameters_per_layer_bytes": [
        131072000,
        51388416.0,
        51388416.0,
        51388416.0,
        51388416.0,
        51388416.0,
        51388416.0,
        51388416.0,
        51388416.0,
        51388416.0,
        51388416.0,
        51388416.0,
        51388416.0,
        51388416.0,
        51388416.0,
        51388416.0,
        51388416.0,
        4096,
        131072000
      ],
      "activation_parameters_bytes": [
        67108864,
        1040187392.0,
        1040187392.0,
        1040187392.0,
        1040187392.0,
        1040187392.0,
        1040187392.0,
        1040187392.0,
        1040187392.0,
        1040187392.0,
        1040187392.0,
        1040187392.0,
        1040187392.0,
        1040187392.0,
        1040187392.0,
        1040187392.0,
        1040187392.0,
        67108864,
        2097152000
      ]
    }
  },
  "execution_time": {
    "total_time_ms": 815.7774410044648,
    "forward_backward_time_ms": 774.0282306286095,
    "batch_generator_time_ms": 19.129417986216666,
    "layernorm_grads_all_reduce_time_ms": null,
    "embedding_grads_all_reduce_time_ms": null,
    "optimizer_time_ms": 19.971335718383266,
    "layer_compute_total_ms": [
      0.14260654457978447,
      43.209586471643036,
      43.209586471643036,
      43.209586471643036,
      43.209586471643036,
      43.209586471643036,
      43.209586471643036,
      43.209586471643036,
      43.209586471643036,
      43.209586471643036,
      43.209586471643036,
      43.209586471643036,
      43.209586471643036,
      43.209586471643036,
      43.209586471643036,
      43.209586471643036,
      43.209586471643036,
      1.3881890217743937,
      66.23874315122812
    ]
  },
  "execution_memory": {
    "total_memory_mb": 32548.875595092773,
    "layer_memory_total_mb": [
      500.12500381469727,
      1540.9062995910645,
      1540.9062995910645,
      1540.9062995910645,
      1540.9062995910645,
      1540.9062995910645,
      1540.9062995910645,
      1540.9062995910645,
      1540.9062995910645,
      1540.9062995910645,
      1540.9062995910645,
      1540.9062995910645,
      1540.9062995910645,
      1540.9062995910645,
      1540.9062995910645,
      1540.9062995910645,
      1540.9062995910645,
      128.07812881469727,
      564.0000038146973
    ]
  }
}