{
  "model": {
    "model_name": "llama2_271M",
    "num_layers": 16,
    "parameters": {
      "total_parameters_bytes": 1084362752.0,
      "parameters_per_layer_bytes": [
        131072000,
        51388416.0,
        51388416.0,
        51388416.0,
        51388416.0,
        51388416.0,
        51388416.0,
        51388416.0,
        51388416.0,
        51388416.0,
        51388416.0,
        51388416.0,
        51388416.0,
        51388416.0,
        51388416.0,
        51388416.0,
        51388416.0,
        4096,
        131072000
      ],
      "activation_parameters_bytes": [
        67108864,
        1040187392.0,
        1040187392.0,
        1040187392.0,
        1040187392.0,
        1040187392.0,
        1040187392.0,
        1040187392.0,
        1040187392.0,
        1040187392.0,
        1040187392.0,
        1040187392.0,
        1040187392.0,
        1040187392.0,
        1040187392.0,
        1040187392.0,
        1040187392.0,
        67108864,
        2097152000
      ]
    }
  },
  "execution_time": {
    "total_time_ms": 959.4173430025485,
    "forward_backward_time_ms": 853.3463137490407,
    "batch_generator_time_ms": 47.86757060459682,
    "layernorm_grads_all_reduce_time_ms": null,
    "embedding_grads_all_reduce_time_ms": null,
    "optimizer_time_ms": 33.915144919488355,
    "layer_compute_total_ms": [
      8.331571306501115,
      48.59226090567452,
      48.59226090567452,
      48.59226090567452,
      48.59226090567452,
      48.59226090567452,
      48.59226090567452,
      48.59226090567452,
      48.59226090567452,
      48.59226090567452,
      48.59226090567452,
      48.59226090567452,
      48.59226090567452,
      48.59226090567452,
      48.59226090567452,
      48.59226090567452,
      48.59226090567452,
      3.5626207079206194,
      32.75690759931292
    ]
  },
  "execution_memory": {
    "total_memory_mb": 41637.002380371094,
    "layer_memory_total_mb": [
      875.5000152587891,
      1925.7501983642578,
      1925.7501983642578,
      1925.7501983642578,
      1925.7501983642578,
      1925.7501983642578,
      1925.7501983642578,
      1925.7501983642578,
      1925.7501983642578,
      1925.7501983642578,
      1925.7501983642578,
      1925.7501983642578,
      1925.7501983642578,
      1925.7501983642578,
      1925.7501983642578,
      1925.7501983642578,
      1925.7501983642578,
      128.12501525878906,
      756.0000152587891
    ]
  }
}