{
  "model": {
    "model_name": "llama2_271M",
    "num_layers": 16,
    "parameters": {
      "total_parameters_bytes": 1084362752.0,
      "parameters_per_layer_bytes": [
        131072000,
        51388416.0,
        51388416.0,
        51388416.0,
        51388416.0,
        51388416.0,
        51388416.0,
        51388416.0,
        51388416.0,
        51388416.0,
        51388416.0,
        51388416.0,
        51388416.0,
        51388416.0,
        51388416.0,
        51388416.0,
        51388416.0,
        4096,
        131072000
      ],
      "activation_parameters_bytes": [
        16777216,
        260046848.0,
        260046848.0,
        260046848.0,
        260046848.0,
        260046848.0,
        260046848.0,
        260046848.0,
        260046848.0,
        260046848.0,
        260046848.0,
        260046848.0,
        260046848.0,
        260046848.0,
        260046848.0,
        260046848.0,
        260046848.0,
        16777216,
        524288000
      ]
    }
  },
  "execution_time": {
    "total_time_ms": 103.02579368140883,
    "forward_backward_time_ms": 86.04794036280049,
    "batch_generator_time_ms": 2.6384064755173258,
    "layernorm_grads_all_reduce_time_ms": null,
    "embedding_grads_all_reduce_time_ms": null,
    "optimizer_time_ms": 9.46847335446865,
    "layer_compute_total_ms": [
      0.3267780953917426,
      4.7935515950379175,
      4.7935515950379175,
      4.7935515950379175,
      4.7935515950379175,
      4.7935515950379175,
      4.7935515950379175,
      4.7935515950379175,
      4.7935515950379175,
      4.7935515950379175,
      4.7935515950379175,
      4.7935515950379175,
      4.7935515950379175,
      4.7935515950379175,
      4.7935515950379175,
      4.7935515950379175,
      4.7935515950379175,
      0.7364922980721942,
      4.247956917372019
    ]
  },
  "execution_memory": {
    "total_memory_mb": 6210.313095092773,
    "layer_memory_total_mb": [
      312.53125381469727,
      282.35942459106445,
      282.35942459106445,
      282.35942459106445,
      282.35942459106445,
      282.35942459106445,
      282.35942459106445,
      282.35942459106445,
      282.35942459106445,
      282.35942459106445,
      282.35942459106445,
      282.35942459106445,
      282.35942459106445,
      282.35942459106445,
      282.35942459106445,
      282.35942459106445,
      282.35942459106445,
      16.023441314697266,
      266.00000381469727
    ]
  }
}