{
  "model": {
    "model_name": "llama2_271M",
    "num_layers": 16,
    "parameters": {
      "total_parameters_bytes": 1084362752.0,
      "parameters_per_layer_bytes": [
        131072000,
        51388416.0,
        51388416.0,
        51388416.0,
        51388416.0,
        51388416.0,
        51388416.0,
        51388416.0,
        51388416.0,
        51388416.0,
        51388416.0,
        51388416.0,
        51388416.0,
        51388416.0,
        51388416.0,
        51388416.0,
        51388416.0,
        4096,
        131072000
      ],
      "activation_parameters_bytes": [
        8388608,
        130023424.0,
        130023424.0,
        130023424.0,
        130023424.0,
        130023424.0,
        130023424.0,
        130023424.0,
        130023424.0,
        130023424.0,
        130023424.0,
        130023424.0,
        130023424.0,
        130023424.0,
        130023424.0,
        130023424.0,
        130023424.0,
        8388608,
        262144000
      ]
    }
  },
  "execution_time": {
    "total_time_ms": 190.00856941552877,
    "forward_backward_time_ms": 163.4707468103463,
    "batch_generator_time_ms": 2.7790509335794997,
    "layernorm_grads_all_reduce_time_ms": null,
    "embedding_grads_all_reduce_time_ms": null,
    "optimizer_time_ms": 12.918001393508629,
    "layer_compute_total_ms": [
      2.888293521422978,
      9.363361759383006,
      9.363361759383006,
      9.363361759383006,
      9.363361759383006,
      9.363361759383006,
      9.363361759383006,
      9.363361759383006,
      9.363361759383006,
      9.363361759383006,
      9.363361759383006,
      9.363361759383006,
      9.363361759383006,
      9.363361759383006,
      9.363361759383006,
      9.363361759383006,
      9.363361759383006,
      1.3796200507935799,
      1.6044415481415775
    ]
  },
  "execution_memory": {
    "total_memory_mb": 1377.4927825927734,
    "layer_memory_total_mb": [
      171.89062881469727,
      59.79106521606445,
      59.79106521606445,
      59.79106521606445,
      59.79106521606445,
      59.79106521606445,
      59.79106521606445,
      59.79106521606445,
      59.79106521606445,
      59.79106521606445,
      59.79106521606445,
      59.79106521606445,
      59.79106521606445,
      59.79106521606445,
      59.79106521606445,
      59.79106521606445,
      59.79106521606445,
      2.0166053771972656,
      70.50000381469727
    ]
  }
}