{
  "model": {
    "model_name": "llama2_271M",
    "num_layers": 16,
    "parameters": {
      "total_parameters_bytes": 1084362752.0,
      "parameters_per_layer_bytes": [
        131072000,
        51388416.0,
        51388416.0,
        51388416.0,
        51388416.0,
        51388416.0,
        51388416.0,
        51388416.0,
        51388416.0,
        51388416.0,
        51388416.0,
        51388416.0,
        51388416.0,
        51388416.0,
        51388416.0,
        51388416.0,
        51388416.0,
        4096,
        131072000
      ],
      "activation_parameters_bytes": [
        67108864,
        1040187392.0,
        1040187392.0,
        1040187392.0,
        1040187392.0,
        1040187392.0,
        1040187392.0,
        1040187392.0,
        1040187392.0,
        1040187392.0,
        1040187392.0,
        1040187392.0,
        1040187392.0,
        1040187392.0,
        1040187392.0,
        1040187392.0,
        1040187392.0,
        67108864,
        2097152000
      ]
    }
  },
  "execution_time": {
    "total_time_ms": 234.72273268528144,
    "forward_backward_time_ms": 208.77231389547057,
    "batch_generator_time_ms": 11.710864996617818,
    "layernorm_grads_all_reduce_time_ms": null,
    "embedding_grads_all_reduce_time_ms": null,
    "optimizer_time_ms": 8.297385442300161,
    "layer_compute_total_ms": [
      2.03833003320957,
      11.888161445405302,
      11.888161445405302,
      11.888161445405302,
      11.888161445405302,
      11.888161445405302,
      11.888161445405302,
      11.888161445405302,
      11.888161445405302,
      11.888161445405302,
      11.888161445405302,
      11.888161445405302,
      11.888161445405302,
      11.888161445405302,
      11.888161445405302,
      11.888161445405302,
      11.888161445405302,
      0.8715999081976971,
      8.014021137003322
    ]
  },
  "execution_memory": {
    "total_memory_mb": 10409.250595092773,
    "layer_memory_total_mb": [
      218.87500381469727,
      481.43754959106445,
      481.43754959106445,
      481.43754959106445,
      481.43754959106445,
      481.43754959106445,
      481.43754959106445,
      481.43754959106445,
      481.43754959106445,
      481.43754959106445,
      481.43754959106445,
      481.43754959106445,
      481.43754959106445,
      481.43754959106445,
      481.43754959106445,
      481.43754959106445,
      481.43754959106445,
      32.031253814697266,
      189.00000381469727
    ]
  }
}