{
  "model": {
    "model_name": "llama2_271M",
    "num_layers": 16,
    "parameters": {
      "total_parameters_bytes": 1084362752.0,
      "parameters_per_layer_bytes": [
        131072000,
        51388416.0,
        51388416.0,
        51388416.0,
        51388416.0,
        51388416.0,
        51388416.0,
        51388416.0,
        51388416.0,
        51388416.0,
        51388416.0,
        51388416.0,
        51388416.0,
        51388416.0,
        51388416.0,
        51388416.0,
        51388416.0,
        4096,
        131072000
      ],
      "activation_parameters_bytes": [
        268435456,
        4160749568.0,
        4160749568.0,
        4160749568.0,
        4160749568.0,
        4160749568.0,
        4160749568.0,
        4160749568.0,
        4160749568.0,
        4160749568.0,
        4160749568.0,
        4160749568.0,
        4160749568.0,
        4160749568.0,
        4160749568.0,
        4160749568.0,
        4160749568.0,
        268435456,
        8388608000
      ]
    }
  },
  "execution_time": {
    "total_time_ms": 4613.197992491554,
    "forward_backward_time_ms": 4411.238295691354,
    "batch_generator_time_ms": 145.04241943359375,
    "layernorm_grads_all_reduce_time_ms": null,
    "embedding_grads_all_reduce_time_ms": null,
    "optimizer_time_ms": 34.04857597674849,
    "layer_compute_total_ms": [
      28.82054873875209,
      247.60655845914567,
      247.60655845914567,
      247.60655845914567,
      247.60655845914567,
      247.60655845914567,
      247.60655845914567,
      247.60655845914567,
      247.60655845914567,
      247.60655845914567,
      247.60655845914567,
      247.60655845914567,
      247.60655845914567,
      247.60655845914567,
      247.60655845914567,
      247.60655845914567,
      247.60655845914567,
      6.643090929303851,
      285.088164465768
    ]
  },
  "execution_memory": {
    "total_memory_mb": 139160.75119018555,
    "layer_memory_total_mb": [
      626.0000076293945,
      6087.062599182129,
      6087.062599182129,
      6087.062599182129,
      6087.062599182129,
      6087.062599182129,
      6087.062599182129,
      6087.062599182129,
      6087.062599182129,
      6087.062599182129,
      6087.062599182129,
      6087.062599182129,
      6087.062599182129,
      6087.062599182129,
      6087.062599182129,
      6087.062599182129,
      6087.062599182129,
      512.2812576293945,
      1012.0000076293945
    ]
  }
}