{
  "model": {
    "model_name": "llama2_271M",
    "num_layers": 16,
    "parameters": {
      "total_parameters_bytes": 1084362752.0,
      "parameters_per_layer_bytes": [
        131072000,
        51388416.0,
        51388416.0,
        51388416.0,
        51388416.0,
        51388416.0,
        51388416.0,
        51388416.0,
        51388416.0,
        51388416.0,
        51388416.0,
        51388416.0,
        51388416.0,
        51388416.0,
        51388416.0,
        51388416.0,
        51388416.0,
        4096,
        131072000
      ],
      "activation_parameters_bytes": [
        33554432,
        520093696.0,
        520093696.0,
        520093696.0,
        520093696.0,
        520093696.0,
        520093696.0,
        520093696.0,
        520093696.0,
        520093696.0,
        520093696.0,
        520093696.0,
        520093696.0,
        520093696.0,
        520093696.0,
        520093696.0,
        520093696.0,
        33554432,
        1048576000
      ]
    }
  },
  "execution_time": {
    "total_time_ms": 228.89000285587935,
    "forward_backward_time_ms": 211.66176187649245,
    "batch_generator_time_ms": 4.82530988288119,
    "layernorm_grads_all_reduce_time_ms": null,
    "embedding_grads_all_reduce_time_ms": null,
    "optimizer_time_ms": 10.639857612283171,
    "layer_compute_total_ms": [
      0.05577126153755949,
      11.798888262903787,
      11.798888262903787,
      11.798888262903787,
      11.798888262903787,
      11.798888262903787,
      11.798888262903787,
      11.798888262903787,
      11.798888262903787,
      11.798888262903787,
      11.798888262903787,
      11.798888262903787,
      11.798888262903787,
      11.798888262903787,
      11.798888262903787,
      11.798888262903787,
      11.798888262903787,
      0.4015564161803365,
      17.453813368302562
    ]
  },
  "execution_memory": {
    "total_memory_mb": 18695.125595092773,
    "layer_memory_total_mb": [
      500.06250381469727,
      868.5937995910645,
      868.5937995910645,
      868.5937995910645,
      868.5937995910645,
      868.5937995910645,
      868.5937995910645,
      868.5937995910645,
      868.5937995910645,
      868.5937995910645,
      868.5937995910645,
      868.5937995910645,
      868.5937995910645,
      868.5937995910645,
      868.5937995910645,
      868.5937995910645,
      868.5937995910645,
      64.04687881469727,
      532.0000038146973
    ]
  }
}