{
  "model": {
    "model_name": "llama2_271M",
    "num_layers": 16,
    "parameters": {
      "total_parameters_bytes": 1084362752.0,
      "parameters_per_layer_bytes": [
        131072000,
        51388416.0,
        51388416.0,
        51388416.0,
        51388416.0,
        51388416.0,
        51388416.0,
        51388416.0,
        51388416.0,
        51388416.0,
        51388416.0,
        51388416.0,
        51388416.0,
        51388416.0,
        51388416.0,
        51388416.0,
        51388416.0,
        4096,
        131072000
      ],
      "activation_parameters_bytes": [
        268435456,
        4160749568.0,
        4160749568.0,
        4160749568.0,
        4160749568.0,
        4160749568.0,
        4160749568.0,
        4160749568.0,
        4160749568.0,
        4160749568.0,
        4160749568.0,
        4160749568.0,
        4160749568.0,
        4160749568.0,
        4160749568.0,
        4160749568.0,
        4160749568.0,
        268435456,
        8388608000
      ]
    }
  },
  "execution_time": {
    "total_time_ms": 1619.1212221879575,
    "forward_backward_time_ms": 1521.3194164969402,
    "batch_generator_time_ms": 74.18162894955398,
    "layernorm_grads_all_reduce_time_ms": null,
    "embedding_grads_all_reduce_time_ms": null,
    "optimizer_time_ms": 13.625391880971879,
    "layer_compute_total_ms": [
      12.475902892941505,
      89.13683781273373,
      89.13683781273373,
      89.13683781273373,
      89.13683781273373,
      89.13683781273373,
      89.13683781273373,
      89.13683781273373,
      89.13683781273373,
      89.13683781273373,
      89.13683781273373,
      89.13683781273373,
      89.13683781273373,
      89.13683781273373,
      89.13683781273373,
      89.13683781273373,
      89.13683781273373,
      1.5417229697150328,
      33.30622231164341
    ]
  },
  "execution_memory": {
    "total_memory_mb": 24085.125595092773,
    "layer_memory_total_mb": [
      172.37500381469727,
      1145.0937995910645,
      1145.0937995910645,
      1145.0937995910645,
      1145.0937995910645,
      1145.0937995910645,
      1145.0937995910645,
      1145.0937995910645,
      1145.0937995910645,
      1145.0937995910645,
      1145.0937995910645,
      1145.0937995910645,
      1145.0937995910645,
      1145.0937995910645,
      1145.0937995910645,
      1145.0937995910645,
      1145.0937995910645,
      64.04687881469727,
      318.50000381469727
    ]
  }
}