{
  "model": {
    "model_name": "llama2_271M",
    "num_layers": 16,
    "parameters": {
      "total_parameters_bytes": 1084362752.0,
      "parameters_per_layer_bytes": [
        131072000,
        51388416.0,
        51388416.0,
        51388416.0,
        51388416.0,
        51388416.0,
        51388416.0,
        51388416.0,
        51388416.0,
        51388416.0,
        51388416.0,
        51388416.0,
        51388416.0,
        51388416.0,
        51388416.0,
        51388416.0,
        51388416.0,
        4096,
        131072000
      ],
      "activation_parameters_bytes": [
        8388608,
        130023424.0,
        130023424.0,
        130023424.0,
        130023424.0,
        130023424.0,
        130023424.0,
        130023424.0,
        130023424.0,
        130023424.0,
        130023424.0,
        130023424.0,
        130023424.0,
        130023424.0,
        130023424.0,
        130023424.0,
        130023424.0,
        8388608,
        262144000
      ]
    }
  },
  "execution_time": {
    "total_time_ms": 300.43540502786436,
    "forward_backward_time_ms": 245.2822412763323,
    "batch_generator_time_ms": 5.827086312430246,
    "layernorm_grads_all_reduce_time_ms": null,
    "embedding_grads_all_reduce_time_ms": null,
    "optimizer_time_ms": 44.731376762047574,
    "layer_compute_total_ms": [
      0.14356204441615514,
      13.736375740596227,
      13.736375740596227,
      13.736375740596227,
      13.736375740596227,
      13.736375740596227,
      13.736375740596227,
      13.736375740596227,
      13.736375740596227,
      13.736375740596227,
      13.736375740596227,
      13.736375740596227,
      13.736375740596227,
      13.736375740596227,
      13.736375740596227,
      13.736375740596227,
      13.736375740596227,
      0.6669589451381138,
      16.032116753714426
    ]
  },
  "execution_memory": {
    "total_memory_mb": 7510.313095092773,
    "layer_memory_total_mb": [
      500.01562881469727,
      364.35942459106445,
      364.35942459106445,
      364.35942459106445,
      364.35942459106445,
      364.35942459106445,
      364.35942459106445,
      364.35942459106445,
      364.35942459106445,
      364.35942459106445,
      364.35942459106445,
      364.35942459106445,
      364.35942459106445,
      364.35942459106445,
      364.35942459106445,
      364.35942459106445,
      364.35942459106445,
      16.023441314697266,
      508.00000381469727
    ]
  }
}