{
  "model": {
    "model_name": "llama2_271M",
    "num_layers": 16,
    "parameters": {
      "total_parameters_bytes": 1084362752.0,
      "parameters_per_layer_bytes": [
        131072000,
        51388416.0,
        51388416.0,
        51388416.0,
        51388416.0,
        51388416.0,
        51388416.0,
        51388416.0,
        51388416.0,
        51388416.0,
        51388416.0,
        51388416.0,
        51388416.0,
        51388416.0,
        51388416.0,
        51388416.0,
        51388416.0,
        4096,
        131072000
      ],
      "activation_parameters_bytes": [
        16777216,
        260046848.0,
        260046848.0,
        260046848.0,
        260046848.0,
        260046848.0,
        260046848.0,
        260046848.0,
        260046848.0,
        260046848.0,
        260046848.0,
        260046848.0,
        260046848.0,
        260046848.0,
        260046848.0,
        260046848.0,
        260046848.0,
        16777216,
        524288000
      ]
    }
  },
  "execution_time": {
    "total_time_ms": 91.3306915163826,
    "forward_backward_time_ms": 78.8668883901598,
    "batch_generator_time_ms": 2.4289538488912847,
    "layernorm_grads_all_reduce_time_ms": null,
    "embedding_grads_all_reduce_time_ms": null,
    "optimizer_time_ms": 5.9611140148567605,
    "layer_compute_total_ms": [
      1.7444830637100188,
      4.476935318478545,
      4.476935318478545,
      4.476935318478545,
      4.476935318478545,
      4.476935318478545,
      4.476935318478545,
      4.476935318478545,
      4.476935318478545,
      4.476935318478545,
      4.476935318478545,
      4.476935318478545,
      4.476935318478545,
      4.476935318478545,
      4.476935318478545,
      4.476935318478545,
      4.476935318478545,
      0.6643971307596341,
      1.2307425007972508
    ]
  },
  "execution_memory": {
    "total_memory_mb": 1961.6099700927734,
    "layer_memory_total_mb": [
      171.90625381469727,
      94.80083084106445,
      94.80083084106445,
      94.80083084106445,
      94.80083084106445,
      94.80083084106445,
      94.80083084106445,
      94.80083084106445,
      94.80083084106445,
      94.80083084106445,
      94.80083084106445,
      94.80083084106445,
      94.80083084106445,
      94.80083084106445,
      94.80083084106445,
      94.80083084106445,
      94.80083084106445,
      4.017581939697266,
      78.50000381469727
    ]
  }
}