{
  "model": {
    "model_name": "llama2_271M",
    "num_layers": 16,
    "parameters": {
      "total_parameters_bytes": 1084362752.0,
      "parameters_per_layer_bytes": [
        131072000,
        51388416.0,
        51388416.0,
        51388416.0,
        51388416.0,
        51388416.0,
        51388416.0,
        51388416.0,
        51388416.0,
        51388416.0,
        51388416.0,
        51388416.0,
        51388416.0,
        51388416.0,
        51388416.0,
        51388416.0,
        51388416.0,
        4096,
        131072000
      ],
      "activation_parameters_bytes": [
        268435456,
        4160749568.0,
        4160749568.0,
        4160749568.0,
        4160749568.0,
        4160749568.0,
        4160749568.0,
        4160749568.0,
        4160749568.0,
        4160749568.0,
        4160749568.0,
        4160749568.0,
        4160749568.0,
        4160749568.0,
        4160749568.0,
        4160749568.0,
        4160749568.0,
        268435456,
        8388608000
      ]
    }
  },
  "execution_time": {
    "total_time_ms": 3405.0951878325973,
    "forward_backward_time_ms": 3190.04157611302,
    "batch_generator_time_ms": 164.78705406188965,
    "layernorm_grads_all_reduce_time_ms": null,
    "embedding_grads_all_reduce_time_ms": null,
    "optimizer_time_ms": 29.923322096862197,
    "layer_compute_total_ms": [
      14.04942784990583,
      183.777494089944,
      183.777494089944,
      183.777494089944,
      183.777494089944,
      183.777494089944,
      183.777494089944,
      183.777494089944,
      183.777494089944,
      183.777494089944,
      183.777494089944,
      183.777494089944,
      183.777494089944,
      183.777494089944,
      183.777494089944,
      183.777494089944,
      183.777494089944,
      4.065002713884626,
      140.05190985543388
    ]
  },
  "execution_memory": {
    "total_memory_mb": 157195.5023803711,
    "layer_memory_total_mb": [
      877.0000152587891,
      7111.625198364258,
      7111.625198364258,
      7111.625198364258,
      7111.625198364258,
      7111.625198364258,
      7111.625198364258,
      7111.625198364258,
      7111.625198364258,
      7111.625198364258,
      7111.625198364258,
      7111.625198364258,
      7111.625198364258,
      7111.625198364258,
      7111.625198364258,
      7111.625198364258,
      7111.625198364258,
      512.3125152587891,
      1524.000015258789
    ]
  }
}