{
  "model": {
    "model_name": "llama2_271M",
    "num_layers": 16,
    "parameters": {
      "total_parameters_bytes": 1084362752.0,
      "parameters_per_layer_bytes": [
        131072000,
        51388416.0,
        51388416.0,
        51388416.0,
        51388416.0,
        51388416.0,
        51388416.0,
        51388416.0,
        51388416.0,
        51388416.0,
        51388416.0,
        51388416.0,
        51388416.0,
        51388416.0,
        51388416.0,
        51388416.0,
        51388416.0,
        4096,
        131072000
      ],
      "activation_parameters_bytes": [
        8388608,
        130023424.0,
        130023424.0,
        130023424.0,
        130023424.0,
        130023424.0,
        130023424.0,
        130023424.0,
        130023424.0,
        130023424.0,
        130023424.0,
        130023424.0,
        130023424.0,
        130023424.0,
        130023424.0,
        130023424.0,
        130023424.0,
        8388608,
        262144000
      ]
    }
  },
  "execution_time": {
    "total_time_ms": 412.1142721789792,
    "forward_backward_time_ms": 343.93283299037387,
    "batch_generator_time_ms": 7.182836532592773,
    "layernorm_grads_all_reduce_time_ms": null,
    "embedding_grads_all_reduce_time_ms": null,
    "optimizer_time_ms": 37.746796669335644,
    "layer_compute_total_ms": [
      0.9984288896833148,
      19.706036363329204,
      19.706036363329204,
      19.706036363329204,
      19.706036363329204,
      19.706036363329204,
      19.706036363329204,
      19.706036363329204,
      19.706036363329204,
      19.706036363329204,
      19.706036363329204,
      19.706036363329204,
      19.706036363329204,
      19.706036363329204,
      19.706036363329204,
      19.706036363329204,
      19.706036363329204,
      3.1977040427071706,
      6.455898284912109
    ]
  },
  "execution_memory": {
    "total_memory_mb": 8790.439880371094,
    "layer_memory_total_mb": [
      875.0625152587891,
      413.2033233642578,
      413.2033233642578,
      413.2033233642578,
      413.2033233642578,
      413.2033233642578,
      413.2033233642578,
      413.2033233642578,
      413.2033233642578,
      413.2033233642578,
      413.2033233642578,
      413.2033233642578,
      413.2033233642578,
      413.2033233642578,
      413.2033233642578,
      413.2033233642578,
      413.2033233642578,
      16.070327758789062,
      532.0000152587891
    ]
  }
}