{
  "model": {
    "model_name": "llama2_271M",
    "num_layers": 16,
    "parameters": {
      "total_parameters_bytes": 1084362752.0,
      "parameters_per_layer_bytes": [
        131072000,
        51388416.0,
        51388416.0,
        51388416.0,
        51388416.0,
        51388416.0,
        51388416.0,
        51388416.0,
        51388416.0,
        51388416.0,
        51388416.0,
        51388416.0,
        51388416.0,
        51388416.0,
        51388416.0,
        51388416.0,
        51388416.0,
        4096,
        131072000
      ],
      "activation_parameters_bytes": [
        8388608,
        130023424.0,
        130023424.0,
        130023424.0,
        130023424.0,
        130023424.0,
        130023424.0,
        130023424.0,
        130023424.0,
        130023424.0,
        130023424.0,
        130023424.0,
        130023424.0,
        130023424.0,
        130023424.0,
        130023424.0,
        130023424.0,
        8388608,
        262144000
      ]
    }
  },
  "execution_time": {
    "total_time_ms": 190.24259860184745,
    "forward_backward_time_ms": 158.768284210666,
    "batch_generator_time_ms": 3.3157829746291254,
    "layernorm_grads_all_reduce_time_ms": null,
    "embedding_grads_all_reduce_time_ms": null,
    "optimizer_time_ms": 17.42489686004196,
    "layer_compute_total_ms": [
      0.4609005785900554,
      9.096815662511457,
      9.096815662511457,
      9.096815662511457,
      9.096815662511457,
      9.096815662511457,
      9.096815662511457,
      9.096815662511457,
      9.096815662511457,
      9.096815662511457,
      9.096815662511457,
      9.096815662511457,
      9.096815662511457,
      9.096815662511457,
      9.096815662511457,
      9.096815662511457,
      9.096815662511457,
      1.476142826667372,
      2.9802094927144243
    ]
  },
  "execution_memory": {
    "total_memory_mb": 2197.6099700927734,
    "layer_memory_total_mb": [
      218.76562881469727,
      103.30083084106445,
      103.30083084106445,
      103.30083084106445,
      103.30083084106445,
      103.30083084106445,
      103.30083084106445,
      103.30083084106445,
      103.30083084106445,
      103.30083084106445,
      103.30083084106445,
      103.30083084106445,
      103.30083084106445,
      103.30083084106445,
      103.30083084106445,
      103.30083084106445,
      103.30083084106445,
      4.017581939697266,
      133.00000381469727
    ]
  }
}