{
  "model": {
    "model_name": "llama2_271M",
    "num_layers": 16,
    "parameters": {
      "total_parameters_bytes": 1084362752.0,
      "parameters_per_layer_bytes": [
        131072000,
        51388416.0,
        51388416.0,
        51388416.0,
        51388416.0,
        51388416.0,
        51388416.0,
        51388416.0,
        51388416.0,
        51388416.0,
        51388416.0,
        51388416.0,
        51388416.0,
        51388416.0,
        51388416.0,
        51388416.0,
        51388416.0,
        4096,
        131072000
      ],
      "activation_parameters_bytes": [
        16777216,
        260046848.0,
        260046848.0,
        260046848.0,
        260046848.0,
        260046848.0,
        260046848.0,
        260046848.0,
        260046848.0,
        260046848.0,
        260046848.0,
        260046848.0,
        260046848.0,
        260046848.0,
        260046848.0,
        260046848.0,
        260046848.0,
        16777216,
        524288000
      ]
    }
  },
  "execution_time": {
    "total_time_ms": 238.6398886006705,
    "forward_backward_time_ms": 210.36526595418366,
    "batch_generator_time_ms": 4.754253774745983,
    "layernorm_grads_all_reduce_time_ms": null,
    "embedding_grads_all_reduce_time_ms": null,
    "optimizer_time_ms": 20.539986427318563,
    "layer_compute_total_ms": [
      0.062073940242666936,
      11.737513091236513,
      11.737513091236513,
      11.737513091236513,
      11.737513091236513,
      11.737513091236513,
      11.737513091236513,
      11.737513091236513,
      11.737513091236513,
      11.737513091236513,
      11.737513091236513,
      11.737513091236513,
      11.737513091236513,
      11.737513091236513,
      11.737513091236513,
      11.737513091236513,
      11.737513091236513,
      0.4296749338783186,
      16.276626733554565
    ]
  },
  "execution_memory": {
    "total_memory_mb": 11269.250595092773,
    "layer_memory_total_mb": [
      500.03125381469727,
      532.4375495910645,
      532.4375495910645,
      532.4375495910645,
      532.4375495910645,
      532.4375495910645,
      532.4375495910645,
      532.4375495910645,
      532.4375495910645,
      532.4375495910645,
      532.4375495910645,
      532.4375495910645,
      532.4375495910645,
      532.4375495910645,
      532.4375495910645,
      532.4375495910645,
      532.4375495910645,
      32.031253814697266,
      516.0000038146973
    ]
  }
}