{
  "model": {
    "model_name": "llama2_271M",
    "num_layers": 16,
    "parameters": {
      "total_parameters_bytes": 1084362752.0,
      "parameters_per_layer_bytes": [
        131072000,
        51388416.0,
        51388416.0,
        51388416.0,
        51388416.0,
        51388416.0,
        51388416.0,
        51388416.0,
        51388416.0,
        51388416.0,
        51388416.0,
        51388416.0,
        51388416.0,
        51388416.0,
        51388416.0,
        51388416.0,
        51388416.0,
        4096,
        131072000
      ],
      "activation_parameters_bytes": [
        134217728,
        2080374784.0,
        2080374784.0,
        2080374784.0,
        2080374784.0,
        2080374784.0,
        2080374784.0,
        2080374784.0,
        2080374784.0,
        2080374784.0,
        2080374784.0,
        2080374784.0,
        2080374784.0,
        2080374784.0,
        2080374784.0,
        2080374784.0,
        2080374784.0,
        134217728,
        4194304000
      ]
    }
  },
  "execution_time": {
    "total_time_ms": 576.9976508541503,
    "forward_backward_time_ms": 544.2816906781188,
    "batch_generator_time_ms": 19.927530883259852,
    "layernorm_grads_all_reduce_time_ms": null,
    "embedding_grads_all_reduce_time_ms": null,
    "optimizer_time_ms": 8.197812011295667,
    "layer_compute_total_ms": [
      1.5338971797152179,
      30.667708863692745,
      30.667708863692745,
      30.667708863692745,
      30.667708863692745,
      30.667708863692745,
      30.667708863692745,
      30.667708863692745,
      30.667708863692745,
      30.667708863692745,
      30.667708863692745,
      30.667708863692745,
      30.667708863692745,
      30.667708863692745,
      30.667708863692745,
      30.667708863692745,
      30.667708863692745,
      0.9744513471874022,
      34.245312799538056
    ]
  },
  "execution_memory": {
    "total_memory_mb": 35504.87559509277,
    "layer_memory_total_mb": [
      312.75000381469727,
      1570.9062995910645,
      1570.9062995910645,
      1570.9062995910645,
      1570.9062995910645,
      1570.9062995910645,
      1570.9062995910645,
      1570.9062995910645,
      1570.9062995910645,
      1570.9062995910645,
      1570.9062995910645,
      1570.9062995910645,
      1570.9062995910645,
      1570.9062995910645,
      1570.9062995910645,
      1570.9062995910645,
      1570.9062995910645,
      128.07812881469727,
      378.00000381469727
    ]
  }
}