{
  "model": {
    "model_name": "llama2_271M",
    "num_layers": 16,
    "parameters": {
      "total_parameters_bytes": 1084362752.0,
      "parameters_per_layer_bytes": [
        131072000,
        51388416.0,
        51388416.0,
        51388416.0,
        51388416.0,
        51388416.0,
        51388416.0,
        51388416.0,
        51388416.0,
        51388416.0,
        51388416.0,
        51388416.0,
        51388416.0,
        51388416.0,
        51388416.0,
        51388416.0,
        51388416.0,
        4096,
        131072000
      ],
      "activation_parameters_bytes": [
        33554432,
        520093696.0,
        520093696.0,
        520093696.0,
        520093696.0,
        520093696.0,
        520093696.0,
        520093696.0,
        520093696.0,
        520093696.0,
        520093696.0,
        520093696.0,
        520093696.0,
        520093696.0,
        520093696.0,
        520093696.0,
        520093696.0,
        33554432,
        1048576000
      ]
    }
  },
  "execution_time": {
    "total_time_ms": 239.93273593440077,
    "forward_backward_time_ms": 208.56678831269488,
    "batch_generator_time_ms": 9.546399696397952,
    "layernorm_grads_all_reduce_time_ms": null,
    "embedding_grads_all_reduce_time_ms": null,
    "optimizer_time_ms": 13.105706304829331,
    "layer_compute_total_ms": [
      1.1163561056509215,
      11.882136095501233,
      11.882136095501233,
      11.882136095501233,
      11.882136095501233,
      11.882136095501233,
      11.882136095501233,
      11.882136095501233,
      11.882136095501233,
      11.882136095501233,
      11.882136095501233,
      11.882136095501233,
      11.882136095501233,
      11.882136095501233,
      11.882136095501233,
      11.882136095501233,
      11.882136095501233,
      1.3885663709552,
      7.6785684200534465
    ]
  },
  "execution_memory": {
    "total_memory_mb": 5858.313095092773,
    "layer_memory_total_mb": [
      218.81250381469727,
      265.35942459106445,
      265.35942459106445,
      265.35942459106445,
      265.35942459106445,
      265.35942459106445,
      265.35942459106445,
      265.35942459106445,
      265.35942459106445,
      265.35942459106445,
      265.35942459106445,
      265.35942459106445,
      265.35942459106445,
      265.35942459106445,
      265.35942459106445,
      265.35942459106445,
      265.35942459106445,
      16.023441314697266,
      157.00000381469727
    ]
  }
}