{
  "model": {
    "model_name": "llama2_271M",
    "num_layers": 16,
    "parameters": {
      "total_parameters_bytes": 1084362752.0,
      "parameters_per_layer_bytes": [
        131072000,
        51388416.0,
        51388416.0,
        51388416.0,
        51388416.0,
        51388416.0,
        51388416.0,
        51388416.0,
        51388416.0,
        51388416.0,
        51388416.0,
        51388416.0,
        51388416.0,
        51388416.0,
        51388416.0,
        51388416.0,
        51388416.0,
        4096,
        131072000
      ],
      "activation_parameters_bytes": [
        16777216,
        260046848.0,
        260046848.0,
        260046848.0,
        260046848.0,
        260046848.0,
        260046848.0,
        260046848.0,
        260046848.0,
        260046848.0,
        260046848.0,
        260046848.0,
        260046848.0,
        260046848.0,
        260046848.0,
        260046848.0,
        260046848.0,
        16777216,
        524288000
      ]
    }
  },
  "execution_time": {
    "total_time_ms": 194.3965241637566,
    "forward_backward_time_ms": 162.36148172471803,
    "batch_generator_time_ms": 4.978336296614901,
    "layernorm_grads_all_reduce_time_ms": null,
    "embedding_grads_all_reduce_time_ms": null,
    "optimizer_time_ms": 17.86580082011051,
    "layer_compute_total_ms": [
      0.6165885614377979,
      9.04482008997283,
      9.04482008997283,
      9.04482008997283,
      9.04482008997283,
      9.04482008997283,
      9.04482008997283,
      9.04482008997283,
      9.04482008997283,
      9.04482008997283,
      9.04482008997283,
      9.04482008997283,
      9.04482008997283,
      9.04482008997283,
      9.04482008997283,
      9.04482008997283,
      9.04482008997283,
      1.3896669727325524,
      8.015352563923235
    ]
  },
  "execution_memory": {
    "total_memory_mb": 6210.313095092773,
    "layer_memory_total_mb": [
      312.53125381469727,
      282.35942459106445,
      282.35942459106445,
      282.35942459106445,
      282.35942459106445,
      282.35942459106445,
      282.35942459106445,
      282.35942459106445,
      282.35942459106445,
      282.35942459106445,
      282.35942459106445,
      282.35942459106445,
      282.35942459106445,
      282.35942459106445,
      282.35942459106445,
      282.35942459106445,
      282.35942459106445,
      16.023441314697266,
      266.00000381469727
    ]
  }
}