{
  "model": {
    "model_name": "llama2_271M",
    "num_layers": 16,
    "parameters": {
      "total_parameters_bytes": 1084362752.0,
      "parameters_per_layer_bytes": [
        131072000,
        51388416.0,
        51388416.0,
        51388416.0,
        51388416.0,
        51388416.0,
        51388416.0,
        51388416.0,
        51388416.0,
        51388416.0,
        51388416.0,
        51388416.0,
        51388416.0,
        51388416.0,
        51388416.0,
        51388416.0,
        51388416.0,
        4096,
        131072000
      ],
      "activation_parameters_bytes": [
        67108864,
        1040187392.0,
        1040187392.0,
        1040187392.0,
        1040187392.0,
        1040187392.0,
        1040187392.0,
        1040187392.0,
        1040187392.0,
        1040187392.0,
        1040187392.0,
        1040187392.0,
        1040187392.0,
        1040187392.0,
        1040187392.0,
        1040187392.0,
        1040187392.0,
        67108864,
        2097152000
      ]
    }
  },
  "execution_time": {
    "total_time_ms": 443.4183747033369,
    "forward_backward_time_ms": 397.5373148109854,
    "batch_generator_time_ms": 19.075834402542142,
    "layernorm_grads_all_reduce_time_ms": null,
    "embedding_grads_all_reduce_time_ms": null,
    "optimizer_time_ms": 15.343590026228124,
    "layer_compute_total_ms": [
      4.010294141903462,
      23.054608095686365,
      23.054608095686365,
      23.054608095686365,
      23.054608095686365,
      23.054608095686365,
      23.054608095686365,
      23.054608095686365,
      23.054608095686365,
      23.054608095686365,
      23.054608095686365,
      23.054608095686365,
      23.054608095686365,
      23.054608095686365,
      23.054608095686365,
      23.054608095686365,
      23.054608095686365,
      1.4058458188596306,
      7.981721318183857
    ]
  },
  "execution_memory": {
    "total_memory_mb": 6326.313095092773,
    "layer_memory_total_mb": [
      172.00000381469727,
      304.85942459106445,
      304.85942459106445,
      304.85942459106445,
      304.85942459106445,
      304.85942459106445,
      304.85942459106445,
      304.85942459106445,
      304.85942459106445,
      304.85942459106445,
      304.85942459106445,
      304.85942459106445,
      304.85942459106445,
      304.85942459106445,
      304.85942459106445,
      304.85942459106445,
      304.85942459106445,
      16.023441314697266,
      126.50000381469727
    ]
  }
}