{
  "model": {
    "model_name": "llama2_271M",
    "num_layers": 16,
    "parameters": {
      "total_parameters_bytes": 1084362752.0,
      "parameters_per_layer_bytes": [
        131072000,
        51388416.0,
        51388416.0,
        51388416.0,
        51388416.0,
        51388416.0,
        51388416.0,
        51388416.0,
        51388416.0,
        51388416.0,
        51388416.0,
        51388416.0,
        51388416.0,
        51388416.0,
        51388416.0,
        51388416.0,
        51388416.0,
        4096,
        131072000
      ],
      "activation_parameters_bytes": [
        134217728,
        2080374784.0,
        2080374784.0,
        2080374784.0,
        2080374784.0,
        2080374784.0,
        2080374784.0,
        2080374784.0,
        2080374784.0,
        2080374784.0,
        2080374784.0,
        2080374784.0,
        2080374784.0,
        2080374784.0,
        2080374784.0,
        2080374784.0,
        2080374784.0,
        134217728,
        4194304000
      ]
    }
  },
  "execution_time": {
    "total_time_ms": 1591.5577207516192,
    "forward_backward_time_ms": 1531.241844652012,
    "batch_generator_time_ms": 37.44954776266369,
    "layernorm_grads_all_reduce_time_ms": null,
    "embedding_grads_all_reduce_time_ms": null,
    "optimizer_time_ms": 20.623443420642165,
    "layer_compute_total_ms": [
      0.20744771214836563,
      85.44361132000293,
      85.44361132000293,
      85.44361132000293,
      85.44361132000293,
      85.44361132000293,
      85.44361132000293,
      85.44361132000293,
      85.44361132000293,
      85.44361132000293,
      85.44361132000293,
      85.44361132000293,
      85.44361132000293,
      85.44361132000293,
      85.44361132000293,
      85.44361132000293,
      85.44361132000293,
      2.670405815272299,
      134.17032189620173
    ]
  },
  "execution_memory": {
    "total_memory_mb": 62256.37559509277,
    "layer_memory_total_mb": [
      500.25000381469727,
      2885.5312995910645,
      2885.5312995910645,
      2885.5312995910645,
      2885.5312995910645,
      2885.5312995910645,
      2885.5312995910645,
      2885.5312995910645,
      2885.5312995910645,
      2885.5312995910645,
      2885.5312995910645,
      2885.5312995910645,
      2885.5312995910645,
      2885.5312995910645,
      2885.5312995910645,
      2885.5312995910645,
      2885.5312995910645,
      256.14062881469727,
      628.0000038146973
    ]
  }
}