{
  "model": {
    "model_name": "llama2_271M",
    "num_layers": 16,
    "parameters": {
      "total_parameters_bytes": 1084362752.0,
      "parameters_per_layer_bytes": [
        131072000,
        51388416.0,
        51388416.0,
        51388416.0,
        51388416.0,
        51388416.0,
        51388416.0,
        51388416.0,
        51388416.0,
        51388416.0,
        51388416.0,
        51388416.0,
        51388416.0,
        51388416.0,
        51388416.0,
        51388416.0,
        51388416.0,
        4096,
        131072000
      ],
      "activation_parameters_bytes": [
        33554432,
        520093696.0,
        520093696.0,
        520093696.0,
        520093696.0,
        520093696.0,
        520093696.0,
        520093696.0,
        520093696.0,
        520093696.0,
        520093696.0,
        520093696.0,
        520093696.0,
        520093696.0,
        520093696.0,
        520093696.0,
        520093696.0,
        33554432,
        1048576000
      ]
    }
  },
  "execution_time": {
    "total_time_ms": 270.6640068450202,
    "forward_backward_time_ms": 234.48290993012887,
    "batch_generator_time_ms": 8.069879520549772,
    "layernorm_grads_all_reduce_time_ms": null,
    "embedding_grads_all_reduce_time_ms": null,
    "optimizer_time_ms": 15.040926650099703,
    "layer_compute_total_ms": [
      9.629479407705512,
      13.114110417863007,
      13.114110417863007,
      13.114110417863007,
      13.114110417863007,
      13.114110417863007,
      13.114110417863007,
      13.114110417863007,
      13.114110417863007,
      13.114110417863007,
      13.114110417863007,
      13.114110417863007,
      13.114110417863007,
      13.114110417863007,
      13.114110417863007,
      13.114110417863007,
      13.114110417863007,
      1.4749321647122846,
      4.321119806710272
    ]
  },
  "execution_memory": {
    "total_memory_mb": 3369.8443450927734,
    "layer_memory_total_mb": [
      171.93750381469727,
      164.82036209106445,
      164.82036209106445,
      164.82036209106445,
      164.82036209106445,
      164.82036209106445,
      164.82036209106445,
      164.82036209106445,
      164.82036209106445,
      164.82036209106445,
      164.82036209106445,
      164.82036209106445,
      164.82036209106445,
      164.82036209106445,
      164.82036209106445,
      164.82036209106445,
      164.82036209106445,
      8.019535064697266,
      94.50000381469727
    ]
  }
}