{
  "model": {
    "model_name": "llama2_271M",
    "num_layers": 16,
    "parameters": {
      "total_parameters_bytes": 1084362752.0,
      "parameters_per_layer_bytes": [
        131072000,
        51388416.0,
        51388416.0,
        51388416.0,
        51388416.0,
        51388416.0,
        51388416.0,
        51388416.0,
        51388416.0,
        51388416.0,
        51388416.0,
        51388416.0,
        51388416.0,
        51388416.0,
        51388416.0,
        51388416.0,
        51388416.0,
        4096,
        131072000
      ],
      "activation_parameters_bytes": [
        8388608,
        130023424.0,
        130023424.0,
        130023424.0,
        130023424.0,
        130023424.0,
        130023424.0,
        130023424.0,
        130023424.0,
        130023424.0,
        130023424.0,
        130023424.0,
        130023424.0,
        130023424.0,
        130023424.0,
        130023424.0,
        130023424.0,
        8388608,
        262144000
      ]
    }
  },
  "execution_time": {
    "total_time_ms": 73.50192257610914,
    "forward_backward_time_ms": 60.00862749819848,
    "batch_generator_time_ms": 1.4256044388005125,
    "layernorm_grads_all_reduce_time_ms": null,
    "embedding_grads_all_reduce_time_ms": null,
    "optimizer_time_ms": 10.943590989823095,
    "layer_compute_total_ms": [
      0.03512264565677772,
      3.360622647214319,
      3.360622647214319,
      3.360622647214319,
      3.360622647214319,
      3.360622647214319,
      3.360622647214319,
      3.360622647214319,
      3.360622647214319,
      3.360622647214319,
      3.360622647214319,
      3.360622647214319,
      3.360622647214319,
      3.360622647214319,
      3.360622647214319,
      3.360622647214319,
      3.360622647214319,
      0.16317239555184374,
      3.9222787482499544
    ]
  },
  "execution_memory": {
    "total_memory_mb": 7510.313095092773,
    "layer_memory_total_mb": [
      500.01562881469727,
      364.35942459106445,
      364.35942459106445,
      364.35942459106445,
      364.35942459106445,
      364.35942459106445,
      364.35942459106445,
      364.35942459106445,
      364.35942459106445,
      364.35942459106445,
      364.35942459106445,
      364.35942459106445,
      364.35942459106445,
      364.35942459106445,
      364.35942459106445,
      364.35942459106445,
      364.35942459106445,
      16.023441314697266,
      508.00000381469727
    ]
  }
}