{
  "model": {
    "model_name": "moe_1.3B",
    "num_layers": 17,
    "parameters": {
      "total_parameters_bytes": 4835188264,
      "parameters_per_layer_bytes": [
        302198784,
        302198784,
        302198784,
        302198784,
        302198784,
        302198784,
        302198784,
        302198784,
        302198784,
        302198784,
        302198784,
        302198784,
        302198784,
        302198784,
        302198784,
        302198784,
        7720
      ],
      "activation_parameters_bytes": [
        580911116,
        580911116,
        580911116,
        580911116,
        580911116,
        580911116,
        580911116,
        580911116,
        580911116,
        580911116,
        580911116,
        580911116,
        580911116,
        580911116,
        580911116,
        580911116,
        1310720
      ]
    }
  },
  "execution_time": {
    "total_time_ms": 131.4278567869421,
    "forward_backward_time_ms": 93.031043937663,
    "batch_generator_time_ms": 2.5422412550033027,
    "layernorm_grads_all_reduce_time_ms": null,
    "embedding_grads_all_reduce_time_ms": null,
    "optimizer_time_ms": 35.3543734569197,
    "layer_compute_total_ms": [
      2.7430577938574143,
      5.688425359807776,
      5.58897369292435,
      5.574974631310261,
      5.594538319915951,
      5.665280244605816,
      5.58311741881579,
      5.5821958139261945,
      5.592076818248806,
      5.588308737497681,
      5.574881304232833,
      5.623831356343432,
      5.55160786429941,
      5.534773992708468,
      5.530492613031492,
      5.5740180287666306,
      0.1408305598377388
    ]
  },
  "execution_memory": {
    "total_memory_mb": 38856.0,
    "layer_memory_total_mb": [
      1878.192593383789,
      2372.205093383789,
      2372.205093383789,
      2372.205093383789,
      2372.205093383789,
      2372.205093383789,
      2372.205093383789,
      2372.205093383789,
      2372.205093383789,
      2372.205093383789,
      2372.205093383789,
      2372.205093383789,
      2372.205093383789,
      2372.205093383789,
      2372.205093383789,
      2372.205093383789,
      24.029457092285156
    ]
  }
}