{
  "model": {
    "model_name": "moe_1.3B",
    "num_layers": 17,
    "parameters": {
      "total_parameters_bytes": 4835188264,
      "parameters_per_layer_bytes": [
        302198784,
        302198784,
        302198784,
        302198784,
        302198784,
        302198784,
        302198784,
        302198784,
        302198784,
        302198784,
        302198784,
        302198784,
        302198784,
        302198784,
        302198784,
        302198784,
        7720
      ],
      "activation_parameters_bytes": [
        1161822220,
        1161822220,
        1161822220,
        1161822220,
        1161822220,
        1161822220,
        1161822220,
        1161822220,
        1161822220,
        1161822220,
        1161822220,
        1161822220,
        1161822220,
        1161822220,
        1161822220,
        1161822220,
        2621440
      ]
    }
  },
  "execution_time": {
    "total_time_ms": 185.89246591210195,
    "forward_backward_time_ms": 156.16087388190462,
    "batch_generator_time_ms": 5.099998136628888,
    "layernorm_grads_all_reduce_time_ms": null,
    "embedding_grads_all_reduce_time_ms": null,
    "optimizer_time_ms": 24.63159389356844,
    "layer_compute_total_ms": [
      4.851911433057867,
      10.323887968542465,
      10.270481548484716,
      10.254230971127694,
      10.296228155969962,
      10.273724664425313,
      10.272674734804257,
      10.249424626640188,
      10.254522618244653,
      10.175416254240371,
      10.15196782603677,
      8.329406662729122,
      10.13263745512465,
      10.126979501055622,
      10.076256234473906,
      9.98771216976479,
      0.13341105718227142
    ]
  },
  "execution_memory": {
    "total_memory_mb": 58954.0,
    "layer_memory_total_mb": [
      2585.388296508789,
      3591.613296508789,
      3591.613296508789,
      3591.613296508789,
      3591.613296508789,
      3591.613296508789,
      3591.613296508789,
      3591.613296508789,
      3591.613296508789,
      3591.613296508789,
      3591.613296508789,
      3591.613296508789,
      3591.613296508789,
      3591.613296508789,
      3591.613296508789,
      3591.613296508789,
      48.029457092285156
    ]
  }
}