{
  "model": {
    "model_name": "moe_1.3B",
    "num_layers": 17,
    "parameters": {
      "total_parameters_bytes": 4835188264,
      "parameters_per_layer_bytes": [
        302198784,
        302198784,
        302198784,
        302198784,
        302198784,
        302198784,
        302198784,
        302198784,
        302198784,
        302198784,
        302198784,
        302198784,
        302198784,
        302198784,
        302198784,
        302198784,
        7720
      ],
      "activation_parameters_bytes": [
        4647288844,
        4647288844,
        4647288844,
        4647288844,
        4647288844,
        4647288844,
        4647288844,
        4647288844,
        4647288844,
        4647288844,
        4647288844,
        4647288844,
        4647288844,
        4647288844,
        4647288844,
        4647288844,
        10485760
      ]
    }
  },
  "execution_time": {
    "total_time_ms": 642.3040583704116,
    "forward_backward_time_ms": 617.7227444398071,
    "batch_generator_time_ms": 17.11533439057838,
    "layernorm_grads_all_reduce_time_ms": null,
    "embedding_grads_all_reduce_time_ms": null,
    "optimizer_time_ms": 7.465979540026128,
    "layer_compute_total_ms": [
      18.17469004645523,
      40.058594789948934,
      40.065897633757615,
      31.61415083840603,
      40.195598939612154,
      39.96949076277526,
      42.85221252800256,
      39.92217393451963,
      39.79858555223658,
      41.58310426560794,
      40.00747488328815,
      39.64979885904817,
      41.821076647162776,
      40.09779216246838,
      39.62632709907521,
      42.024762993647784,
      0.26101250379469576
    ]
  },
  "execution_memory": {
    "total_memory_mb": 199230.8,
    "layer_memory_total_mb": [
      6846.762515258789,
      10908.062515258789,
      10908.062515258789,
      10908.062515258789,
      10908.062515258789,
      10908.062515258789,
      10908.062515258789,
      10908.062515258789,
      10908.062515258789,
      10908.062515258789,
      10908.062515258789,
      10908.062515258789,
      10908.062515258789,
      10908.062515258789,
      10908.062515258789,
      10908.062515258789,
      192.02945709228516
    ]
  }
}