{
  "model": {
    "model_name": "moe_1.3B",
    "num_layers": 17,
    "parameters": {
      "total_parameters_bytes": 4835188264,
      "parameters_per_layer_bytes": [
        302198784,
        302198784,
        302198784,
        302198784,
        302198784,
        302198784,
        302198784,
        302198784,
        302198784,
        302198784,
        302198784,
        302198784,
        302198784,
        302198784,
        302198784,
        302198784,
        7720
      ],
      "activation_parameters_bytes": [
        72613900,
        72613900,
        72613900,
        72613900,
        72613900,
        72613900,
        72613900,
        72613900,
        72613900,
        72613900,
        72613900,
        72613900,
        72613900,
        72613900,
        72613900,
        72613900,
        163840
      ]
    }
  },
  "execution_time": {
    "total_time_ms": 79.09091837296897,
    "forward_backward_time_ms": 42.62196296210483,
    "batch_generator_time_ms": 0.3551211954954114,
    "layernorm_grads_all_reduce_time_ms": null,
    "embedding_grads_all_reduce_time_ms": null,
    "optimizer_time_ms": 35.331613315912136,
    "layer_compute_total_ms": [
      1.315736803454222,
      2.4166696723249212,
      2.2363267610814153,
      2.23944155229055,
      2.268419609831715,
      2.3455777710947046,
      2.249730862576906,
      2.2549805106821896,
      2.2977243121438753,
      2.2673346825566236,
      2.2957527776332243,
      2.2997308443085616,
      2.2793738755447404,
      2.2789889013503526,
      2.3063220691518618,
      2.828358742625932,
      0.11755711990431525
    ]
  },
  "execution_memory": {
    "total_memory_mb": 25626.0,
    "layer_memory_total_mb": [
      1243.072915649414,
      1305.222915649414,
      1305.222915649414,
      1305.222915649414,
      1305.222915649414,
      1305.222915649414,
      1305.222915649414,
      1305.222915649414,
      1305.222915649414,
      1305.222915649414,
      1305.222915649414,
      1305.222915649414,
      1305.222915649414,
      1305.222915649414,
      1305.222915649414,
      1305.222915649414,
      3.0294570922851562
    ]
  }
}