{
  "model": {
    "model_name": "moe_1.3B",
    "num_layers": 17,
    "parameters": {
      "total_parameters_bytes": 4835188264,
      "parameters_per_layer_bytes": [
        302198784,
        302198784,
        302198784,
        302198784,
        302198784,
        302198784,
        302198784,
        302198784,
        302198784,
        302198784,
        302198784,
        302198784,
        302198784,
        302198784,
        302198784,
        302198784,
        7720
      ],
      "activation_parameters_bytes": [
        580911116,
        580911116,
        580911116,
        580911116,
        580911116,
        580911116,
        580911116,
        580911116,
        580911116,
        580911116,
        580911116,
        580911116,
        580911116,
        580911116,
        580911116,
        580911116,
        1310720
      ]
    }
  },
  "execution_time": {
    "total_time_ms": 247.9875924730091,
    "forward_backward_time_ms": 175.53770696231828,
    "batch_generator_time_ms": 4.796884798447596,
    "layernorm_grads_all_reduce_time_ms": null,
    "embedding_grads_all_reduce_time_ms": null,
    "optimizer_time_ms": 66.70919066409257,
    "layer_compute_total_ms": [
      5.175799978354429,
      10.733332677165713,
      10.545680074127153,
      10.5192656314707,
      10.556179815083095,
      10.689660798640375,
      10.534630032282537,
      10.53289108147432,
      10.551535275582667,
      10.544425388100972,
      10.519089535186323,
      10.611452036341724,
      10.475175524269968,
      10.443412156975583,
      10.435333739929817,
      10.517460644555841,
      0.2657292931239274
    ]
  },
  "execution_memory": {
    "total_memory_mb": 38856.0,
    "layer_memory_total_mb": [
      1878.192593383789,
      2372.205093383789,
      2372.205093383789,
      2372.205093383789,
      2372.205093383789,
      2372.205093383789,
      2372.205093383789,
      2372.205093383789,
      2372.205093383789,
      2372.205093383789,
      2372.205093383789,
      2372.205093383789,
      2372.205093383789,
      2372.205093383789,
      2372.205093383789,
      2372.205093383789,
      24.029457092285156
    ]
  }
}