{
  "model": {
    "model_name": "moe_1.3B",
    "num_layers": 17,
    "parameters": {
      "total_parameters_bytes": 4835188264,
      "parameters_per_layer_bytes": [
        302198784,
        302198784,
        302198784,
        302198784,
        302198784,
        302198784,
        302198784,
        302198784,
        302198784,
        302198784,
        302198784,
        302198784,
        302198784,
        302198784,
        302198784,
        302198784,
        7720
      ],
      "activation_parameters_bytes": [
        4647288844,
        4647288844,
        4647288844,
        4647288844,
        4647288844,
        4647288844,
        4647288844,
        4647288844,
        4647288844,
        4647288844,
        4647288844,
        4647288844,
        4647288844,
        4647288844,
        4647288844,
        4647288844,
        10485760
      ]
    }
  },
  "execution_time": {
    "total_time_ms": 1211.9457850487215,
    "forward_backward_time_ms": 1165.563982815152,
    "batch_generator_time_ms": 32.29445167602951,
    "layernorm_grads_all_reduce_time_ms": null,
    "embedding_grads_all_reduce_time_ms": null,
    "optimizer_time_ms": 14.087350557540056,
    "layer_compute_total_ms": [
      34.29332059998557,
      75.58545595029629,
      75.59923548454874,
      59.65186792328338,
      75.8439652957608,
      75.41732802278797,
      80.85665609071161,
      75.32804720660914,
      75.09485170202376,
      78.46201076761969,
      75.48899921052914,
      74.81411020065674,
      78.91103428074385,
      75.65941638973436,
      74.76982198513609,
      79.29536442139526,
      0.4924972833295851
    ]
  },
  "execution_memory": {
    "total_memory_mb": 199230.8,
    "layer_memory_total_mb": [
      6846.762515258789,
      10908.062515258789,
      10908.062515258789,
      10908.062515258789,
      10908.062515258789,
      10908.062515258789,
      10908.062515258789,
      10908.062515258789,
      10908.062515258789,
      10908.062515258789,
      10908.062515258789,
      10908.062515258789,
      10908.062515258789,
      10908.062515258789,
      10908.062515258789,
      10908.062515258789,
      192.02945709228516
    ]
  }
}