{
  "model": {
    "model_name": "moe_1.3B",
    "num_layers": 17,
    "parameters": {
      "total_parameters_bytes": 4835188264,
      "parameters_per_layer_bytes": [
        302198784,
        302198784,
        302198784,
        302198784,
        302198784,
        302198784,
        302198784,
        302198784,
        302198784,
        302198784,
        302198784,
        302198784,
        302198784,
        302198784,
        302198784,
        302198784,
        7720
      ],
      "activation_parameters_bytes": [
        2323644428,
        2323644428,
        2323644428,
        2323644428,
        2323644428,
        2323644428,
        2323644428,
        2323644428,
        2323644428,
        2323644428,
        2323644428,
        2323644428,
        2323644428,
        2323644428,
        2323644428,
        2323644428,
        5242880
      ]
    }
  },
  "execution_time": {
    "total_time_ms": 331.88667295327497,
    "forward_backward_time_ms": 309.76702401220007,
    "batch_generator_time_ms": 8.108256486880546,
    "layernorm_grads_all_reduce_time_ms": null,
    "embedding_grads_all_reduce_time_ms": null,
    "optimizer_time_ms": 14.01139245419442,
    "layer_compute_total_ms": [
      9.219198684805319,
      20.31983625289021,
      20.232388781340866,
      20.307120438590747,
      20.153329080875295,
      19.955942312116637,
      16.11220829885145,
      20.151859179405818,
      20.105043984191365,
      20.29581619633737,
      20.379227271787986,
      19.860597036640012,
      22.734919364898868,
      19.931047314212915,
      19.979939036900124,
      19.85941878228749,
      0.16913199606755605
    ]
  },
  "execution_memory": {
    "total_memory_mb": 102714.0,
    "layer_memory_total_mb": [
      4007.779702758789,
      6030.429702758789,
      6030.429702758789,
      6030.429702758789,
      6030.429702758789,
      6030.429702758789,
      6030.429702758789,
      6030.429702758789,
      6030.429702758789,
      6030.429702758789,
      6030.429702758789,
      6030.429702758789,
      6030.429702758789,
      6030.429702758789,
      6030.429702758789,
      6030.429702758789,
      96.02945709228516
    ]
  }
}