{
  "model": {
    "model_name": "moe_1.3B",
    "num_layers": 17,
    "parameters": {
      "total_parameters_bytes": 4835188264,
      "parameters_per_layer_bytes": [
        302198784,
        302198784,
        302198784,
        302198784,
        302198784,
        302198784,
        302198784,
        302198784,
        302198784,
        302198784,
        302198784,
        302198784,
        302198784,
        302198784,
        302198784,
        302198784,
        7720
      ],
      "activation_parameters_bytes": [
        1161822220,
        1161822220,
        1161822220,
        1161822220,
        1161822220,
        1161822220,
        1161822220,
        1161822220,
        1161822220,
        1161822220,
        1161822220,
        1161822220,
        1161822220,
        1161822220,
        1161822220,
        1161822220,
        2621440
      ]
    }
  },
  "execution_time": {
    "total_time_ms": 350.75535892778254,
    "forward_backward_time_ms": 294.65563921683247,
    "batch_generator_time_ms": 9.623045604172763,
    "layernorm_grads_all_reduce_time_ms": null,
    "embedding_grads_all_reduce_time_ms": null,
    "optimizer_time_ms": 46.476674106777324,
    "layer_compute_total_ms": [
      9.154937656229302,
      19.47985902585514,
      19.37908792712077,
      19.348425161603735,
      19.427668489573097,
      19.385207273002848,
      19.383226189803615,
      19.339356202958353,
      19.34897546249241,
      19.1997118494479,
      19.15546765799834,
      15.716527344483497,
      19.118993715096888,
      19.10831787785657,
      19.01260954729802,
      18.845538197495948,
      0.25172963851600677
    ]
  },
  "execution_memory": {
    "total_memory_mb": 58954.0,
    "layer_memory_total_mb": [
      2585.388296508789,
      3591.613296508789,
      3591.613296508789,
      3591.613296508789,
      3591.613296508789,
      3591.613296508789,
      3591.613296508789,
      3591.613296508789,
      3591.613296508789,
      3591.613296508789,
      3591.613296508789,
      3591.613296508789,
      3591.613296508789,
      3591.613296508789,
      3591.613296508789,
      3591.613296508789,
      48.029457092285156
    ]
  }
}