{
  "model": {
    "model_name": "moe_1.3B",
    "num_layers": 17,
    "parameters": {
      "total_parameters_bytes": 4835188264,
      "parameters_per_layer_bytes": [
        302198784,
        302198784,
        302198784,
        302198784,
        302198784,
        302198784,
        302198784,
        302198784,
        302198784,
        302198784,
        302198784,
        302198784,
        302198784,
        302198784,
        302198784,
        302198784,
        7720
      ],
      "activation_parameters_bytes": [
        18153484,
        18153484,
        18153484,
        18153484,
        18153484,
        18153484,
        18153484,
        18153484,
        18153484,
        18153484,
        18153484,
        18153484,
        18153484,
        18153484,
        18153484,
        18153484,
        40960
      ]
    }
  },
  "execution_time": {
    "total_time_ms": 135.94346997392887,
    "forward_backward_time_ms": 68.05249714538655,
    "batch_generator_time_ms": 0.23172069820374286,
    "layernorm_grads_all_reduce_time_ms": null,
    "embedding_grads_all_reduce_time_ms": null,
    "optimizer_time_ms": 66.78550639133418,
    "layer_compute_total_ms": [
      2.0625497427936645,
      3.8341664117620353,
      3.6393598971706873,
      3.662296438210708,
      3.6433440756047024,
      3.7886235102151993,
      3.637444850078094,
      3.6641234371611127,
      3.740483188473812,
      4.027344035722902,
      3.6831638479093067,
      3.674028853157283,
      3.6703308311853795,
      3.673588612446342,
      3.682657571091725,
      4.538485513160834,
      0.17759310279355917
    ]
  },
  "execution_memory": {
    "total_memory_mb": 23744.0,
    "layer_memory_total_mb": [
      1175.2053497314453,
      1190.9033966064453,
      1190.9033966064453,
      1190.9033966064453,
      1190.9033966064453,
      1190.9033966064453,
      1190.9033966064453,
      1190.9033966064453,
      1190.9033966064453,
      1190.9033966064453,
      1190.9033966064453,
      1190.9033966064453,
      1190.9033966064453,
      1190.9033966064453,
      1190.9033966064453,
      1190.9033966064453,
      0.7794570922851562
    ]
  }
}