{
  "model": {
    "model_name": "moe_1.3B",
    "num_layers": 17,
    "parameters": {
      "total_parameters_bytes": 4835188264,
      "parameters_per_layer_bytes": [
        302198784,
        302198784,
        302198784,
        302198784,
        302198784,
        302198784,
        302198784,
        302198784,
        302198784,
        302198784,
        302198784,
        302198784,
        302198784,
        302198784,
        302198784,
        302198784,
        7720
      ],
      "activation_parameters_bytes": [
        145227788,
        145227788,
        145227788,
        145227788,
        145227788,
        145227788,
        145227788,
        145227788,
        145227788,
        145227788,
        145227788,
        145227788,
        145227788,
        145227788,
        145227788,
        145227788,
        327680
      ]
    }
  },
  "execution_time": {
    "total_time_ms": 148.96911402092832,
    "forward_backward_time_ms": 79.63787169450728,
    "batch_generator_time_ms": 1.3656927214453136,
    "layernorm_grads_all_reduce_time_ms": null,
    "embedding_grads_all_reduce_time_ms": null,
    "optimizer_time_ms": 66.96706166052621,
    "layer_compute_total_ms": [
      2.5559495195806785,
      4.538661609445211,
      4.360166013194223,
      4.332386824333852,
      4.407381829442635,
      4.569390411068886,
      4.39661794406013,
      4.5072284226840305,
      4.528359976809194,
      4.39080676667571,
      4.396133679278095,
      4.463270387696582,
      4.386866612312788,
      4.391467127742121,
      4.4171991972966165,
      4.88594549427094,
      0.21549782800557069
    ]
  },
  "execution_memory": {
    "total_memory_mb": 28128.0,
    "layer_memory_total_mb": [
      1333.917691040039,
      1457.648941040039,
      1457.648941040039,
      1457.648941040039,
      1457.648941040039,
      1457.648941040039,
      1457.648941040039,
      1457.648941040039,
      1457.648941040039,
      1457.648941040039,
      1457.648941040039,
      1457.648941040039,
      1457.648941040039,
      1457.648941040039,
      1457.648941040039,
      1457.648941040039,
      6.029457092285156
    ]
  }
}