{
  "model": {
    "model_name": "moe_1.3B",
    "num_layers": 17,
    "parameters": {
      "total_parameters_bytes": 4835188264,
      "parameters_per_layer_bytes": [
        302198784,
        302198784,
        302198784,
        302198784,
        302198784,
        302198784,
        302198784,
        302198784,
        302198784,
        302198784,
        302198784,
        302198784,
        302198784,
        302198784,
        302198784,
        302198784,
        7720
      ],
      "activation_parameters_bytes": [
        145227788,
        145227788,
        145227788,
        145227788,
        145227788,
        145227788,
        145227788,
        145227788,
        145227788,
        145227788,
        145227788,
        145227788,
        145227788,
        145227788,
        145227788,
        145227788,
        327680
      ]
    }
  },
  "execution_time": {
    "total_time_ms": 78.95028613317076,
    "forward_backward_time_ms": 42.20628415924381,
    "batch_generator_time_ms": 0.7237864831024541,
    "layernorm_grads_all_reduce_time_ms": null,
    "embedding_grads_all_reduce_time_ms": null,
    "optimizer_time_ms": 35.49103929592725,
    "layer_compute_total_ms": [
      1.3545958653179981,
      2.405388761840901,
      2.310790102983692,
      2.2960677565195415,
      2.335813425618877,
      2.421674336851958,
      2.3301088080111354,
      2.3887298785201345,
      2.3999291278114065,
      2.327029014456036,
      2.329852158548211,
      2.3654331068173544,
      2.324940821098601,
      2.3273789909963885,
      2.3410164101854467,
      2.5894414244121404,
      0.11420901100161221
    ]
  },
  "execution_memory": {
    "total_memory_mb": 28128.0,
    "layer_memory_total_mb": [
      1333.917691040039,
      1457.648941040039,
      1457.648941040039,
      1457.648941040039,
      1457.648941040039,
      1457.648941040039,
      1457.648941040039,
      1457.648941040039,
      1457.648941040039,
      1457.648941040039,
      1457.648941040039,
      1457.648941040039,
      1457.648941040039,
      1457.648941040039,
      1457.648941040039,
      1457.648941040039,
      6.029457092285156
    ]
  }
}