{
  "model": {
    "model_name": "moe_1.3B",
    "num_layers": 17,
    "parameters": {
      "total_parameters_bytes": 4835188264,
      "parameters_per_layer_bytes": [
        302198784,
        302198784,
        302198784,
        302198784,
        302198784,
        302198784,
        302198784,
        302198784,
        302198784,
        302198784,
        302198784,
        302198784,
        302198784,
        302198784,
        302198784,
        302198784,
        7720
      ],
      "activation_parameters_bytes": [
        36306956,
        36306956,
        36306956,
        36306956,
        36306956,
        36306956,
        36306956,
        36306956,
        36306956,
        36306956,
        36306956,
        36306956,
        36306956,
        36306956,
        36306956,
        36306956,
        81920
      ]
    }
  },
  "execution_time": {
    "total_time_ms": 138.92717938029529,
    "forward_backward_time_ms": 70.98060414996112,
    "batch_generator_time_ms": 0.40616607991407455,
    "layernorm_grads_all_reduce_time_ms": null,
    "embedding_grads_all_reduce_time_ms": null,
    "optimizer_time_ms": 66.62026204048252,
    "layer_compute_total_ms": [
      2.232438633145758,
      3.9579620996786167,
      3.7593034788665354,
      3.792233484044915,
      3.8453925498910286,
      3.908214899342295,
      3.755143204148144,
      3.7795105274987226,
      3.8414523955281075,
      3.761526694456787,
      3.760866333390376,
      3.8532288345457766,
      3.796856011509794,
      3.7798847321030227,
      4.170356230672054,
      4.96736801375946,
      0.20532826758283587
    ]
  },
  "execution_memory": {
    "total_memory_mb": 24332.0,
    "layer_memory_total_mb": [
      1198.1052154541017,
      1229.0099029541016,
      1229.0099029541016,
      1229.0099029541016,
      1229.0099029541016,
      1229.0099029541016,
      1229.0099029541016,
      1229.0099029541016,
      1229.0099029541016,
      1229.0099029541016,
      1229.0099029541016,
      1229.0099029541016,
      1229.0099029541016,
      1229.0099029541016,
      1229.0099029541016,
      1229.0099029541016,
      1.5294570922851562
    ]
  }
}