{
  "model": {
    "model_name": "moe_1.3B",
    "num_layers": 17,
    "parameters": {
      "total_parameters_bytes": 4835188264,
      "parameters_per_layer_bytes": [
        302198784,
        302198784,
        302198784,
        302198784,
        302198784,
        302198784,
        302198784,
        302198784,
        302198784,
        302198784,
        302198784,
        302198784,
        302198784,
        302198784,
        302198784,
        302198784,
        7720
      ],
      "activation_parameters_bytes": [
        36306956,
        36306956,
        36306956,
        36306956,
        36306956,
        36306956,
        36306956,
        36306956,
        36306956,
        36306956,
        36306956,
        36306956,
        36306956,
        36306956,
        36306956,
        36306956,
        81920
      ]
    }
  },
  "execution_time": {
    "total_time_ms": 73.62828621111179,
    "forward_backward_time_ms": 37.61812671288006,
    "batch_generator_time_ms": 0.21525890408598042,
    "layernorm_grads_all_reduce_time_ms": null,
    "embedding_grads_all_reduce_time_ms": null,
    "optimizer_time_ms": 35.30724328281894,
    "layer_compute_total_ms": [
      1.1831423581994391,
      2.097631058139825,
      1.992346448917195,
      2.009798612396093,
      2.037971723894448,
      2.0712661587666235,
      1.990141596712976,
      2.0030557310519734,
      2.035883530537013,
      1.9935247032697143,
      1.993174726729362,
      2.0421247788399612,
      2.0122484481785587,
      2.0032540510915062,
      2.210195179401782,
      2.632593531837571,
      0.10881937228018781
    ]
  },
  "execution_memory": {
    "total_memory_mb": 24332.0,
    "layer_memory_total_mb": [
      1198.1052154541017,
      1229.0099029541016,
      1229.0099029541016,
      1229.0099029541016,
      1229.0099029541016,
      1229.0099029541016,
      1229.0099029541016,
      1229.0099029541016,
      1229.0099029541016,
      1229.0099029541016,
      1229.0099029541016,
      1229.0099029541016,
      1229.0099029541016,
      1229.0099029541016,
      1229.0099029541016,
      1229.0099029541016,
      1.5294570922851562
    ]
  }
}