{
  "model": {
    "model_name": "moe_1.3B",
    "num_layers": 17,
    "parameters": {
      "total_parameters_bytes": 4835188264,
      "parameters_per_layer_bytes": [
        302198784,
        302198784,
        302198784,
        302198784,
        302198784,
        302198784,
        302198784,
        302198784,
        302198784,
        302198784,
        302198784,
        302198784,
        302198784,
        302198784,
        302198784,
        302198784,
        7720
      ],
      "activation_parameters_bytes": [
        72613900,
        72613900,
        72613900,
        72613900,
        72613900,
        72613900,
        72613900,
        72613900,
        72613900,
        72613900,
        72613900,
        72613900,
        72613900,
        72613900,
        72613900,
        72613900,
        163840
      ]
    }
  },
  "execution_time": {
    "total_time_ms": 149.23446910944793,
    "forward_backward_time_ms": 80.42220454511958,
    "batch_generator_time_ms": 0.6700683740875972,
    "layernorm_grads_all_reduce_time_ms": null,
    "embedding_grads_all_reduce_time_ms": null,
    "optimizer_time_ms": 66.6662451827403,
    "layer_compute_total_ms": [
      2.482627429173472,
      4.559947247819204,
      4.219663190297434,
      4.225540403788496,
      4.2802183000873555,
      4.425805903195512,
      4.244955019140989,
      4.25486043513716,
      4.335512533381532,
      4.278171180781481,
      4.331792499374082,
      4.3392986034956245,
      4.300887601466031,
      4.300161204292978,
      4.3517354035797045,
      5.336751982274422,
      0.2218152822075726
    ]
  },
  "execution_memory": {
    "total_memory_mb": 25626.0,
    "layer_memory_total_mb": [
      1243.072915649414,
      1305.222915649414,
      1305.222915649414,
      1305.222915649414,
      1305.222915649414,
      1305.222915649414,
      1305.222915649414,
      1305.222915649414,
      1305.222915649414,
      1305.222915649414,
      1305.222915649414,
      1305.222915649414,
      1305.222915649414,
      1305.222915649414,
      1305.222915649414,
      1305.222915649414,
      3.0294570922851562
    ]
  }
}