{
  "model": {
    "model_name": "moe_1.3B",
    "num_layers": 17,
    "parameters": {
      "total_parameters_bytes": 4835188264,
      "parameters_per_layer_bytes": [
        302198784,
        302198784,
        302198784,
        302198784,
        302198784,
        302198784,
        302198784,
        302198784,
        302198784,
        302198784,
        302198784,
        302198784,
        302198784,
        302198784,
        302198784,
        302198784,
        7720
      ],
      "activation_parameters_bytes": [
        1161822220,
        1161822220,
        1161822220,
        1161822220,
        1161822220,
        1161822220,
        1161822220,
        1161822220,
        1161822220,
        1161822220,
        1161822220,
        1161822220,
        1161822220,
        1161822220,
        1161822220,
        1161822220,
        2621440
      ]
    }
  },
  "execution_time": {
    "total_time_ms": 759.8260879516602,
    "forward_backward_time_ms": 638.2997035980225,
    "batch_generator_time_ms": 20.845985412597656,
    "layernorm_grads_all_reduce_time_ms": null,
    "embedding_grads_all_reduce_time_ms": null,
    "optimizer_time_ms": 100.68039894104004,
    "layer_compute_total_ms": [
      19.83194351196289,
      42.19837188720703,
      41.98007583618164,
      41.913652420043945,
      42.08531379699707,
      41.99333190917969,
      41.98904037475586,
      41.89400672912598,
      41.91484451293945,
      41.591501235961914,
      41.495656967163086,
      34.046030044555664,
      41.41664505004883,
      41.39351844787598,
      41.18618965148926,
      40.824270248413086,
      0.5453109741210938
    ]
  },
  "execution_memory": {
    "total_memory_mb": 58954.0,
    "layer_memory_total_mb": [
      2585.388296508789,
      3591.613296508789,
      3591.613296508789,
      3591.613296508789,
      3591.613296508789,
      3591.613296508789,
      3591.613296508789,
      3591.613296508789,
      3591.613296508789,
      3591.613296508789,
      3591.613296508789,
      3591.613296508789,
      3591.613296508789,
      3591.613296508789,
      3591.613296508789,
      3591.613296508789,
      48.029457092285156
    ]
  }
}