{
  "model": {
    "model_name": "moe_1.3B",
    "num_layers": 17,
    "parameters": {
      "total_parameters_bytes": 4835188264,
      "parameters_per_layer_bytes": [
        302198784,
        302198784,
        302198784,
        302198784,
        302198784,
        302198784,
        302198784,
        302198784,
        302198784,
        302198784,
        302198784,
        302198784,
        302198784,
        302198784,
        302198784,
        302198784,
        7720
      ],
      "activation_parameters_bytes": [
        4647288844,
        4647288844,
        4647288844,
        4647288844,
        4647288844,
        4647288844,
        4647288844,
        4647288844,
        4647288844,
        4647288844,
        4647288844,
        4647288844,
        4647288844,
        4647288844,
        4647288844,
        4647288844,
        10485760
      ]
    }
  },
  "execution_time": {
    "total_time_ms": 2625.3854751586914,
    "forward_backward_time_ms": 2524.910593032837,
    "batch_generator_time_ms": 69.95806694030762,
    "layernorm_grads_all_reduce_time_ms": null,
    "embedding_grads_all_reduce_time_ms": null,
    "optimizer_time_ms": 30.516815185546875,
    "layer_compute_total_ms": [
      74.28812980651855,
      163.73748779296875,
      163.76733779907227,
      129.22124862670898,
      164.2974853515625,
      163.3732795715332,
      175.15625953674316,
      163.17987442016602,
      162.67471313476562,
      169.968843460083,
      163.52853775024414,
      162.06655502319336,
      170.94154357910156,
      163.897705078125,
      161.9706153869629,
      171.77410125732422,
      1.0668754577636719
    ]
  },
  "execution_memory": {
    "total_memory_mb": 199230.8,
    "layer_memory_total_mb": [
      6846.762515258789,
      10908.062515258789,
      10908.062515258789,
      10908.062515258789,
      10908.062515258789,
      10908.062515258789,
      10908.062515258789,
      10908.062515258789,
      10908.062515258789,
      10908.062515258789,
      10908.062515258789,
      10908.062515258789,
      10908.062515258789,
      10908.062515258789,
      10908.062515258789,
      10908.062515258789,
      192.02945709228516
    ]
  }
}