{
  "model": {
    "model_name": "moe_1.3B",
    "num_layers": 17,
    "parameters": {
      "total_parameters_bytes": 4835188264,
      "parameters_per_layer_bytes": [
        302198784,
        302198784,
        302198784,
        302198784,
        302198784,
        302198784,
        302198784,
        302198784,
        302198784,
        302198784,
        302198784,
        302198784,
        302198784,
        302198784,
        302198784,
        302198784,
        7720
      ],
      "activation_parameters_bytes": [
        18153484,
        18153484,
        18153484,
        18153484,
        18153484,
        18153484,
        18153484,
        18153484,
        18153484,
        18153484,
        18153484,
        18153484,
        18153484,
        18153484,
        18153484,
        18153484,
        40960
      ]
    }
  },
  "execution_time": {
    "total_time_ms": 72.04698720883827,
    "forward_backward_time_ms": 36.06629573530422,
    "batch_generator_time_ms": 0.12280676800959875,
    "layernorm_grads_all_reduce_time_ms": null,
    "embedding_grads_all_reduce_time_ms": null,
    "optimizer_time_ms": 35.39481907909974,
    "layer_compute_total_ms": [
      1.0931050602514878,
      2.03202212270846,
      1.928779043304551,
      1.940934895139452,
      1.9308905684313429,
      2.007885407308834,
      1.9277641113375295,
      1.9419031635677597,
      1.9823721175171563,
      2.1344019266461665,
      1.9519941538145824,
      1.9471528116730432,
      1.9451929430470707,
      1.9469194939794752,
      1.9517258384669791,
      2.4052954347634734,
      0.094120357585394
    ]
  },
  "execution_memory": {
    "total_memory_mb": 23744.0,
    "layer_memory_total_mb": [
      1175.2053497314453,
      1190.9033966064453,
      1190.9033966064453,
      1190.9033966064453,
      1190.9033966064453,
      1190.9033966064453,
      1190.9033966064453,
      1190.9033966064453,
      1190.9033966064453,
      1190.9033966064453,
      1190.9033966064453,
      1190.9033966064453,
      1190.9033966064453,
      1190.9033966064453,
      1190.9033966064453,
      1190.9033966064453,
      0.7794570922851562
    ]
  }
}