{
  "model": {
    "model_name": "moe_1.3B",
    "num_layers": 17,
    "parameters": {
      "total_parameters_bytes": 4835188264,
      "parameters_per_layer_bytes": [
        302198784,
        302198784,
        302198784,
        302198784,
        302198784,
        302198784,
        302198784,
        302198784,
        302198784,
        302198784,
        302198784,
        302198784,
        302198784,
        302198784,
        302198784,
        302198784,
        7720
      ],
      "activation_parameters_bytes": [
        290455564,
        290455564,
        290455564,
        290455564,
        290455564,
        290455564,
        290455564,
        290455564,
        290455564,
        290455564,
        290455564,
        290455564,
        290455564,
        290455564,
        290455564,
        290455564,
        655360
      ]
    }
  },
  "execution_time": {
    "total_time_ms": 94.26418627759409,
    "forward_backward_time_ms": 56.789794929836695,
    "batch_generator_time_ms": 1.2916117539392746,
    "layernorm_grads_all_reduce_time_ms": null,
    "embedding_grads_all_reduce_time_ms": null,
    "optimizer_time_ms": 35.36043971695248,
    "layer_compute_total_ms": [
      1.6775892144090745,
      3.3783118781354315,
      3.214312871326375,
      3.2025303278011834,
      3.193430937752025,
      3.293442567100015,
      3.1963240771522705,
      3.1992172165525155,
      3.197455667966076,
      3.208526592525885,
      3.200885438061528,
      3.2346348424361615,
      3.197712317429001,
      3.2134145982061377,
      3.201375405218021,
      3.364219489443915,
      0.14905500853601625
    ]
  },
  "execution_memory": {
    "total_memory_mb": 33028.0,
    "layer_memory_total_mb": [
      1514.138491821289,
      1762.500991821289,
      1762.500991821289,
      1762.500991821289,
      1762.500991821289,
      1762.500991821289,
      1762.500991821289,
      1762.500991821289,
      1762.500991821289,
      1762.500991821289,
      1762.500991821289,
      1762.500991821289,
      1762.500991821289,
      1762.500991821289,
      1762.500991821289,
      1762.500991821289,
      12.029457092285156
    ]
  }
}