{
  "model": {
    "model_name": "moe_1.3B",
    "num_layers": 17,
    "parameters": {
      "total_parameters_bytes": 4835188264,
      "parameters_per_layer_bytes": [
        302198784,
        302198784,
        302198784,
        302198784,
        302198784,
        302198784,
        302198784,
        302198784,
        302198784,
        302198784,
        302198784,
        302198784,
        302198784,
        302198784,
        302198784,
        302198784,
        7720
      ],
      "activation_parameters_bytes": [
        2323644428,
        2323644428,
        2323644428,
        2323644428,
        2323644428,
        2323644428,
        2323644428,
        2323644428,
        2323644428,
        2323644428,
        2323644428,
        2323644428,
        2323644428,
        2323644428,
        2323644428,
        2323644428,
        5242880
      ]
    }
  },
  "execution_time": {
    "total_time_ms": 626.2277953218273,
    "forward_backward_time_ms": 584.490840757182,
    "batch_generator_time_ms": 15.299245186618165,
    "layernorm_grads_all_reduce_time_ms": null,
    "embedding_grads_all_reduce_time_ms": null,
    "optimizer_time_ms": 26.437709378027243,
    "layer_compute_total_ms": [
      17.39545133176326,
      38.3409377204473,
      38.17593550198665,
      38.316944601701024,
      38.02675993708433,
      37.65431629562833,
      30.4016807634102,
      38.023986420605404,
      37.93565212195511,
      38.295614939255934,
      38.45300099341731,
      37.47441192910233,
      42.897891331432106,
      37.60734261177093,
      37.6995950527486,
      37.472188713512075,
      0.3191304913610586
    ]
  },
  "execution_memory": {
    "total_memory_mb": 102714.0,
    "layer_memory_total_mb": [
      4007.779702758789,
      6030.429702758789,
      6030.429702758789,
      6030.429702758789,
      6030.429702758789,
      6030.429702758789,
      6030.429702758789,
      6030.429702758789,
      6030.429702758789,
      6030.429702758789,
      6030.429702758789,
      6030.429702758789,
      6030.429702758789,
      6030.429702758789,
      6030.429702758789,
      6030.429702758789,
      96.02945709228516
    ]
  }
}