{
  "model": {
    "model_name": "moe_1.3B",
    "num_layers": 17,
    "parameters": {
      "total_parameters_bytes": 4835188264,
      "parameters_per_layer_bytes": [
        302198784,
        302198784,
        302198784,
        302198784,
        302198784,
        302198784,
        302198784,
        302198784,
        302198784,
        302198784,
        302198784,
        302198784,
        302198784,
        302198784,
        302198784,
        302198784,
        7720
      ],
      "activation_parameters_bytes": [
        290455564,
        290455564,
        290455564,
        290455564,
        290455564,
        290455564,
        290455564,
        290455564,
        290455564,
        290455564,
        290455564,
        290455564,
        290455564,
        290455564,
        290455564,
        290455564,
        655360
      ]
    }
  },
  "execution_time": {
    "total_time_ms": 177.8644891798187,
    "forward_backward_time_ms": 107.1550953198327,
    "batch_generator_time_ms": 2.4371065396621825,
    "layernorm_grads_all_reduce_time_ms": null,
    "embedding_grads_all_reduce_time_ms": null,
    "optimizer_time_ms": 66.72063692257704,
    "layer_compute_total_ms": [
      3.1653967477717138,
      6.374443362033218,
      6.06499816631286,
      6.042766010410344,
      6.025596622683649,
      6.2143058034284655,
      6.031055607499316,
      6.036514592314983,
      6.033190774947379,
      6.054080196681525,
      6.03966231339821,
      6.103343132235811,
      6.033675039729414,
      6.0633032395757365,
      6.040586818891186,
      6.347852823092388,
      0.2812477781845941
    ]
  },
  "execution_memory": {
    "total_memory_mb": 33028.0,
    "layer_memory_total_mb": [
      1514.138491821289,
      1762.500991821289,
      1762.500991821289,
      1762.500991821289,
      1762.500991821289,
      1762.500991821289,
      1762.500991821289,
      1762.500991821289,
      1762.500991821289,
      1762.500991821289,
      1762.500991821289,
      1762.500991821289,
      1762.500991821289,
      1762.500991821289,
      1762.500991821289,
      1762.500991821289,
      12.029457092285156
    ]
  }
}