{
  "model": {
    "model_name": "moe_1.3B",
    "num_layers": 17,
    "parameters": {
      "total_parameters_bytes": 4835188264,
      "parameters_per_layer_bytes": [
        302198784,
        302198784,
        302198784,
        302198784,
        302198784,
        302198784,
        302198784,
        302198784,
        302198784,
        302198784,
        302198784,
        302198784,
        302198784,
        302198784,
        302198784,
        302198784,
        7720
      ],
      "activation_parameters_bytes": [
        145227788,
        145227788,
        145227788,
        145227788,
        145227788,
        145227788,
        145227788,
        145227788,
        145227788,
        145227788,
        145227788,
        145227788,
        145227788,
        145227788,
        145227788,
        145227788,
        327680
      ]
    }
  },
  "execution_time": {
    "total_time_ms": 322.7053165435791,
    "forward_backward_time_ms": 172.51605987548828,
    "batch_generator_time_ms": 2.9584407806396484,
    "layernorm_grads_all_reduce_time_ms": null,
    "embedding_grads_all_reduce_time_ms": null,
    "optimizer_time_ms": 145.06783485412598,
    "layer_compute_total_ms": [
      5.536842346191406,
      9.831905364990234,
      9.44523811340332,
      9.385061264038086,
      9.54751968383789,
      9.89847183227539,
      9.524202346801758,
      9.763813018798828,
      9.809589385986328,
      9.511613845825195,
      9.523153305053711,
      9.668588638305664,
      9.50307846069336,
      9.513044357299805,
      9.56878662109375,
      10.584211349487305,
      0.4668235778808594
    ]
  },
  "execution_memory": {
    "total_memory_mb": 28128.0,
    "layer_memory_total_mb": [
      1333.917691040039,
      1457.648941040039,
      1457.648941040039,
      1457.648941040039,
      1457.648941040039,
      1457.648941040039,
      1457.648941040039,
      1457.648941040039,
      1457.648941040039,
      1457.648941040039,
      1457.648941040039,
      1457.648941040039,
      1457.648941040039,
      1457.648941040039,
      1457.648941040039,
      1457.648941040039,
      6.029457092285156
    ]
  }
}