{
  "model": {
    "model_name": "moe_380M",
    "num_layers": 9,
    "parameters": {
      "total_parameters_bytes": 1208852008,
      "parameters_per_layer_bytes": [
        151105536,
        151105536,
        151105536,
        151105536,
        151105536,
        151105536,
        151105536,
        151105536,
        7720
      ],
      "activation_parameters_bytes": [
        72613900,
        72613900,
        72613900,
        72613900,
        72613900,
        72613900,
        72613900,
        72613900,
        163840
      ]
    }
  },
  "execution_time": {
    "total_time_ms": 53.669612998591866,
    "forward_backward_time_ms": 36.01930631926492,
    "batch_generator_time_ms": 0.36718276496025787,
    "layernorm_grads_all_reduce_time_ms": null,
    "embedding_grads_all_reduce_time_ms": null,
    "optimizer_time_ms": 16.757718637894275,
    "layer_compute_total_ms": [
      2.2962075001255475,
      3.7755923851713487,
      3.8512037272754482,
      3.775372264815878,
      3.8012804306547503,
      3.8713447398009944,
      4.193248747640981,
      4.539476054760452,
      0.18276593114711473
    ]
  },
  "execution_memory": {
    "total_memory_mb": 7074.0,
    "layer_memory_total_mb": [
      666.511587524414,
      728.1428375244141,
      728.1428375244141,
      728.1428375244141,
      728.1428375244141,
      728.1428375244141,
      728.1428375244141,
      728.1428375244141,
      3.0294570922851562
    ]
  }
}