{
  "model": {
    "model_name": "moe_380M",
    "num_layers": 9,
    "parameters": {
      "total_parameters_bytes": 1208852008,
      "parameters_per_layer_bytes": [
        151105536,
        151105536,
        151105536,
        151105536,
        151105536,
        151105536,
        151105536,
        151105536,
        7720
      ],
      "activation_parameters_bytes": [
        145227788,
        145227788,
        145227788,
        145227788,
        145227788,
        145227788,
        145227788,
        145227788,
        327680
      ]
    }
  },
  "execution_time": {
    "total_time_ms": 32.20590283871826,
    "forward_backward_time_ms": 21.855731631995344,
    "batch_generator_time_ms": 0.9369921914850348,
    "layernorm_grads_all_reduce_time_ms": null,
    "embedding_grads_all_reduce_time_ms": null,
    "optimizer_time_ms": 8.969362098532539,
    "layer_compute_total_ms": [
      1.4060307508650982,
      2.2418213927649457,
      2.2934079348128646,
      2.2490775730349153,
      2.2804354710504753,
      2.321266067424902,
      2.4284172181960777,
      2.5446327613623763,
      0.1157139101251268
    ]
  },
  "execution_memory": {
    "total_memory_mb": 8360.0,
    "layer_memory_total_mb": [
      754.4731597900391,
      879.8637847900391,
      879.8637847900391,
      879.8637847900391,
      879.8637847900391,
      879.8637847900391,
      879.8637847900391,
      879.8637847900391,
      6.029457092285156
    ]
  }
}