{
  "model": {
    "model_name": "moe_380M",
    "num_layers": 9,
    "parameters": {
      "total_parameters_bytes": 1208852008,
      "parameters_per_layer_bytes": [
        151105536,
        151105536,
        151105536,
        151105536,
        151105536,
        151105536,
        151105536,
        151105536,
        7720
      ],
      "activation_parameters_bytes": [
        2323644428,
        2323644428,
        2323644428,
        2323644428,
        2323644428,
        2323644428,
        2323644428,
        2323644428,
        5242880
      ]
    }
  },
  "execution_time": {
    "total_time_ms": 160.6059959162264,
    "forward_backward_time_ms": 144.67045577494477,
    "batch_generator_time_ms": 8.015827682573521,
    "layernorm_grads_all_reduce_time_ms": null,
    "embedding_grads_all_reduce_time_ms": null,
    "optimizer_time_ms": 7.919712458708119,
    "layer_compute_total_ms": [
      9.059516055327274,
      19.981525597216386,
      19.999794372622773,
      19.978725784893566,
      19.978877441394385,
      19.979192420280704,
      19.745583079595587,
      15.785213551315678,
      0.16202747229840572
    ]
  },
  "execution_memory": {
    "total_memory_mb": 46764.0,
    "layer_memory_total_mb": [
      3429.742202758789,
      5431.492202758789,
      5431.492202758789,
      5431.492202758789,
      5431.492202758789,
      5431.492202758789,
      5431.492202758789,
      5431.492202758789,
      96.02945709228516
    ]
  }
}