{
  "model": {
    "model_name": "moe_380M",
    "num_layers": 9,
    "parameters": {
      "total_parameters_bytes": 1208852008,
      "parameters_per_layer_bytes": [
        151105536,
        151105536,
        151105536,
        151105536,
        151105536,
        151105536,
        151105536,
        151105536,
        7720
      ],
      "activation_parameters_bytes": [
        2323644428,
        2323644428,
        2323644428,
        2323644428,
        2323644428,
        2323644428,
        2323644428,
        2323644428,
        5242880
      ]
    }
  },
  "execution_time": {
    "total_time_ms": 303.0430171935363,
    "forward_backward_time_ms": 272.97468669645053,
    "batch_generator_time_ms": 15.124843828978928,
    "layernorm_grads_all_reduce_time_ms": null,
    "embedding_grads_all_reduce_time_ms": null,
    "optimizer_time_ms": 14.943486668106823,
    "layer_compute_total_ms": [
      17.09415058919531,
      37.702588689582996,
      37.73705953724967,
      37.697305801051705,
      37.697591957513815,
      37.698186282473586,
      37.25739527064401,
      29.78468340702653,
      0.3057251617129082
    ]
  },
  "execution_memory": {
    "total_memory_mb": 46764.0,
    "layer_memory_total_mb": [
      3429.742202758789,
      5431.492202758789,
      5431.492202758789,
      5431.492202758789,
      5431.492202758789,
      5431.492202758789,
      5431.492202758789,
      5431.492202758789,
      96.02945709228516
    ]
  }
}