{
  "model": {
    "model_name": "moe_380M",
    "num_layers": 9,
    "parameters": {
      "total_parameters_bytes": 1208852008,
      "parameters_per_layer_bytes": [
        151105536,
        151105536,
        151105536,
        151105536,
        151105536,
        151105536,
        151105536,
        151105536,
        7720
      ],
      "activation_parameters_bytes": [
        580911116,
        580911116,
        580911116,
        580911116,
        580911116,
        580911116,
        580911116,
        580911116,
        1310720
      ]
    }
  },
  "execution_time": {
    "total_time_ms": 106.9156704091875,
    "forward_backward_time_ms": 84.92941095576808,
    "batch_generator_time_ms": 4.46842120401459,
    "layernorm_grads_all_reduce_time_ms": null,
    "embedding_grads_all_reduce_time_ms": null,
    "optimizer_time_ms": 16.858115532024346,
    "layer_compute_total_ms": [
      5.570321691464117,
      10.026041950968063,
      10.023928795555547,
      10.007815985535109,
      10.000243845306926,
      10.042022688775218,
      9.955207220577671,
      9.995026992882275,
      0.24701906290893913
    ]
  },
  "execution_memory": {
    "total_memory_mb": 14478.0,
    "layer_memory_total_mb": [
      1290.751968383789,
      1790.189468383789,
      1790.189468383789,
      1790.189468383789,
      1790.189468383789,
      1790.189468383789,
      1790.189468383789,
      1790.189468383789,
      24.029457092285156
    ]
  }
}