{
  "model": {
    "model_name": "moe_380M",
    "num_layers": 9,
    "parameters": {
      "total_parameters_bytes": 1208852008,
      "parameters_per_layer_bytes": [
        151105536,
        151105536,
        151105536,
        151105536,
        151105536,
        151105536,
        151105536,
        151105536,
        7720
      ],
      "activation_parameters_bytes": [
        290455564,
        290455564,
        290455564,
        290455564,
        290455564,
        290455564,
        290455564,
        290455564,
        655360
      ]
    }
  },
  "execution_time": {
    "total_time_ms": 36.83562583219118,
    "forward_backward_time_ms": 27.07248194248574,
    "batch_generator_time_ms": 0.578709541241775,
    "layernorm_grads_all_reduce_time_ms": null,
    "embedding_grads_all_reduce_time_ms": null,
    "optimizer_time_ms": 8.885344397078645,
    "layer_compute_total_ms": [
      1.6295957648421049,
      3.125372166538194,
      3.1260604537342203,
      3.123388966142865,
      3.1281253153222983,
      3.1906661230832425,
      3.159973180494352,
      3.1631696328962353,
      0.10288143697887825
    ]
  },
  "execution_memory": {
    "total_memory_mb": 9964.0,
    "layer_memory_total_mb": [
      935.8119293212891,
      1183.305679321289,
      1183.305679321289,
      1183.305679321289,
      1183.305679321289,
      1183.305679321289,
      1183.305679321289,
      1183.305679321289,
      12.029457092285156
    ]
  }
}