{
  "model": {
    "model_name": "moe_380M",
    "num_layers": 9,
    "parameters": {
      "total_parameters_bytes": 1208852008,
      "parameters_per_layer_bytes": [
        151105536,
        151105536,
        151105536,
        151105536,
        151105536,
        151105536,
        151105536,
        151105536,
        7720
      ],
      "activation_parameters_bytes": [
        36306956,
        36306956,
        36306956,
        36306956,
        36306956,
        36306956,
        36306956,
        36306956,
        81920
      ]
    }
  },
  "execution_time": {
    "total_time_ms": 28.152054576510274,
    "forward_backward_time_ms": 18.771563370141287,
    "batch_generator_time_ms": 0.19877500903539025,
    "layernorm_grads_all_reduce_time_ms": null,
    "embedding_grads_all_reduce_time_ms": null,
    "optimizer_time_ms": 8.898013547839396,
    "layer_compute_total_ms": [
      1.1837023206640027,
      1.9778924178006476,
      2.0158765383135435,
      1.9778457542619343,
      1.9802022629669727,
      2.035661878728123,
      2.0047822819843777,
      2.5181628690270688,
      0.09363039042890087
    ]
  },
  "execution_memory": {
    "total_memory_mb": 6430.0,
    "layer_memory_total_mb": [
      621.2151763916015,
      652.2823638916016,
      652.2823638916016,
      652.2823638916016,
      652.2823638916016,
      652.2823638916016,
      652.2823638916016,
      652.2823638916016,
      1.5294570922851562
    ]
  }
}