{
  "model": {
    "model_name": "moe_380M",
    "num_layers": 9,
    "parameters": {
      "total_parameters_bytes": 1208852008,
      "parameters_per_layer_bytes": [
        151105536,
        151105536,
        151105536,
        151105536,
        151105536,
        151105536,
        151105536,
        151105536,
        7720
      ],
      "activation_parameters_bytes": [
        1161822220,
        1161822220,
        1161822220,
        1161822220,
        1161822220,
        1161822220,
        1161822220,
        1161822220,
        2621440
      ]
    }
  },
  "execution_time": {
    "total_time_ms": 96.49813319820112,
    "forward_backward_time_ms": 81.72827158575534,
    "batch_generator_time_ms": 5.600009619830124,
    "layernorm_grads_all_reduce_time_ms": null,
    "embedding_grads_all_reduce_time_ms": null,
    "optimizer_time_ms": 8.904406452643165,
    "layer_compute_total_ms": [
      4.7404205731863245,
      10.14061692024468,
      10.148339735901786,
      10.15930566749949,
      10.21778674739235,
      10.170994883947255,
      10.046344906158467,
      9.996729898621199,
      0.1744399735962316
    ]
  },
  "execution_memory": {
    "total_memory_mb": 24626.0,
    "layer_memory_total_mb": [
      2005.382046508789,
      3003.957046508789,
      3003.957046508789,
      3003.957046508789,
      3003.957046508789,
      3003.957046508789,
      3003.957046508789,
      3003.957046508789,
      48.029457092285156
    ]
  }
}