{
  "model": {
    "model_name": "moe_380M",
    "num_layers": 9,
    "parameters": {
      "total_parameters_bytes": 1208852008,
      "parameters_per_layer_bytes": [
        151105536,
        151105536,
        151105536,
        151105536,
        151105536,
        151105536,
        151105536,
        151105536,
        7720
      ],
      "activation_parameters_bytes": [
        72613900,
        72613900,
        72613900,
        72613900,
        72613900,
        72613900,
        72613900,
        72613900,
        163840
      ]
    }
  },
  "execution_time": {
    "total_time_ms": 28.443690027585788,
    "forward_backward_time_ms": 19.089423729973866,
    "batch_generator_time_ms": 0.19459862232052025,
    "layernorm_grads_all_reduce_time_ms": null,
    "embedding_grads_all_reduce_time_ms": null,
    "optimizer_time_ms": 8.88121467390249,
    "layer_compute_total_ms": [
      1.2169384261127865,
      2.0009792035792167,
      2.0410515174495476,
      2.0008625447324326,
      2.014593290998919,
      2.0517258019302904,
      2.2223276994673262,
      2.405820399574002,
      0.09686184048481983
    ]
  },
  "execution_memory": {
    "total_memory_mb": 7074.0,
    "layer_memory_total_mb": [
      666.511587524414,
      728.1428375244141,
      728.1428375244141,
      728.1428375244141,
      728.1428375244141,
      728.1428375244141,
      728.1428375244141,
      728.1428375244141,
      3.0294570922851562
    ]
  }
}