{
  "model": {
    "model_name": "moe_380M",
    "num_layers": 9,
    "parameters": {
      "total_parameters_bytes": 1208852008,
      "parameters_per_layer_bytes": [
        151105536,
        151105536,
        151105536,
        151105536,
        151105536,
        151105536,
        151105536,
        151105536,
        7720
      ],
      "activation_parameters_bytes": [
        4647288844,
        4647288844,
        4647288844,
        4647288844,
        4647288844,
        4647288844,
        4647288844,
        4647288844,
        10485760
      ]
    }
  },
  "execution_time": {
    "total_time_ms": 1222.2277641296387,
    "forward_backward_time_ms": 1178.4716606140137,
    "batch_generator_time_ms": 28.87864112854004,
    "layernorm_grads_all_reduce_time_ms": null,
    "embedding_grads_all_reduce_time_ms": null,
    "optimizer_time_ms": 14.877462387084961,
    "layer_compute_total_ms": [
      72.4428653717041,
      161.35764122009277,
      160.28738021850586,
      127.16155052185059,
      161.72857284545898,
      160.43462753295898,
      173.1668472290039,
      160.80546379089355,
      1.0867118835449219
    ]
  },
  "execution_memory": {
    "total_memory_mb": 93396.0,
    "layer_memory_total_mb": [
      6219.862515258789,
      10286.562515258789,
      10286.562515258789,
      10286.562515258789,
      10286.562515258789,
      10286.562515258789,
      10286.562515258789,
      10286.562515258789,
      192.02945709228516
    ]
  }
}