{
  "model": {
    "model_name": "moe_380M",
    "num_layers": 9,
    "parameters": {
      "total_parameters_bytes": 1208852008,
      "parameters_per_layer_bytes": [
        151105536,
        151105536,
        151105536,
        151105536,
        151105536,
        151105536,
        151105536,
        151105536,
        7720
      ],
      "activation_parameters_bytes": [
        580911116,
        580911116,
        580911116,
        580911116,
        580911116,
        580911116,
        580911116,
        580911116,
        1310720
      ]
    }
  },
  "execution_time": {
    "total_time_ms": 56.662905102189654,
    "forward_backward_time_ms": 45.01068117474029,
    "batch_generator_time_ms": 2.368162923832102,
    "layernorm_grads_all_reduce_time_ms": null,
    "embedding_grads_all_reduce_time_ms": null,
    "optimizer_time_ms": 8.934422773920707,
    "layer_compute_total_ms": [
      2.952145444948517,
      5.3135771533211775,
      5.31245722839205,
      5.303917800807455,
      5.299904736478084,
      5.322046585597702,
      5.276036336426062,
      5.2971399218093005,
      0.13091455786109216
    ]
  },
  "execution_memory": {
    "total_memory_mb": 14478.0,
    "layer_memory_total_mb": [
      1290.751968383789,
      1790.189468383789,
      1790.189468383789,
      1790.189468383789,
      1790.189468383789,
      1790.189468383789,
      1790.189468383789,
      1790.189468383789,
      24.029457092285156
    ]
  }
}