{
  "model": {
    "model_name": "moe_380M",
    "num_layers": 9,
    "parameters": {
      "total_parameters_bytes": 1208852008,
      "parameters_per_layer_bytes": [
        151105536,
        151105536,
        151105536,
        151105536,
        151105536,
        151105536,
        151105536,
        151105536,
        7720
      ],
      "activation_parameters_bytes": [
        4647288844,
        4647288844,
        4647288844,
        4647288844,
        4647288844,
        4647288844,
        4647288844,
        4647288844,
        10485760
      ]
    }
  },
  "execution_time": {
    "total_time_ms": 564.2119228289336,
    "forward_backward_time_ms": 544.0129746258275,
    "batch_generator_time_ms": 13.331127076321325,
    "layernorm_grads_all_reduce_time_ms": null,
    "embedding_grads_all_reduce_time_ms": null,
    "optimizer_time_ms": 6.867821126784685,
    "layer_compute_total_ms": [
      33.441498848386026,
      74.48685726817882,
      73.9927971303254,
      58.701058047828774,
      74.65808889269928,
      74.06077029609467,
      79.93829195565336,
      74.23195789654405,
      0.5016542901171558
    ]
  },
  "execution_memory": {
    "total_memory_mb": 93396.0,
    "layer_memory_total_mb": [
      6219.862515258789,
      10286.562515258789,
      10286.562515258789,
      10286.562515258789,
      10286.562515258789,
      10286.562515258789,
      10286.562515258789,
      10286.562515258789,
      192.02945709228516
    ]
  }
}