{
  "model": {
    "model_name": "moe_380M",
    "num_layers": 9,
    "parameters": {
      "total_parameters_bytes": 1208852008,
      "parameters_per_layer_bytes": [
        151105536,
        151105536,
        151105536,
        151105536,
        151105536,
        151105536,
        151105536,
        151105536,
        7720
      ],
      "activation_parameters_bytes": [
        18153484,
        18153484,
        18153484,
        18153484,
        18153484,
        18153484,
        18153484,
        18153484,
        40960
      ]
    }
  },
  "execution_time": {
    "total_time_ms": 49.51336648270547,
    "forward_backward_time_ms": 32.160662523974565,
    "batch_generator_time_ms": 0.13953429333271833,
    "layernorm_grads_all_reduce_time_ms": null,
    "embedding_grads_all_reduce_time_ms": null,
    "optimizer_time_ms": 16.733747531183543,
    "layer_compute_total_ms": [
      2.0179533587753515,
      3.518425773875222,
      3.6268350489444185,
      3.6754156113967467,
      3.579443136411631,
      3.581578303859694,
      3.4986149418828814,
      3.504778311836054,
      0.16365948429227967
    ]
  },
  "execution_memory": {
    "total_memory_mb": 6130.0,
    "layer_memory_total_mb": [
      598.7181427001954,
      614.3521270751953,
      614.3521270751953,
      614.3521270751953,
      614.3521270751953,
      614.3521270751953,
      614.3521270751953,
      614.3521270751953,
      0.7794570922851562
    ]
  }
}