{
  "model": {
    "model_name": "moe_380M",
    "num_layers": 9,
    "parameters": {
      "total_parameters_bytes": 1208852008,
      "parameters_per_layer_bytes": [
        151105536,
        151105536,
        151105536,
        151105536,
        151105536,
        151105536,
        151105536,
        151105536,
        7720
      ],
      "activation_parameters_bytes": [
        1161822220,
        1161822220,
        1161822220,
        1161822220,
        1161822220,
        1161822220,
        1161822220,
        1161822220,
        2621440
      ]
    }
  },
  "execution_time": {
    "total_time_ms": 182.07966191486452,
    "forward_backward_time_ms": 154.2108180337106,
    "batch_generator_time_ms": 10.566503459754658,
    "layernorm_grads_all_reduce_time_ms": null,
    "embedding_grads_all_reduce_time_ms": null,
    "optimizer_time_ms": 16.8014785645618,
    "layer_compute_total_ms": [
      8.944568632506193,
      19.134049947411064,
      19.14862191494321,
      19.16931322835743,
      19.27965956255477,
      19.191369287975572,
      18.956170688155396,
      18.862553500973814,
      0.32914596753496406
    ]
  },
  "execution_memory": {
    "total_memory_mb": 24626.0,
    "layer_memory_total_mb": [
      2005.382046508789,
      3003.957046508789,
      3003.957046508789,
      3003.957046508789,
      3003.957046508789,
      3003.957046508789,
      3003.957046508789,
      3003.957046508789,
      48.029457092285156
    ]
  }
}