{
  "model": {
    "model_name": "moe_380M",
    "num_layers": 9,
    "parameters": {
      "total_parameters_bytes": 1208852008,
      "parameters_per_layer_bytes": [
        151105536,
        151105536,
        151105536,
        151105536,
        151105536,
        151105536,
        151105536,
        151105536,
        7720
      ],
      "activation_parameters_bytes": [
        18153484,
        18153484,
        18153484,
        18153484,
        18153484,
        18153484,
        18153484,
        18153484,
        40960
      ]
    }
  },
  "execution_time": {
    "total_time_ms": 26.240972680262868,
    "forward_backward_time_ms": 17.044429143503013,
    "batch_generator_time_ms": 0.07395004297642695,
    "layernorm_grads_all_reduce_time_ms": null,
    "embedding_grads_all_reduce_time_ms": null,
    "optimizer_time_ms": 8.868510525487704,
    "layer_compute_total_ms": [
      1.0694699778930337,
      1.8646866728813787,
      1.922141154922537,
      1.9478877624077828,
      1.897024505209925,
      1.8981560960237305,
      1.8541873766708117,
      1.8574538243807657,
      0.08673585258396188
    ]
  },
  "execution_memory": {
    "total_memory_mb": 6130.0,
    "layer_memory_total_mb": [
      598.7181427001954,
      614.3521270751953,
      614.3521270751953,
      614.3521270751953,
      614.3521270751953,
      614.3521270751953,
      614.3521270751953,
      614.3521270751953,
      0.7794570922851562
    ]
  }
}