{
  "model": {
    "model_name": "moe_380M",
    "num_layers": 9,
    "parameters": {
      "total_parameters_bytes": 1208852008,
      "parameters_per_layer_bytes": [
        151105536,
        151105536,
        151105536,
        151105536,
        151105536,
        151105536,
        151105536,
        151105536,
        7720
      ],
      "activation_parameters_bytes": [
        145227788,
        145227788,
        145227788,
        145227788,
        145227788,
        145227788,
        145227788,
        145227788,
        327680
      ]
    }
  },
  "execution_time": {
    "total_time_ms": 60.76842842640724,
    "forward_backward_time_ms": 41.238976284464606,
    "batch_generator_time_ms": 1.7679846831031083,
    "layernorm_grads_all_reduce_time_ms": null,
    "embedding_grads_all_reduce_time_ms": null,
    "optimizer_time_ms": 16.924041578487746,
    "layer_compute_total_ms": [
      2.6530005843076,
      4.2300308590400935,
      4.327368080229126,
      4.243722345150355,
      4.302890696700812,
      4.379932821115469,
      4.582113367615078,
      4.801397265734741,
      0.21833738059113947
    ]
  },
  "execution_memory": {
    "total_memory_mb": 8360.0,
    "layer_memory_total_mb": [
      754.4731597900391,
      879.8637847900391,
      879.8637847900391,
      879.8637847900391,
      879.8637847900391,
      879.8637847900391,
      879.8637847900391,
      879.8637847900391,
      6.029457092285156
    ]
  }
}