{
  "model": {
    "model_name": "moe_380M",
    "num_layers": 9,
    "parameters": {
      "total_parameters_bytes": 1208852008,
      "parameters_per_layer_bytes": [
        151105536,
        151105536,
        151105536,
        151105536,
        151105536,
        151105536,
        151105536,
        151105536,
        7720
      ],
      "activation_parameters_bytes": [
        36306956,
        36306956,
        36306956,
        36306956,
        36306956,
        36306956,
        36306956,
        36306956,
        81920
      ]
    }
  },
  "execution_time": {
    "total_time_ms": 115.07010459899902,
    "forward_backward_time_ms": 76.72781944274902,
    "batch_generator_time_ms": 0.8124828338623047,
    "layernorm_grads_all_reduce_time_ms": null,
    "embedding_grads_all_reduce_time_ms": null,
    "optimizer_time_ms": 36.370182037353516,
    "layer_compute_total_ms": [
      4.838323593139648,
      8.084535598754883,
      8.23979377746582,
      8.084344863891602,
      8.093976974487305,
      8.32066535949707,
      8.194446563720703,
      10.292863845825195,
      0.3827095031738281
    ]
  },
  "execution_memory": {
    "total_memory_mb": 6430.0,
    "layer_memory_total_mb": [
      621.2151763916015,
      652.2823638916016,
      652.2823638916016,
      652.2823638916016,
      652.2823638916016,
      652.2823638916016,
      652.2823638916016,
      652.2823638916016,
      1.5294570922851562
    ]
  }
}