{
  "model": {
    "model_name": "moe_380M",
    "num_layers": 9,
    "parameters": {
      "total_parameters_bytes": 1208852008,
      "parameters_per_layer_bytes": [
        151105536,
        151105536,
        151105536,
        151105536,
        151105536,
        151105536,
        151105536,
        151105536,
        7720
      ],
      "activation_parameters_bytes": [
        36306956,
        36306956,
        36306956,
        36306956,
        36306956,
        36306956,
        36306956,
        36306956,
        81920
      ]
    }
  },
  "execution_time": {
    "total_time_ms": 53.11933412195129,
    "forward_backward_time_ms": 35.419544386714584,
    "batch_generator_time_ms": 0.3750630736861,
    "layernorm_grads_all_reduce_time_ms": null,
    "embedding_grads_all_reduce_time_ms": null,
    "optimizer_time_ms": 16.789415969082018,
    "layer_compute_total_ms": [
      2.2334952108520163,
      3.7320305668237466,
      3.8037017545649254,
      3.7319425186815587,
      3.7363889498620617,
      3.8410341668527135,
      3.7827683087596853,
      4.751451957078495,
      0.17666859730058326
    ]
  },
  "execution_memory": {
    "total_memory_mb": 6430.0,
    "layer_memory_total_mb": [
      621.2151763916015,
      652.2823638916016,
      652.2823638916016,
      652.2823638916016,
      652.2823638916016,
      652.2823638916016,
      652.2823638916016,
      652.2823638916016,
      1.5294570922851562
    ]
  }
}