{
  "model": {
    "model_name": "moe_380M",
    "num_layers": 9,
    "parameters": {
      "total_parameters_bytes": 1208852008,
      "parameters_per_layer_bytes": [
        151105536,
        151105536,
        151105536,
        151105536,
        151105536,
        151105536,
        151105536,
        151105536,
        7720
      ],
      "activation_parameters_bytes": [
        290455564,
        290455564,
        290455564,
        290455564,
        290455564,
        290455564,
        290455564,
        290455564,
        655360
      ]
    }
  },
  "execution_time": {
    "total_time_ms": 69.50412485360752,
    "forward_backward_time_ms": 51.0823183403922,
    "batch_generator_time_ms": 1.091951047382262,
    "layernorm_grads_all_reduce_time_ms": null,
    "embedding_grads_all_reduce_time_ms": null,
    "optimizer_time_ms": 16.765510898477928,
    "layer_compute_total_ms": [
      3.0748392335311707,
      5.897178407302188,
      5.898477117399464,
      5.893436361259191,
      5.9023732476912905,
      6.020379770258999,
      5.962466104734724,
      5.968497402474614,
      0.19412414148938997
    ]
  },
  "execution_memory": {
    "total_memory_mb": 9964.0,
    "layer_memory_total_mb": [
      935.8119293212891,
      1183.305679321289,
      1183.305679321289,
      1183.305679321289,
      1183.305679321289,
      1183.305679321289,
      1183.305679321289,
      1183.305679321289,
      12.029457092285156
    ]
  }
}