{
  "model": {
    "model_name": "moe_380M",
    "num_layers": 9,
    "parameters": {
      "total_parameters_bytes": 1208852008,
      "parameters_per_layer_bytes": [
        151105536,
        151105536,
        151105536,
        151105536,
        151105536,
        151105536,
        151105536,
        151105536,
        7720
      ],
      "activation_parameters_bytes": [
        4647288844,
        4647288844,
        4647288844,
        4647288844,
        4647288844,
        4647288844,
        4647288844,
        4647288844,
        10485760
      ]
    }
  },
  "execution_time": {
    "total_time_ms": 299.0196527639467,
    "forward_backward_time_ms": 288.31466367472996,
    "batch_generator_time_ms": 7.065198071899428,
    "layernorm_grads_all_reduce_time_ms": null,
    "embedding_grads_all_reduce_time_ms": null,
    "optimizer_time_ms": 3.639791017317264,
    "layer_compute_total_ms": [
      17.723243641170207,
      39.476362151534275,
      39.21452136992742,
      31.110242949722203,
      39.56711106844761,
      39.25054562181434,
      42.365500153334715,
      39.34127120695832,
      0.2658655118209134
    ]
  },
  "execution_memory": {
    "total_memory_mb": 93396.0,
    "layer_memory_total_mb": [
      6219.862515258789,
      10286.562515258789,
      10286.562515258789,
      10286.562515258789,
      10286.562515258789,
      10286.562515258789,
      10286.562515258789,
      10286.562515258789,
      192.02945709228516
    ]
  }
}