{
  "model": {
    "model_name": "moe_2.4B",
    "num_layers": 17,
    "parameters": {
      "total_parameters_bytes": 8594401320,
      "parameters_per_layer_bytes": [
        537149440,
        537149440,
        537149440,
        537149440,
        537149440,
        537149440,
        537149440,
        537149440,
        537149440,
        537149440,
        537149440,
        537149440,
        537149440,
        537149440,
        537149440,
        537149440,
        10280
      ],
      "activation_parameters_bytes": [
        163053580,
        163053580,
        163053580,
        163053580,
        163053580,
        163053580,
        163053580,
        163053580,
        163053580,
        163053580,
        163053580,
        163053580,
        163053580,
        163053580,
        163053580,
        163053580,
        327680
      ]
    }
  },
  "execution_time": {
    "total_time_ms": 114.16804041462164,
    "forward_backward_time_ms": 49.71569578792765,
    "batch_generator_time_ms": 0.977566138396537,
    "layernorm_grads_all_reduce_time_ms": null,
    "embedding_grads_all_reduce_time_ms": null,
    "optimizer_time_ms": 62.893257468848184,
    "layer_compute_total_ms": [
      1.6381118606573426,
      2.980236895254123,
      2.879618639902856,
      2.824205687680419,
      2.8391263541841023,
      2.8991123332004753,
      2.796790858686161,
      2.791832857697837,
      2.8188743783823864,
      2.7747306707592916,
      2.778953721012875,
      2.826118892767678,
      2.7754539556093527,
      2.790911252808243,
      2.791984514198657,
      3.0461024801484133,
      0.10461965379596101
    ]
  },
  "execution_memory": {
    "total_memory_mb": 46482.0,
    "layer_memory_total_mb": [
      2254.802066040039,
      2378.914566040039,
      2378.914566040039,
      2378.914566040039,
      2378.914566040039,
      2378.914566040039,
      2378.914566040039,
      2378.914566040039,
      2378.914566040039,
      2378.914566040039,
      2378.914566040039,
      2378.914566040039,
      2378.914566040039,
      2378.914566040039,
      2378.914566040039,
      2378.914566040039,
      8.039222717285156
    ]
  }
}