{
  "model": {
    "model_name": "moe_2.4B",
    "num_layers": 17,
    "parameters": {
      "total_parameters_bytes": 8594401320,
      "parameters_per_layer_bytes": [
        537149440,
        537149440,
        537149440,
        537149440,
        537149440,
        537149440,
        537149440,
        537149440,
        537149440,
        537149440,
        537149440,
        537149440,
        537149440,
        537149440,
        537149440,
        537149440,
        10280
      ],
      "activation_parameters_bytes": [
        81526796,
        81526796,
        81526796,
        81526796,
        81526796,
        81526796,
        81526796,
        81526796,
        81526796,
        81526796,
        81526796,
        81526796,
        81526796,
        81526796,
        81526796,
        81526796,
        163840
      ]
    }
  },
  "execution_time": {
    "total_time_ms": 433.4219455718994,
    "forward_backward_time_ms": 173.00152778625488,
    "batch_generator_time_ms": 2.061939239501953,
    "layernorm_grads_all_reduce_time_ms": null,
    "embedding_grads_all_reduce_time_ms": null,
    "optimizer_time_ms": 256.389856338501,
    "layer_compute_total_ms": [
      5.780887603759766,
      10.02054214477539,
      9.544897079467773,
      9.55815315246582,
      9.686899185180664,
      9.91048812866211,
      9.606504440307617,
      9.584903717041016,
      9.753894805908203,
      9.56263542175293,
      9.562969207763672,
      10.141277313232422,
      9.638452529907227,
      9.603548049926758,
      9.566736221313477,
      10.410928726196289,
      0.4128456115722656
    ]
  },
  "execution_memory": {
    "total_memory_mb": 43784.0,
    "layer_memory_total_mb": [
      2152.2572906494142,
      2213.988540649414,
      2213.988540649414,
      2213.988540649414,
      2213.988540649414,
      2213.988540649414,
      2213.988540649414,
      2213.988540649414,
      2213.988540649414,
      2213.988540649414,
      2213.988540649414,
      2213.988540649414,
      2213.988540649414,
      2213.988540649414,
      2213.988540649414,
      2213.988540649414,
      4.039222717285156
    ]
  }
}