{
  "model": {
    "model_name": "moe_2.4B",
    "num_layers": 17,
    "parameters": {
      "total_parameters_bytes": 8594401320,
      "parameters_per_layer_bytes": [
        537149440,
        537149440,
        537149440,
        537149440,
        537149440,
        537149440,
        537149440,
        537149440,
        537149440,
        537149440,
        537149440,
        537149440,
        537149440,
        537149440,
        537149440,
        537149440,
        10280
      ],
      "activation_parameters_bytes": [
        326107148,
        326107148,
        326107148,
        326107148,
        326107148,
        326107148,
        326107148,
        326107148,
        326107148,
        326107148,
        326107148,
        326107148,
        326107148,
        326107148,
        326107148,
        326107148,
        655360
      ]
    }
  },
  "execution_time": {
    "total_time_ms": 217.20180168930298,
    "forward_backward_time_ms": 109.49453445777264,
    "batch_generator_time_ms": 3.9862475653565697,
    "layernorm_grads_all_reduce_time_ms": null,
    "embedding_grads_all_reduce_time_ms": null,
    "optimizer_time_ms": 103.72101966617376,
    "layer_compute_total_ms": [
      3.4944106430933957,
      7.5284463376226,
      7.064982929179568,
      7.06242953305611,
      7.053690754943933,
      7.206806474209178,
      7.039360919802807,
      7.27249038828156,
      7.115214394297924,
      7.069913625142106,
      7.380701555030834,
      7.07695747651716,
      7.054659284508003,
      7.040725666006724,
      6.036360508066154,
      6.7776158051128945,
      0.2197681629016974
    ]
  },
  "execution_memory": {
    "total_memory_mb": 52324.0,
    "layer_memory_total_mb": [
      2460.485366821289,
      2708.766616821289,
      2708.766616821289,
      2708.766616821289,
      2708.766616821289,
      2708.766616821289,
      2708.766616821289,
      2708.766616821289,
      2708.766616821289,
      2708.766616821289,
      2708.766616821289,
      2708.766616821289,
      2708.766616821289,
      2708.766616821289,
      2708.766616821289,
      2708.766616821289,
      16.039222717285156
    ]
  }
}