{
  "model": {
    "model_name": "moe_2.4B",
    "num_layers": 17,
    "parameters": {
      "total_parameters_bytes": 8594401320,
      "parameters_per_layer_bytes": [
        537149440,
        537149440,
        537149440,
        537149440,
        537149440,
        537149440,
        537149440,
        537149440,
        537149440,
        537149440,
        537149440,
        537149440,
        537149440,
        537149440,
        537149440,
        537149440,
        10280
      ],
      "activation_parameters_bytes": [
        40763404,
        40763404,
        40763404,
        40763404,
        40763404,
        40763404,
        40763404,
        40763404,
        40763404,
        40763404,
        40763404,
        40763404,
        40763404,
        40763404,
        40763404,
        40763404,
        81920
      ]
    }
  },
  "execution_time": {
    "total_time_ms": 415.1517868041992,
    "forward_backward_time_ms": 155.14960289001465,
    "batch_generator_time_ms": 1.53350830078125,
    "layernorm_grads_all_reduce_time_ms": null,
    "embedding_grads_all_reduce_time_ms": null,
    "optimizer_time_ms": 256.400203704834,
    "layer_compute_total_ms": [
      5.206489562988281,
      8.893775939941406,
      8.352804183959961,
      8.28256607055664,
      8.390140533447266,
      8.730888366699219,
      8.409500122070312,
      8.392143249511719,
      8.476877212524414,
      8.28394889831543,
      8.296918869018555,
      8.480215072631836,
      8.414173126220703,
      8.458948135375977,
      8.417844772338867,
      10.279655456542969,
      0.40869712829589844
    ]
  },
  "execution_memory": {
    "total_memory_mb": 42412.0,
    "layer_memory_total_mb": [
      2100.1536529541017,
      2131.5255279541016,
      2131.5255279541016,
      2131.5255279541016,
      2131.5255279541016,
      2131.5255279541016,
      2131.5255279541016,
      2131.5255279541016,
      2131.5255279541016,
      2131.5255279541016,
      2131.5255279541016,
      2131.5255279541016,
      2131.5255279541016,
      2131.5255279541016,
      2131.5255279541016,
      2131.5255279541016,
      2.0392227172851562
    ]
  }
}