{
  "model": {
    "model_name": "moe_2.4B",
    "num_layers": 17,
    "parameters": {
      "total_parameters_bytes": 8594401320,
      "parameters_per_layer_bytes": [
        537149440,
        537149440,
        537149440,
        537149440,
        537149440,
        537149440,
        537149440,
        537149440,
        537149440,
        537149440,
        537149440,
        537149440,
        537149440,
        537149440,
        537149440,
        537149440,
        10280
      ],
      "activation_parameters_bytes": [
        652214284,
        652214284,
        652214284,
        652214284,
        652214284,
        652214284,
        652214284,
        652214284,
        652214284,
        652214284,
        652214284,
        652214284,
        652214284,
        652214284,
        652214284,
        652214284,
        1310720
      ]
    }
  },
  "execution_time": {
    "total_time_ms": 278.5542974669155,
    "forward_backward_time_ms": 188.73867687244993,
    "batch_generator_time_ms": 7.7545979908329405,
    "layernorm_grads_all_reduce_time_ms": null,
    "embedding_grads_all_reduce_time_ms": null,
    "optimizer_time_ms": 82.06102260363264,
    "layer_compute_total_ms": [
      5.7940520207642825,
      12.54043274743592,
      12.508317187572782,
      12.410055460890772,
      12.426872656048715,
      12.485886923350343,
      12.410385641423979,
      12.38236432017259,
      12.365415052801366,
      12.245053242430123,
      12.32031239196547,
      10.011514007507012,
      12.16127543513807,
      12.088019380837505,
      12.019561950286194,
      12.026913970158907,
      0.5422444836659068
    ]
  },
  "execution_memory": {
    "total_memory_mb": 63040.0,
    "layer_memory_total_mb": [
      2875.2082183837892,
      3368.470718383789,
      3368.470718383789,
      3368.470718383789,
      3368.470718383789,
      3368.470718383789,
      3368.470718383789,
      3368.470718383789,
      3368.470718383789,
      3368.470718383789,
      3368.470718383789,
      3368.470718383789,
      3368.470718383789,
      3368.470718383789,
      3368.470718383789,
      3368.470718383789,
      32.039222717285156
    ]
  }
}