{
  "model": {
    "model_name": "moe_2.4B",
    "num_layers": 17,
    "parameters": {
      "total_parameters_bytes": 8594401320,
      "parameters_per_layer_bytes": [
        537149440,
        537149440,
        537149440,
        537149440,
        537149440,
        537149440,
        537149440,
        537149440,
        537149440,
        537149440,
        537149440,
        537149440,
        537149440,
        537149440,
        537149440,
        537149440,
        10280
      ],
      "activation_parameters_bytes": [
        20381708,
        20381708,
        20381708,
        20381708,
        20381708,
        20381708,
        20381708,
        20381708,
        20381708,
        20381708,
        20381708,
        20381708,
        20381708,
        20381708,
        20381708,
        20381708,
        40960
      ]
    }
  },
  "execution_time": {
    "total_time_ms": 190.9018216176936,
    "forward_backward_time_ms": 70.95460793598006,
    "batch_generator_time_ms": 0.35529626576485357,
    "layernorm_grads_all_reduce_time_ms": null,
    "embedding_grads_all_reduce_time_ms": null,
    "optimizer_time_ms": 118.64865766868671,
    "layer_compute_total_ms": [
      2.3838594256738808,
      3.9784553047729156,
      3.797230216114094,
      3.8039438869559428,
      3.798616974353558,
      3.964521686271636,
      3.8469113803437747,
      3.815896422257988,
      3.844666152717976,
      3.7685485337962943,
      3.7693849911470823,
      3.803481634209455,
      3.805044488733295,
      3.8156763019025175,
      3.819286275732233,
      4.877492872620875,
      0.3157626499223607
    ]
  },
  "execution_memory": {
    "total_memory_mb": 41722.0,
    "layer_memory_total_mb": [
      2074.6506622314455,
      2090.2940216064453,
      2090.2940216064453,
      2090.2940216064453,
      2090.2940216064453,
      2090.2940216064453,
      2090.2940216064453,
      2090.2940216064453,
      2090.2940216064453,
      2090.2940216064453,
      2090.2940216064453,
      2090.2940216064453,
      2090.2940216064453,
      2090.2940216064453,
      2090.2940216064453,
      2090.2940216064453,
      1.0392227172851562
    ]
  }
}