{
  "model": {
    "model_name": "moe_2.4B",
    "num_layers": 17,
    "parameters": {
      "total_parameters_bytes": 8594401320,
      "parameters_per_layer_bytes": [
        537149440,
        537149440,
        537149440,
        537149440,
        537149440,
        537149440,
        537149440,
        537149440,
        537149440,
        537149440,
        537149440,
        537149440,
        537149440,
        537149440,
        537149440,
        537149440,
        10280
      ],
      "activation_parameters_bytes": [
        81526796,
        81526796,
        81526796,
        81526796,
        81526796,
        81526796,
        81526796,
        81526796,
        81526796,
        81526796,
        81526796,
        81526796,
        81526796,
        81526796,
        81526796,
        81526796,
        163840
      ]
    }
  },
  "execution_time": {
    "total_time_ms": 200.07877130946994,
    "forward_backward_time_ms": 79.86197622841175,
    "batch_generator_time_ms": 0.9518444411253204,
    "layernorm_grads_all_reduce_time_ms": null,
    "embedding_grads_all_reduce_time_ms": null,
    "optimizer_time_ms": 118.35618375237313,
    "layer_compute_total_ms": [
      2.668607117510455,
      4.625741222069321,
      4.406171167487547,
      4.4122905133696255,
      4.471723009346647,
      4.574937444026741,
      4.434610717414329,
      4.424639265311518,
      4.502649919290246,
      4.414359644711048,
      4.414513728959878,
      4.681475696074439,
      4.44935878123085,
      4.433245971210413,
      4.416252679768093,
      4.805953757092979,
      0.1905802037663157
    ]
  },
  "execution_memory": {
    "total_memory_mb": 43784.0,
    "layer_memory_total_mb": [
      2152.2572906494142,
      2213.988540649414,
      2213.988540649414,
      2213.988540649414,
      2213.988540649414,
      2213.988540649414,
      2213.988540649414,
      2213.988540649414,
      2213.988540649414,
      2213.988540649414,
      2213.988540649414,
      2213.988540649414,
      2213.988540649414,
      2213.988540649414,
      2213.988540649414,
      2213.988540649414,
      4.039222717285156
    ]
  }
}