{
  "model": {
    "model_name": "moe_2.4B",
    "num_layers": 17,
    "parameters": {
      "total_parameters_bytes": 8594401320,
      "parameters_per_layer_bytes": [
        537149440,
        537149440,
        537149440,
        537149440,
        537149440,
        537149440,
        537149440,
        537149440,
        537149440,
        537149440,
        537149440,
        537149440,
        537149440,
        537149440,
        537149440,
        537149440,
        10280
      ],
      "activation_parameters_bytes": [
        326107148,
        326107148,
        326107148,
        326107148,
        326107148,
        326107148,
        326107148,
        326107148,
        326107148,
        326107148,
        326107148,
        326107148,
        326107148,
        326107148,
        326107148,
        326107148,
        655360
      ]
    }
  },
  "execution_time": {
    "total_time_ms": 115.11207880045244,
    "forward_backward_time_ms": 58.02964515345788,
    "batch_generator_time_ms": 2.1126217199515795,
    "layernorm_grads_all_reduce_time_ms": null,
    "embedding_grads_all_reduce_time_ms": null,
    "optimizer_time_ms": 54.969811927042976,
    "layer_compute_total_ms": [
      1.8519591926972356,
      3.9899075482856383,
      3.7442823463817625,
      3.7429291037590673,
      3.738297747541739,
      3.8194456413647435,
      3.7307032566160956,
      3.8542566412451125,
      3.770903895217889,
      3.746895504549726,
      3.911606130324165,
      3.7506285876468164,
      3.738811046467589,
      3.731426541466157,
      3.1991355553597667,
      3.5919842219051485,
      0.11647219262922331
    ]
  },
  "execution_memory": {
    "total_memory_mb": 52324.0,
    "layer_memory_total_mb": [
      2460.485366821289,
      2708.766616821289,
      2708.766616821289,
      2708.766616821289,
      2708.766616821289,
      2708.766616821289,
      2708.766616821289,
      2708.766616821289,
      2708.766616821289,
      2708.766616821289,
      2708.766616821289,
      2708.766616821289,
      2708.766616821289,
      2708.766616821289,
      2708.766616821289,
      2708.766616821289,
      16.039222717285156
    ]
  }
}