{
  "model": {
    "model_name": "moe_2.4B",
    "num_layers": 17,
    "parameters": {
      "total_parameters_bytes": 8594401320,
      "parameters_per_layer_bytes": [
        537149440,
        537149440,
        537149440,
        537149440,
        537149440,
        537149440,
        537149440,
        537149440,
        537149440,
        537149440,
        537149440,
        537149440,
        537149440,
        537149440,
        537149440,
        537149440,
        10280
      ],
      "activation_parameters_bytes": [
        1304428556,
        1304428556,
        1304428556,
        1304428556,
        1304428556,
        1304428556,
        1304428556,
        1304428556,
        1304428556,
        1304428556,
        1304428556,
        1304428556,
        1304428556,
        1304428556,
        1304428556,
        1304428556,
        2621440
      ]
    }
  },
  "execution_time": {
    "total_time_ms": 417.5043473521442,
    "forward_backward_time_ms": 345.6461013328868,
    "batch_generator_time_ms": 11.476877225909346,
    "layernorm_grads_all_reduce_time_ms": null,
    "embedding_grads_all_reduce_time_ms": null,
    "optimizer_time_ms": 60.381368793348,
    "layer_compute_total_ms": [
      10.163110896319512,
      22.91406675172737,
      22.75956427422266,
      22.7469954019253,
      22.753577000553864,
      22.737045961858033,
      22.562732652360985,
      22.594826200188578,
      18.15638538858906,
      22.55256309193825,
      22.598326113840557,
      22.65192542039761,
      22.726370124617716,
      22.566738842830546,
      22.482124578187705,
      22.411972220899273,
      0.2677764124298026
    ]
  },
  "execution_memory": {
    "total_memory_mb": 78904.0,
    "layer_memory_total_mb": [
      3693.853921508789,
      4687.878921508789,
      4687.878921508789,
      4687.878921508789,
      4687.878921508789,
      4687.878921508789,
      4687.878921508789,
      4687.878921508789,
      4687.878921508789,
      4687.878921508789,
      4687.878921508789,
      4687.878921508789,
      4687.878921508789,
      4687.878921508789,
      4687.878921508789,
      4687.878921508789,
      64.03922271728516
    ]
  }
}