{
  "model": {
    "model_name": "moe_2.4B",
    "num_layers": 17,
    "parameters": {
      "total_parameters_bytes": 8594401320,
      "parameters_per_layer_bytes": [
        537149440,
        537149440,
        537149440,
        537149440,
        537149440,
        537149440,
        537149440,
        537149440,
        537149440,
        537149440,
        537149440,
        537149440,
        537149440,
        537149440,
        537149440,
        537149440,
        10280
      ],
      "activation_parameters_bytes": [
        40763404,
        40763404,
        40763404,
        40763404,
        40763404,
        40763404,
        40763404,
        40763404,
        40763404,
        40763404,
        40763404,
        40763404,
        40763404,
        40763404,
        40763404,
        40763404,
        81920
      ]
    }
  },
  "execution_time": {
    "total_time_ms": 191.644793853513,
    "forward_backward_time_ms": 71.62106633623794,
    "batch_generator_time_ms": 0.7079070631929676,
    "layernorm_grads_all_reduce_time_ms": null,
    "embedding_grads_all_reduce_time_ms": null,
    "optimizer_time_ms": 118.36096036408684,
    "layer_compute_total_ms": [
      2.4034501373107506,
      4.1055968220926475,
      3.855870278811422,
      3.8234465504506248,
      3.873105702644758,
      4.0304037086639415,
      3.8820425890768586,
      3.874030208137734,
      3.913145595304833,
      3.824084899481489,
      3.830072173150285,
      3.9146864377931263,
      3.884199768560469,
      3.904869069939144,
      3.8858946952975915,
      4.745354623231964,
      0.1886651566737228
    ]
  },
  "execution_memory": {
    "total_memory_mb": 42412.0,
    "layer_memory_total_mb": [
      2100.1536529541017,
      2131.5255279541016,
      2131.5255279541016,
      2131.5255279541016,
      2131.5255279541016,
      2131.5255279541016,
      2131.5255279541016,
      2131.5255279541016,
      2131.5255279541016,
      2131.5255279541016,
      2131.5255279541016,
      2131.5255279541016,
      2131.5255279541016,
      2131.5255279541016,
      2131.5255279541016,
      2131.5255279541016,
      2.0392227172851562
    ]
  }
}