{
  "model": {
    "model_name": "moe_2.4B",
    "num_layers": 17,
    "parameters": {
      "total_parameters_bytes": 8594401320,
      "parameters_per_layer_bytes": [
        537149440,
        537149440,
        537149440,
        537149440,
        537149440,
        537149440,
        537149440,
        537149440,
        537149440,
        537149440,
        537149440,
        537149440,
        537149440,
        537149440,
        537149440,
        537149440,
        10280
      ],
      "activation_parameters_bytes": [
        652214284,
        652214284,
        652214284,
        652214284,
        652214284,
        652214284,
        652214284,
        652214284,
        652214284,
        652214284,
        652214284,
        652214284,
        652214284,
        652214284,
        652214284,
        652214284,
        1310720
      ]
    }
  },
  "execution_time": {
    "total_time_ms": 147.62752422322757,
    "forward_backward_time_ms": 100.02726163345899,
    "batch_generator_time_ms": 4.1097628474716,
    "layernorm_grads_all_reduce_time_ms": null,
    "embedding_grads_all_reduce_time_ms": null,
    "optimizer_time_ms": 43.49049974229697,
    "layer_compute_total_ms": [
      3.070717496819854,
      6.646147828366342,
      6.629127302620545,
      6.577050793416133,
      6.585963529310437,
      6.617239766133247,
      6.577225781686309,
      6.562375110490696,
      6.553392379288322,
      6.489603321866787,
      6.529488981582264,
      5.305877669433428,
      6.445202964780767,
      6.406378900571027,
      6.370097999221179,
      6.373994404703766,
      0.28737740316789734
    ]
  },
  "execution_memory": {
    "total_memory_mb": 63040.0,
    "layer_memory_total_mb": [
      2875.2082183837892,
      3368.470718383789,
      3368.470718383789,
      3368.470718383789,
      3368.470718383789,
      3368.470718383789,
      3368.470718383789,
      3368.470718383789,
      3368.470718383789,
      3368.470718383789,
      3368.470718383789,
      3368.470718383789,
      3368.470718383789,
      3368.470718383789,
      3368.470718383789,
      3368.470718383789,
      32.039222717285156
    ]
  }
}