{
  "model": {
    "model_name": "moe_2.4B",
    "num_layers": 17,
    "parameters": {
      "total_parameters_bytes": 8594401320,
      "parameters_per_layer_bytes": [
        537149440,
        537149440,
        537149440,
        537149440,
        537149440,
        537149440,
        537149440,
        537149440,
        537149440,
        537149440,
        537149440,
        537149440,
        537149440,
        537149440,
        537149440,
        537149440,
        10280
      ],
      "activation_parameters_bytes": [
        81526796,
        81526796,
        81526796,
        81526796,
        81526796,
        81526796,
        81526796,
        81526796,
        81526796,
        81526796,
        81526796,
        81526796,
        81526796,
        81526796,
        81526796,
        81526796,
        163840
      ]
    }
  },
  "execution_time": {
    "total_time_ms": 106.03725710442708,
    "forward_backward_time_ms": 42.32505453115468,
    "batch_generator_time_ms": 0.5044561852637094,
    "layernorm_grads_all_reduce_time_ms": null,
    "embedding_grads_all_reduce_time_ms": null,
    "optimizer_time_ms": 62.72612033906064,
    "layer_compute_total_ms": [
      1.4143018631020892,
      2.451539001628682,
      2.3351718019615646,
      2.3384149179021616,
      2.3699128065338626,
      2.4246141397909167,
      2.3502441249660673,
      2.3449594792067483,
      2.386303374507026,
      2.3395115110619322,
      2.3395931722546814,
      2.4810770216344107,
      2.358060267700601,
      2.349520840116006,
      2.340514777144275,
      2.547047599490807,
      0.10100322954565459
    ]
  },
  "execution_memory": {
    "total_memory_mb": 43784.0,
    "layer_memory_total_mb": [
      2152.2572906494142,
      2213.988540649414,
      2213.988540649414,
      2213.988540649414,
      2213.988540649414,
      2213.988540649414,
      2213.988540649414,
      2213.988540649414,
      2213.988540649414,
      2213.988540649414,
      2213.988540649414,
      2213.988540649414,
      2213.988540649414,
      2213.988540649414,
      2213.988540649414,
      2213.988540649414,
      4.039222717285156
    ]
  }
}