{
  "model": {
    "model_name": "moe_2.4B",
    "num_layers": 17,
    "parameters": {
      "total_parameters_bytes": 8594401320,
      "parameters_per_layer_bytes": [
        537149440,
        537149440,
        537149440,
        537149440,
        537149440,
        537149440,
        537149440,
        537149440,
        537149440,
        537149440,
        537149440,
        537149440,
        537149440,
        537149440,
        537149440,
        537149440,
        10280
      ],
      "activation_parameters_bytes": [
        652214284,
        652214284,
        652214284,
        652214284,
        652214284,
        652214284,
        652214284,
        652214284,
        652214284,
        652214284,
        652214284,
        652214284,
        652214284,
        652214284,
        652214284,
        652214284,
        1310720
      ]
    }
  },
  "execution_time": {
    "total_time_ms": 603.4200668334961,
    "forward_backward_time_ms": 408.8563919067383,
    "batch_generator_time_ms": 16.79844856262207,
    "layernorm_grads_all_reduce_time_ms": null,
    "embedding_grads_all_reduce_time_ms": null,
    "optimizer_time_ms": 177.76522636413574,
    "layer_compute_total_ms": [
      12.551403045654297,
      27.165794372558594,
      27.096223831176758,
      26.883363723754883,
      26.9197940826416,
      27.04763412475586,
      26.884078979492188,
      26.82337760925293,
      26.78666114807129,
      26.52592658996582,
      26.68895721435547,
      21.68750762939453,
      26.34444236755371,
      26.18575096130371,
      26.03745460510254,
      26.053380966186523,
      1.1746406555175781
    ]
  },
  "execution_memory": {
    "total_memory_mb": 63040.0,
    "layer_memory_total_mb": [
      2875.2082183837892,
      3368.470718383789,
      3368.470718383789,
      3368.470718383789,
      3368.470718383789,
      3368.470718383789,
      3368.470718383789,
      3368.470718383789,
      3368.470718383789,
      3368.470718383789,
      3368.470718383789,
      3368.470718383789,
      3368.470718383789,
      3368.470718383789,
      3368.470718383789,
      3368.470718383789,
      32.039222717285156
    ]
  }
}