{
  "model": {
    "model_name": "moe_2.4B",
    "num_layers": 17,
    "parameters": {
      "total_parameters_bytes": 8594401320,
      "parameters_per_layer_bytes": [
        537149440,
        537149440,
        537149440,
        537149440,
        537149440,
        537149440,
        537149440,
        537149440,
        537149440,
        537149440,
        537149440,
        537149440,
        537149440,
        537149440,
        537149440,
        537149440,
        10280
      ],
      "activation_parameters_bytes": [
        20381708,
        20381708,
        20381708,
        20381708,
        20381708,
        20381708,
        20381708,
        20381708,
        20381708,
        20381708,
        20381708,
        20381708,
        20381708,
        20381708,
        20381708,
        20381708,
        40960
      ]
    }
  },
  "execution_time": {
    "total_time_ms": 413.5423183441162,
    "forward_backward_time_ms": 153.70588302612305,
    "batch_generator_time_ms": 0.7696628570556641,
    "layernorm_grads_all_reduce_time_ms": null,
    "embedding_grads_all_reduce_time_ms": null,
    "optimizer_time_ms": 257.02342987060547,
    "layer_compute_total_ms": [
      5.164051055908203,
      8.618354797363281,
      8.225774765014648,
      8.240318298339844,
      8.228778839111328,
      8.588171005249023,
      8.333396911621094,
      8.266210556030273,
      8.328533172607422,
      8.163642883300781,
      8.165454864501953,
      8.239316940307617,
      8.24270248413086,
      8.26573371887207,
      8.273553848266602,
      10.565900802612305,
      0.6840229034423828
    ]
  },
  "execution_memory": {
    "total_memory_mb": 41722.0,
    "layer_memory_total_mb": [
      2074.6506622314455,
      2090.2940216064453,
      2090.2940216064453,
      2090.2940216064453,
      2090.2940216064453,
      2090.2940216064453,
      2090.2940216064453,
      2090.2940216064453,
      2090.2940216064453,
      2090.2940216064453,
      2090.2940216064453,
      2090.2940216064453,
      2090.2940216064453,
      2090.2940216064453,
      2090.2940216064453,
      2090.2940216064453,
      1.0392227172851562
    ]
  }
}