{
  "model": {
    "model_name": "moe_2.4B",
    "num_layers": 17,
    "parameters": {
      "total_parameters_bytes": 8594401320,
      "parameters_per_layer_bytes": [
        537149440,
        537149440,
        537149440,
        537149440,
        537149440,
        537149440,
        537149440,
        537149440,
        537149440,
        537149440,
        537149440,
        537149440,
        537149440,
        537149440,
        537149440,
        537149440,
        10280
      ],
      "activation_parameters_bytes": [
        163053580,
        163053580,
        163053580,
        163053580,
        163053580,
        163053580,
        163053580,
        163053580,
        163053580,
        163053580,
        163053580,
        163053580,
        163053580,
        163053580,
        163053580,
        163053580,
        327680
      ]
    }
  },
  "execution_time": {
    "total_time_ms": 466.65611267089844,
    "forward_backward_time_ms": 203.21040153503418,
    "batch_generator_time_ms": 3.9957523345947266,
    "layernorm_grads_all_reduce_time_ms": null,
    "embedding_grads_all_reduce_time_ms": null,
    "optimizer_time_ms": 257.0730209350586,
    "layer_compute_total_ms": [
      6.695699691772461,
      12.181568145751953,
      11.770296096801758,
      11.543798446655273,
      11.604785919189453,
      11.8499755859375,
      11.431741714477539,
      11.411476135253906,
      11.52200698852539,
      11.341571807861328,
      11.358833312988281,
      11.551618576049805,
      11.344528198242188,
      11.407709121704102,
      11.41209602355957,
      12.450790405273438,
      0.4276275634765625
    ]
  },
  "execution_memory": {
    "total_memory_mb": 46482.0,
    "layer_memory_total_mb": [
      2254.802066040039,
      2378.914566040039,
      2378.914566040039,
      2378.914566040039,
      2378.914566040039,
      2378.914566040039,
      2378.914566040039,
      2378.914566040039,
      2378.914566040039,
      2378.914566040039,
      2378.914566040039,
      2378.914566040039,
      2378.914566040039,
      2378.914566040039,
      2378.914566040039,
      2378.914566040039,
      8.039222717285156
    ]
  }
}