{
  "model": {
    "model_name": "moe_2.4B",
    "num_layers": 17,
    "parameters": {
      "total_parameters_bytes": 8594401320,
      "parameters_per_layer_bytes": [
        537149440,
        537149440,
        537149440,
        537149440,
        537149440,
        537149440,
        537149440,
        537149440,
        537149440,
        537149440,
        537149440,
        537149440,
        537149440,
        537149440,
        537149440,
        537149440,
        10280
      ],
      "activation_parameters_bytes": [
        1304428556,
        1304428556,
        1304428556,
        1304428556,
        1304428556,
        1304428556,
        1304428556,
        1304428556,
        1304428556,
        1304428556,
        1304428556,
        1304428556,
        1304428556,
        1304428556,
        1304428556,
        1304428556,
        2621440
      ]
    }
  },
  "execution_time": {
    "total_time_ms": 221.2679312885202,
    "forward_backward_time_ms": 183.18467408762734,
    "batch_generator_time_ms": 6.0824872783597135,
    "layernorm_grads_all_reduce_time_ms": null,
    "embedding_grads_all_reduce_time_ms": null,
    "optimizer_time_ms": 32.00076992253314,
    "layer_compute_total_ms": [
      5.386220617213623,
      12.143940966644255,
      12.062058122086512,
      12.055396901935143,
      12.058885001453985,
      12.050123922060502,
      11.95774178129219,
      11.97475064115331,
      9.622476652253198,
      11.952352142570765,
      11.976605516817175,
      12.005011946009098,
      12.044465967991473,
      11.95986497230366,
      11.91502131159986,
      11.877842137129775,
      0.1419154871128307
    ]
  },
  "execution_memory": {
    "total_memory_mb": 78904.0,
    "layer_memory_total_mb": [
      3693.853921508789,
      4687.878921508789,
      4687.878921508789,
      4687.878921508789,
      4687.878921508789,
      4687.878921508789,
      4687.878921508789,
      4687.878921508789,
      4687.878921508789,
      4687.878921508789,
      4687.878921508789,
      4687.878921508789,
      4687.878921508789,
      4687.878921508789,
      4687.878921508789,
      4687.878921508789,
      64.03922271728516
    ]
  }
}