{
  "model": {
    "model_name": "moe_2.4B",
    "num_layers": 17,
    "parameters": {
      "total_parameters_bytes": 8594401320,
      "parameters_per_layer_bytes": [
        537149440,
        537149440,
        537149440,
        537149440,
        537149440,
        537149440,
        537149440,
        537149440,
        537149440,
        537149440,
        537149440,
        537149440,
        537149440,
        537149440,
        537149440,
        537149440,
        10280
      ],
      "activation_parameters_bytes": [
        40763404,
        40763404,
        40763404,
        40763404,
        40763404,
        40763404,
        40763404,
        40763404,
        40763404,
        40763404,
        40763404,
        40763404,
        40763404,
        40763404,
        40763404,
        40763404,
        81920
      ]
    }
  },
  "execution_time": {
    "total_time_ms": 101.5674383922411,
    "forward_backward_time_ms": 37.95755729348301,
    "batch_generator_time_ms": 0.3751748512575943,
    "layernorm_grads_all_reduce_time_ms": null,
    "embedding_grads_all_reduce_time_ms": null,
    "optimizer_time_ms": 62.72865183603586,
    "layer_compute_total_ms": [
      1.273774616265989,
      2.175874146677906,
      2.04352468500137,
      2.0263408368700753,
      2.0526590727045635,
      2.136023484616465,
      2.0573954218839967,
      2.0531490398610566,
      2.0738793169345873,
      2.026679147525749,
      2.029852268158276,
      2.0746959288620754,
      2.058538678582481,
      2.0694929442955057,
      2.0594369517027182,
      2.51493141897115,
      0.09998829757863312
    ]
  },
  "execution_memory": {
    "total_memory_mb": 42412.0,
    "layer_memory_total_mb": [
      2100.1536529541017,
      2131.5255279541016,
      2131.5255279541016,
      2131.5255279541016,
      2131.5255279541016,
      2131.5255279541016,
      2131.5255279541016,
      2131.5255279541016,
      2131.5255279541016,
      2131.5255279541016,
      2131.5255279541016,
      2131.5255279541016,
      2131.5255279541016,
      2131.5255279541016,
      2131.5255279541016,
      2131.5255279541016,
      2.0392227172851562
    ]
  }
}