{
  "model": {
    "model_name": "moe_2.4B",
    "num_layers": 17,
    "parameters": {
      "total_parameters_bytes": 8594401320,
      "parameters_per_layer_bytes": [
        537149440,
        537149440,
        537149440,
        537149440,
        537149440,
        537149440,
        537149440,
        537149440,
        537149440,
        537149440,
        537149440,
        537149440,
        537149440,
        537149440,
        537149440,
        537149440,
        10280
      ],
      "activation_parameters_bytes": [
        2608857100,
        2608857100,
        2608857100,
        2608857100,
        2608857100,
        2608857100,
        2608857100,
        2608857100,
        2608857100,
        2608857100,
        2608857100,
        2608857100,
        2608857100,
        2608857100,
        2608857100,
        2608857100,
        5242880
      ]
    }
  },
  "execution_time": {
    "total_time_ms": 753.431584690122,
    "forward_backward_time_ms": 688.172238759371,
    "batch_generator_time_ms": 26.431391923825238,
    "layernorm_grads_all_reduce_time_ms": null,
    "embedding_grads_all_reduce_time_ms": null,
    "optimizer_time_ms": 38.82795400692567,
    "layer_compute_total_ms": [
      19.598415849311525,
      44.9583939549199,
      44.966472371965665,
      44.876927411360285,
      44.45077440316949,
      35.28414835606471,
      44.739682369724456,
      45.001251388129994,
      44.93312413811189,
      44.310183532130516,
      49.915064119403496,
      44.6224462684009,
      44.62691471161695,
      44.60389012243474,
      44.053281065260954,
      46.87645669638276,
      0.35481200098281857
    ]
  },
  "execution_memory": {
    "total_memory_mb": 130108.8,
    "layer_memory_total_mb": [
      5318.245327758789,
      7326.695327758789,
      7326.695327758789,
      7326.695327758789,
      7326.695327758789,
      7326.695327758789,
      7326.695327758789,
      7326.695327758789,
      7326.695327758789,
      7326.695327758789,
      7326.695327758789,
      7326.695327758789,
      7326.695327758789,
      7326.695327758789,
      7326.695327758789,
      7326.695327758789,
      128.03922271728516
    ]
  }
}