{
  "model": {
    "model_name": "moe_2.4B",
    "num_layers": 17,
    "parameters": {
      "total_parameters_bytes": 8594401320,
      "parameters_per_layer_bytes": [
        537149440,
        537149440,
        537149440,
        537149440,
        537149440,
        537149440,
        537149440,
        537149440,
        537149440,
        537149440,
        537149440,
        537149440,
        537149440,
        537149440,
        537149440,
        537149440,
        10280
      ],
      "activation_parameters_bytes": [
        20381708,
        20381708,
        20381708,
        20381708,
        20381708,
        20381708,
        20381708,
        20381708,
        20381708,
        20381708,
        20381708,
        20381708,
        20381708,
        20381708,
        20381708,
        20381708,
        40960
      ]
    }
  },
  "execution_time": {
    "total_time_ms": 101.17367978669081,
    "forward_backward_time_ms": 37.60434930307486,
    "batch_generator_time_ms": 0.18829904459418007,
    "layernorm_grads_all_reduce_time_ms": null,
    "embedding_grads_all_reduce_time_ms": null,
    "optimizer_time_ms": 62.88112494878264,
    "layer_compute_total_ms": [
      1.2633919789022061,
      2.108491996775423,
      2.0124467682180915,
      2.016004863045006,
      2.0131817189528314,
      2.1011074917739907,
      2.038776669937258,
      2.0223394384253814,
      2.0375867497000604,
      1.9972461204821264,
      1.997689424099906,
      2.0157598794667595,
      2.0165881572789264,
      2.0222227795785974,
      2.024135984665856,
      2.5849617246956322,
      0.16734711571175967
    ]
  },
  "execution_memory": {
    "total_memory_mb": 41722.0,
    "layer_memory_total_mb": [
      2074.6506622314455,
      2090.2940216064453,
      2090.2940216064453,
      2090.2940216064453,
      2090.2940216064453,
      2090.2940216064453,
      2090.2940216064453,
      2090.2940216064453,
      2090.2940216064453,
      2090.2940216064453,
      2090.2940216064453,
      2090.2940216064453,
      2090.2940216064453,
      2090.2940216064453,
      2090.2940216064453,
      2090.2940216064453,
      1.0392227172851562
    ]
  }
}