{
  "model": {
    "model_name": "moe_2.4B",
    "num_layers": 17,
    "parameters": {
      "total_parameters_bytes": 8594401320,
      "parameters_per_layer_bytes": [
        537149440,
        537149440,
        537149440,
        537149440,
        537149440,
        537149440,
        537149440,
        537149440,
        537149440,
        537149440,
        537149440,
        537149440,
        537149440,
        537149440,
        537149440,
        537149440,
        10280
      ],
      "activation_parameters_bytes": [
        2608857100,
        2608857100,
        2608857100,
        2608857100,
        2608857100,
        2608857100,
        2608857100,
        2608857100,
        2608857100,
        2608857100,
        2608857100,
        2608857100,
        2608857100,
        2608857100,
        2608857100,
        2608857100,
        5242880
      ]
    }
  },
  "execution_time": {
    "total_time_ms": 399.3018256435136,
    "forward_backward_time_ms": 364.71583734682184,
    "batch_generator_time_ms": 14.008044345291713,
    "layernorm_grads_all_reduce_time_ms": null,
    "embedding_grads_all_reduce_time_ms": null,
    "optimizer_time_ms": 20.577943951399984,
    "layer_compute_total_ms": [
      10.38672042342037,
      23.826939497875266,
      23.83122087755224,
      23.78376405868048,
      23.557912531306503,
      18.699806513484404,
      23.711027267710605,
      23.849652975344124,
      23.813547062264455,
      23.48340252586551,
      26.45386340975913,
      23.648894765913408,
      23.651262940503123,
      23.63906042512951,
      23.347249985783815,
      24.843469691097685,
      0.1880423951312551
    ]
  },
  "execution_memory": {
    "total_memory_mb": 130108.8,
    "layer_memory_total_mb": [
      5318.245327758789,
      7326.695327758789,
      7326.695327758789,
      7326.695327758789,
      7326.695327758789,
      7326.695327758789,
      7326.695327758789,
      7326.695327758789,
      7326.695327758789,
      7326.695327758789,
      7326.695327758789,
      7326.695327758789,
      7326.695327758789,
      7326.695327758789,
      7326.695327758789,
      7326.695327758789,
      128.03922271728516
    ]
  }
}