{
  "model": {
    "model_name": "moe_2.4B",
    "num_layers": 17,
    "parameters": {
      "total_parameters_bytes": 8594401320,
      "parameters_per_layer_bytes": [
        537149440,
        537149440,
        537149440,
        537149440,
        537149440,
        537149440,
        537149440,
        537149440,
        537149440,
        537149440,
        537149440,
        537149440,
        537149440,
        537149440,
        537149440,
        537149440,
        10280
      ],
      "activation_parameters_bytes": [
        163053580,
        163053580,
        163053580,
        163053580,
        163053580,
        163053580,
        163053580,
        163053580,
        163053580,
        163053580,
        163053580,
        163053580,
        163053580,
        163053580,
        163053580,
        163053580,
        327680
      ]
    }
  },
  "execution_time": {
    "total_time_ms": 215.42052173672946,
    "forward_backward_time_ms": 93.80717306038899,
    "batch_generator_time_ms": 1.844542542735731,
    "layernorm_grads_all_reduce_time_ms": null,
    "embedding_grads_all_reduce_time_ms": null,
    "optimizer_time_ms": 118.67155018565563,
    "layer_compute_total_ms": [
      3.0909080194805134,
      5.623326673061401,
      5.433472866468138,
      5.328915697619674,
      5.357069091084345,
      5.47025497786725,
      5.277187414084119,
      5.267832298976624,
      5.318856197374674,
      5.2355626548646566,
      5.243531011732687,
      5.33252567144939,
      5.236927401068573,
      5.266093348168408,
      5.268118455438736,
      5.747606625760017,
      0.19740393478589968
    ]
  },
  "execution_memory": {
    "total_memory_mb": 46482.0,
    "layer_memory_total_mb": [
      2254.802066040039,
      2378.914566040039,
      2378.914566040039,
      2378.914566040039,
      2378.914566040039,
      2378.914566040039,
      2378.914566040039,
      2378.914566040039,
      2378.914566040039,
      2378.914566040039,
      2378.914566040039,
      2378.914566040039,
      2378.914566040039,
      2378.914566040039,
      2378.914566040039,
      2378.914566040039,
      8.039222717285156
    ]
  }
}