{
  "model": {
    "model_name": "moe_10B",
    "num_layers": 17,
    "parameters": {
      "total_parameters_bytes": 38667697192,
      "parameters_per_layer_bytes": [
        2416730112,
        2416730112,
        2416730112,
        2416730112,
        2416730112,
        2416730112,
        2416730112,
        2416730112,
        2416730112,
        2416730112,
        2416730112,
        2416730112,
        2416730112,
        2416730112,
        2416730112,
        2416730112,
        15400
      ],
      "activation_parameters_bytes": [
        465567756,
        465567756,
        465567756,
        465567756,
        465567756,
        465567756,
        465567756,
        465567756,
        465567756,
        465567756,
        465567756,
        465567756,
        465567756,
        465567756,
        465567756,
        465567756,
        655360
      ]
    }
  },
  "execution_time": {
    "total_time_ms": 330.3887890739858,
    "forward_backward_time_ms": 219.18171825065303,
    "batch_generator_time_ms": 5.217688882000456,
    "layernorm_grads_all_reduce_time_ms": null,
    "embedding_grads_all_reduce_time_ms": null,
    "optimizer_time_ms": 105.9893819413323,
    "layer_compute_total_ms": [
      6.249921276943584,
      14.391843045262329,
      14.54975738827683,
      10.92769895104612,
      14.074121324176282,
      14.057722357693732,
      16.23755222588205,
      13.986095194023648,
      14.006588399117947,
      14.607891174156576,
      14.044757268756523,
      14.348171166736991,
      14.664682225867953,
      14.071501891946182,
      14.031946264068143,
      14.682093745985664,
      0.24937435071247294
    ]
  },
  "execution_memory": {
    "total_memory_mb": 200908.0,
    "layer_memory_total_mb": [
      9813.907241821289,
      10063.000991821289,
      10063.000991821289,
      10063.000991821289,
      10063.000991821289,
      10063.000991821289,
      10063.000991821289,
      10063.000991821289,
      10063.000991821289,
      10063.000991821289,
      10063.000991821289,
      10063.000991821289,
      10063.000991821289,
      10063.000991821289,
      10063.000991821289,
      10063.000991821289,
      24.058753967285156
    ]
  }
}