{
  "model": {
    "model_name": "moe_10B",
    "num_layers": 17,
    "parameters": {
      "total_parameters_bytes": 38667697192,
      "parameters_per_layer_bytes": [
        2416730112,
        2416730112,
        2416730112,
        2416730112,
        2416730112,
        2416730112,
        2416730112,
        2416730112,
        2416730112,
        2416730112,
        2416730112,
        2416730112,
        2416730112,
        2416730112,
        2416730112,
        2416730112,
        15400
      ],
      "activation_parameters_bytes": [
        29097996,
        29097996,
        29097996,
        29097996,
        29097996,
        29097996,
        29097996,
        29097996,
        29097996,
        29097996,
        29097996,
        29097996,
        29097996,
        29097996,
        29097996,
        29097996,
        40960
      ]
    }
  },
  "execution_time": {
    "total_time_ms": 128.34736327876172,
    "forward_backward_time_ms": 54.535012739194045,
    "batch_generator_time_ms": 0.23590751996676224,
    "layernorm_grads_all_reduce_time_ms": null,
    "embedding_grads_all_reduce_time_ms": null,
    "optimizer_time_ms": 73.57644301960093,
    "layer_compute_total_ms": [
      1.8947963212363492,
      3.8830597105161013,
      3.7534283999696343,
      3.731484870889549,
      3.1130179946637604,
      3.4501970595237803,
      3.443337519332877,
      3.4915526207087364,
      3.5487737850563263,
      3.437282925184783,
      3.4335148444336574,
      3.5036268113508884,
      3.424893755656314,
      3.432243263003711,
      3.457884877526851,
      3.4360580072935503,
      0.09985997284717063
    ]
  },
  "execution_memory": {
    "total_memory_mb": 185498.0,
    "layer_memory_total_mb": [
      9256.014138793946,
      9271.837966918945,
      9271.837966918945,
      9271.837966918945,
      9271.837966918945,
      9271.837966918945,
      9271.837966918945,
      9271.837966918945,
      9271.837966918945,
      9271.837966918945,
      9271.837966918945,
      9271.837966918945,
      9271.837966918945,
      9271.837966918945,
      9271.837966918945,
      9271.837966918945,
      1.5587539672851562
    ]
  }
}