{
  "model": {
    "model_name": "moe_10B",
    "num_layers": 17,
    "parameters": {
      "total_parameters_bytes": 38667697192,
      "parameters_per_layer_bytes": [
        2416730112,
        2416730112,
        2416730112,
        2416730112,
        2416730112,
        2416730112,
        2416730112,
        2416730112,
        2416730112,
        2416730112,
        2416730112,
        2416730112,
        2416730112,
        2416730112,
        2416730112,
        2416730112,
        15400
      ],
      "activation_parameters_bytes": [
        931135500,
        931135500,
        931135500,
        931135500,
        931135500,
        931135500,
        931135500,
        931135500,
        931135500,
        931135500,
        931135500,
        931135500,
        931135500,
        931135500,
        931135500,
        931135500,
        1310720
      ]
    }
  },
  "execution_time": {
    "total_time_ms": 450.6959875850357,
    "forward_backward_time_ms": 334.5928457310804,
    "batch_generator_time_ms": 10.020869122614506,
    "layernorm_grads_all_reduce_time_ms": null,
    "embedding_grads_all_reduce_time_ms": null,
    "optimizer_time_ms": 106.08227273134082,
    "layer_compute_total_ms": [
      8.79361009272456,
      21.74685655480976,
      21.581568179887,
      16.998992559525433,
      21.500013588185197,
      21.433008951979993,
      25.27732291212922,
      21.491098713788645,
      21.466687366366973,
      22.58315982134864,
      21.57291744991701,
      21.450882724844195,
      22.495904112440154,
      21.570584174149026,
      21.54491814070117,
      22.670679674683694,
      0.4146407135996869
    ]
  },
  "execution_memory": {
    "total_memory_mb": 217192.0,
    "layer_memory_total_mb": [
      10408.120718383789,
      10906.908218383789,
      10906.908218383789,
      10906.908218383789,
      10906.908218383789,
      10906.908218383789,
      10906.908218383789,
      10906.908218383789,
      10906.908218383789,
      10906.908218383789,
      10906.908218383789,
      10906.908218383789,
      10906.908218383789,
      10906.908218383789,
      10906.908218383789,
      10906.908218383789,
      48.058753967285156
    ]
  }
}