{
  "model": {
    "model_name": "moe_10B",
    "num_layers": 17,
    "parameters": {
      "total_parameters_bytes": 38667697192,
      "parameters_per_layer_bytes": [
        2416730112,
        2416730112,
        2416730112,
        2416730112,
        2416730112,
        2416730112,
        2416730112,
        2416730112,
        2416730112,
        2416730112,
        2416730112,
        2416730112,
        2416730112,
        2416730112,
        2416730112,
        2416730112,
        15400
      ],
      "activation_parameters_bytes": [
        29097996,
        29097996,
        29097996,
        29097996,
        29097996,
        29097996,
        29097996,
        29097996,
        29097996,
        29097996,
        29097996,
        29097996,
        29097996,
        29097996,
        29097996,
        29097996,
        40960
      ]
    }
  },
  "execution_time": {
    "total_time_ms": 242.1750943664564,
    "forward_backward_time_ms": 102.90060908929985,
    "batch_generator_time_ms": 0.44512738283234426,
    "layernorm_grads_all_reduce_time_ms": null,
    "embedding_grads_all_reduce_time_ms": null,
    "optimizer_time_ms": 138.8293578943242,
    "layer_compute_total_ms": [
      3.575238837622145,
      7.326838104047215,
      7.082240365048451,
      7.040835726184459,
      5.873867661657868,
      6.510081525074109,
      6.497138448172447,
      6.588114191088384,
      6.69608322544664,
      6.485714201723531,
      6.478604314241835,
      6.610896647879576,
      6.4623374199725685,
      6.476205002367207,
      6.524587456499612,
      6.483402937991091,
      0.1884230242827053
    ]
  },
  "execution_memory": {
    "total_memory_mb": 185498.0,
    "layer_memory_total_mb": [
      9256.014138793946,
      9271.837966918945,
      9271.837966918945,
      9271.837966918945,
      9271.837966918945,
      9271.837966918945,
      9271.837966918945,
      9271.837966918945,
      9271.837966918945,
      9271.837966918945,
      9271.837966918945,
      9271.837966918945,
      9271.837966918945,
      9271.837966918945,
      9271.837966918945,
      9271.837966918945,
      1.5587539672851562
    ]
  }
}