{
  "model": {
    "model_name": "moe_10B",
    "num_layers": 17,
    "parameters": {
      "total_parameters_bytes": 38667697192,
      "parameters_per_layer_bytes": [
        2416730112,
        2416730112,
        2416730112,
        2416730112,
        2416730112,
        2416730112,
        2416730112,
        2416730112,
        2416730112,
        2416730112,
        2416730112,
        2416730112,
        2416730112,
        2416730112,
        2416730112,
        2416730112,
        15400
      ],
      "activation_parameters_bytes": [
        931135500,
        931135500,
        931135500,
        931135500,
        931135500,
        931135500,
        931135500,
        931135500,
        931135500,
        931135500,
        931135500,
        931135500,
        931135500,
        931135500,
        931135500,
        931135500,
        1310720
      ]
    }
  },
  "execution_time": {
    "total_time_ms": 976.323127746582,
    "forward_backward_time_ms": 724.8139381408691,
    "batch_generator_time_ms": 21.707773208618164,
    "layernorm_grads_all_reduce_time_ms": null,
    "embedding_grads_all_reduce_time_ms": null,
    "optimizer_time_ms": 229.80141639709473,
    "layer_compute_total_ms": [
      19.04921531677246,
      47.109270095825195,
      46.75121307373047,
      36.82417869567871,
      46.57454490661621,
      46.42939567565918,
      54.75716590881348,
      46.555233001708984,
      46.50235176086426,
      48.92091751098633,
      46.732473373413086,
      46.46811485290527,
      48.73189926147461,
      46.72741889953613,
      46.67181968688965,
      49.11050796508789,
      0.8982181549072266
    ]
  },
  "execution_memory": {
    "total_memory_mb": 217192.0,
    "layer_memory_total_mb": [
      10408.120718383789,
      10906.908218383789,
      10906.908218383789,
      10906.908218383789,
      10906.908218383789,
      10906.908218383789,
      10906.908218383789,
      10906.908218383789,
      10906.908218383789,
      10906.908218383789,
      10906.908218383789,
      10906.908218383789,
      10906.908218383789,
      10906.908218383789,
      10906.908218383789,
      10906.908218383789,
      48.058753967285156
    ]
  }
}