{
  "model": {
    "model_name": "moe_10B",
    "num_layers": 17,
    "parameters": {
      "total_parameters_bytes": 38667697192,
      "parameters_per_layer_bytes": [
        2416730112,
        2416730112,
        2416730112,
        2416730112,
        2416730112,
        2416730112,
        2416730112,
        2416730112,
        2416730112,
        2416730112,
        2416730112,
        2416730112,
        2416730112,
        2416730112,
        2416730112,
        2416730112,
        15400
      ],
      "activation_parameters_bytes": [
        29097996,
        29097996,
        29097996,
        29097996,
        29097996,
        29097996,
        29097996,
        29097996,
        29097996,
        29097996,
        29097996,
        29097996,
        29097996,
        29097996,
        29097996,
        29097996,
        40960
      ]
    }
  },
  "execution_time": {
    "total_time_ms": 524.6133804321289,
    "forward_backward_time_ms": 222.90911674499512,
    "batch_generator_time_ms": 0.9642601013183594,
    "layernorm_grads_all_reduce_time_ms": null,
    "embedding_grads_all_reduce_time_ms": null,
    "optimizer_time_ms": 300.74000358581543,
    "layer_compute_total_ms": [
      7.744884490966797,
      15.871810913085938,
      15.341949462890625,
      15.252256393432617,
      12.72430419921875,
      14.102506637573242,
      14.074468612670898,
      14.27154541015625,
      14.505434036254883,
      14.049720764160156,
      14.034318923950195,
      14.320898056030273,
      13.999080657958984,
      14.029121398925781,
      14.133930206298828,
      14.044713973999023,
      0.408172607421875
    ]
  },
  "execution_memory": {
    "total_memory_mb": 185498.0,
    "layer_memory_total_mb": [
      9256.014138793946,
      9271.837966918945,
      9271.837966918945,
      9271.837966918945,
      9271.837966918945,
      9271.837966918945,
      9271.837966918945,
      9271.837966918945,
      9271.837966918945,
      9271.837966918945,
      9271.837966918945,
      9271.837966918945,
      9271.837966918945,
      9271.837966918945,
      9271.837966918945,
      9271.837966918945,
      1.5587539672851562
    ]
  }
}