{
  "model": {
    "model_name": "moe_10B",
    "num_layers": 17,
    "parameters": {
      "total_parameters_bytes": 38667697192,
      "parameters_per_layer_bytes": [
        2416730112,
        2416730112,
        2416730112,
        2416730112,
        2416730112,
        2416730112,
        2416730112,
        2416730112,
        2416730112,
        2416730112,
        2416730112,
        2416730112,
        2416730112,
        2416730112,
        2416730112,
        2416730112,
        15400
      ],
      "activation_parameters_bytes": [
        232783884,
        232783884,
        232783884,
        232783884,
        232783884,
        232783884,
        232783884,
        232783884,
        232783884,
        232783884,
        232783884,
        232783884,
        232783884,
        232783884,
        232783884,
        232783884,
        327680
      ]
    }
  },
  "execution_time": {
    "total_time_ms": 166.20864202599384,
    "forward_backward_time_ms": 91.91947178196558,
    "batch_generator_time_ms": 1.5739494949261,
    "layernorm_grads_all_reduce_time_ms": null,
    "embedding_grads_all_reduce_time_ms": null,
    "optimizer_time_ms": 72.71522074910216,
    "layer_compute_total_ms": [
      2.762668146001818,
      6.088576870161842,
      6.041411698407039,
      6.057907259342308,
      4.517415521673882,
      5.914813517876958,
      5.861873733206344,
      5.929897506766139,
      6.892146338579927,
      5.862527022748334,
      5.82841597594867,
      5.798224666400951,
      6.050977723843333,
      5.955095817671499,
      5.931285747042869,
      6.168569841401684,
      0.2576643948919927
    ]
  },
  "execution_memory": {
    "total_memory_mb": 192410.0,
    "layer_memory_total_mb": [
      9516.009878540039,
      9641.047378540039,
      9641.047378540039,
      9641.047378540039,
      9641.047378540039,
      9641.047378540039,
      9641.047378540039,
      9641.047378540039,
      9641.047378540039,
      9641.047378540039,
      9641.047378540039,
      9641.047378540039,
      9641.047378540039,
      9641.047378540039,
      9641.047378540039,
      9641.047378540039,
      12.058753967285156
    ]
  }
}