{
  "model": {
    "model_name": "moe_10B",
    "num_layers": 17,
    "parameters": {
      "total_parameters_bytes": 38667697192,
      "parameters_per_layer_bytes": [
        2416730112,
        2416730112,
        2416730112,
        2416730112,
        2416730112,
        2416730112,
        2416730112,
        2416730112,
        2416730112,
        2416730112,
        2416730112,
        2416730112,
        2416730112,
        2416730112,
        2416730112,
        2416730112,
        15400
      ],
      "activation_parameters_bytes": [
        931135500,
        931135500,
        931135500,
        931135500,
        931135500,
        931135500,
        931135500,
        931135500,
        931135500,
        931135500,
        931135500,
        931135500,
        931135500,
        931135500,
        931135500,
        931135500,
        1310720
      ]
    }
  },
  "execution_time": {
    "total_time_ms": 238.8587554727058,
    "forward_backward_time_ms": 177.32669675990363,
    "batch_generator_time_ms": 5.310835670421752,
    "layernorm_grads_all_reduce_time_ms": null,
    "embedding_grads_all_reduce_time_ms": null,
    "optimizer_time_ms": 56.22122304238046,
    "layer_compute_total_ms": [
      4.6604159360618045,
      11.525345765687005,
      11.437746637636842,
      9.009084435862517,
      11.39452453490334,
      11.359013581942268,
      13.396413677487475,
      11.389799851608586,
      11.376862385500232,
      11.968567722273752,
      11.433161944958227,
      11.368486280301136,
      11.922324155408543,
      11.431925361182318,
      11.418322939647293,
      12.014951279755103,
      0.21975026968716743
    ]
  },
  "execution_memory": {
    "total_memory_mb": 217192.0,
    "layer_memory_total_mb": [
      10408.120718383789,
      10906.908218383789,
      10906.908218383789,
      10906.908218383789,
      10906.908218383789,
      10906.908218383789,
      10906.908218383789,
      10906.908218383789,
      10906.908218383789,
      10906.908218383789,
      10906.908218383789,
      10906.908218383789,
      10906.908218383789,
      10906.908218383789,
      10906.908218383789,
      10906.908218383789,
      48.058753967285156
    ]
  }
}