{
  "model": {
    "model_name": "moe_10B",
    "num_layers": 17,
    "parameters": {
      "total_parameters_bytes": 38667697192,
      "parameters_per_layer_bytes": [
        2416730112,
        2416730112,
        2416730112,
        2416730112,
        2416730112,
        2416730112,
        2416730112,
        2416730112,
        2416730112,
        2416730112,
        2416730112,
        2416730112,
        2416730112,
        2416730112,
        2416730112,
        2416730112,
        15400
      ],
      "activation_parameters_bytes": [
        116391948,
        116391948,
        116391948,
        116391948,
        116391948,
        116391948,
        116391948,
        116391948,
        116391948,
        116391948,
        116391948,
        116391948,
        116391948,
        116391948,
        116391948,
        116391948,
        163840
      ]
    }
  },
  "execution_time": {
    "total_time_ms": 283.07402872579024,
    "forward_backward_time_ms": 142.9275806845086,
    "batch_generator_time_ms": 1.392217224279503,
    "layernorm_grads_all_reduce_time_ms": null,
    "embedding_grads_all_reduce_time_ms": null,
    "optimizer_time_ms": 138.75423081700217,
    "layer_compute_total_ms": [
      4.164523041252087,
      9.590643887847511,
      9.555116462474581,
      9.56057544729025,
      7.9422946179425935,
      9.121765518659906,
      9.102306879236318,
      9.85115632854679,
      10.103370231844831,
      9.050402499416386,
      9.052999919610938,
      9.000215058369124,
      9.196540403413218,
      9.107149527056668,
      9.188131805834248,
      9.109680911144578,
      0.23070814456857877
    ]
  },
  "execution_memory": {
    "total_memory_mb": 188490.0,
    "layer_memory_total_mb": [
      9367.497134399415,
      9430.070571899414,
      9430.070571899414,
      9430.070571899414,
      9430.070571899414,
      9430.070571899414,
      9430.070571899414,
      9430.070571899414,
      9430.070571899414,
      9430.070571899414,
      9430.070571899414,
      9430.070571899414,
      9430.070571899414,
      9430.070571899414,
      9430.070571899414,
      9430.070571899414,
      6.058753967285156
    ]
  }
}