{
  "model": {
    "model_name": "moe_10B",
    "num_layers": 17,
    "parameters": {
      "total_parameters_bytes": 38667697192,
      "parameters_per_layer_bytes": [
        2416730112,
        2416730112,
        2416730112,
        2416730112,
        2416730112,
        2416730112,
        2416730112,
        2416730112,
        2416730112,
        2416730112,
        2416730112,
        2416730112,
        2416730112,
        2416730112,
        2416730112,
        2416730112,
        15400
      ],
      "activation_parameters_bytes": [
        116391948,
        116391948,
        116391948,
        116391948,
        116391948,
        116391948,
        116391948,
        116391948,
        116391948,
        116391948,
        116391948,
        116391948,
        116391948,
        116391948,
        116391948,
        116391948,
        163840
      ]
    }
  },
  "execution_time": {
    "total_time_ms": 150.02288032424502,
    "forward_backward_time_ms": 75.74840909491157,
    "batch_generator_time_ms": 0.7378438741399356,
    "layernorm_grads_all_reduce_time_ms": null,
    "embedding_grads_all_reduce_time_ms": null,
    "optimizer_time_ms": 73.53662735519353,
    "layer_compute_total_ms": [
      2.207103719962004,
      5.082825954382271,
      5.063997216511321,
      5.066890355911567,
      4.209237846124383,
      4.834330944847507,
      4.824018302791795,
      5.220891699551228,
      5.354559406196424,
      4.7965101467201094,
      4.797886721112162,
      4.76991192965334,
      4.873959955100059,
      4.826584797421044,
      4.8695035871529075,
      4.827926374159061,
      0.12227013731439199
    ]
  },
  "execution_memory": {
    "total_memory_mb": 188490.0,
    "layer_memory_total_mb": [
      9367.497134399415,
      9430.070571899414,
      9430.070571899414,
      9430.070571899414,
      9430.070571899414,
      9430.070571899414,
      9430.070571899414,
      9430.070571899414,
      9430.070571899414,
      9430.070571899414,
      9430.070571899414,
      9430.070571899414,
      9430.070571899414,
      9430.070571899414,
      9430.070571899414,
      9430.070571899414,
      6.058753967285156
    ]
  }
}