{
  "model": {
    "model_name": "moe_10B",
    "num_layers": 17,
    "parameters": {
      "total_parameters_bytes": 38667697192,
      "parameters_per_layer_bytes": [
        2416730112,
        2416730112,
        2416730112,
        2416730112,
        2416730112,
        2416730112,
        2416730112,
        2416730112,
        2416730112,
        2416730112,
        2416730112,
        2416730112,
        2416730112,
        2416730112,
        2416730112,
        2416730112,
        15400
      ],
      "activation_parameters_bytes": [
        465567756,
        465567756,
        465567756,
        465567756,
        465567756,
        465567756,
        465567756,
        465567756,
        465567756,
        465567756,
        465567756,
        465567756,
        465567756,
        465567756,
        465567756,
        465567756,
        655360
      ]
    }
  },
  "execution_time": {
    "total_time_ms": 175.09864111105918,
    "forward_backward_time_ms": 116.16139012962118,
    "batch_generator_time_ms": 2.7652579724004243,
    "layernorm_grads_all_reduce_time_ms": null,
    "embedding_grads_all_reduce_time_ms": null,
    "optimizer_time_ms": 56.17199300903758,
    "layer_compute_total_ms": [
      3.312317968509679,
      7.6273537227825425,
      7.71104477946544,
      5.791435121518117,
      7.458968343334405,
      7.45027725924899,
      8.605538153067034,
      7.412316470505451,
      7.423177409141049,
      7.741854380901114,
      7.443406053173408,
      7.604208607580581,
      7.771952363371407,
      7.457580103057674,
      7.436616508290575,
      7.781180078152027,
      0.13216280752168177
    ]
  },
  "execution_memory": {
    "total_memory_mb": 200908.0,
    "layer_memory_total_mb": [
      9813.907241821289,
      10063.000991821289,
      10063.000991821289,
      10063.000991821289,
      10063.000991821289,
      10063.000991821289,
      10063.000991821289,
      10063.000991821289,
      10063.000991821289,
      10063.000991821289,
      10063.000991821289,
      10063.000991821289,
      10063.000991821289,
      10063.000991821289,
      10063.000991821289,
      10063.000991821289,
      24.058753967285156
    ]
  }
}