{
  "model": {
    "model_name": "moe_10B",
    "num_layers": 17,
    "parameters": {
      "total_parameters_bytes": 38667697192,
      "parameters_per_layer_bytes": [
        2416730112,
        2416730112,
        2416730112,
        2416730112,
        2416730112,
        2416730112,
        2416730112,
        2416730112,
        2416730112,
        2416730112,
        2416730112,
        2416730112,
        2416730112,
        2416730112,
        2416730112,
        2416730112,
        15400
      ],
      "activation_parameters_bytes": [
        1862270988,
        1862270988,
        1862270988,
        1862270988,
        1862270988,
        1862270988,
        1862270988,
        1862270988,
        1862270988,
        1862270988,
        1862270988,
        1862270988,
        1862270988,
        1862270988,
        1862270988,
        1862270988,
        2621440
      ]
    }
  },
  "execution_time": {
    "total_time_ms": 1660.0082874298096,
    "forward_backward_time_ms": 1386.3524913787842,
    "batch_generator_time_ms": 44.028282165527344,
    "layernorm_grads_all_reduce_time_ms": null,
    "embedding_grads_all_reduce_time_ms": null,
    "optimizer_time_ms": 229.62751388549805,
    "layer_compute_total_ms": [
      35.85367202758789,
      91.38236045837402,
      90.15512466430664,
      68.79596710205078,
      90.67206382751465,
      89.04509544372559,
      99.04055595397949,
      90.33207893371582,
      88.61799240112305,
      94.53706741333008,
      90.05975723266602,
      89.89768028259277,
      94.55442428588867,
      90.32607078552246,
      88.85965347290039,
      93.53375434875488,
      0.6891727447509766
    ]
  },
  "execution_memory": {
    "total_memory_mb": 250028.0,
    "layer_memory_total_mb": [
      11596.647671508788,
      12594.722671508789,
      12594.722671508789,
      12594.722671508789,
      12594.722671508789,
      12594.722671508789,
      12594.722671508789,
      12594.722671508789,
      12594.722671508789,
      12594.722671508789,
      12594.722671508789,
      12594.722671508789,
      12594.722671508789,
      12594.722671508789,
      12594.722671508789,
      12594.722671508789,
      96.05875396728516
    ]
  }
}