{
  "model": {
    "model_name": "moe_10B",
    "num_layers": 17,
    "parameters": {
      "total_parameters_bytes": 38667697192,
      "parameters_per_layer_bytes": [
        2416730112,
        2416730112,
        2416730112,
        2416730112,
        2416730112,
        2416730112,
        2416730112,
        2416730112,
        2416730112,
        2416730112,
        2416730112,
        2416730112,
        2416730112,
        2416730112,
        2416730112,
        2416730112,
        15400
      ],
      "activation_parameters_bytes": [
        58195980,
        58195980,
        58195980,
        58195980,
        58195980,
        58195980,
        58195980,
        58195980,
        58195980,
        58195980,
        58195980,
        58195980,
        58195980,
        58195980,
        58195980,
        58195980,
        81920
      ]
    }
  },
  "execution_time": {
    "total_time_ms": 131.37358709141816,
    "forward_backward_time_ms": 57.56919268520112,
    "batch_generator_time_ms": 0.40831762962895085,
    "layernorm_grads_all_reduce_time_ms": null,
    "embedding_grads_all_reduce_time_ms": null,
    "optimizer_time_ms": 73.39607677658807,
    "layer_compute_total_ms": [
      1.9337720419469095,
      3.9302132163862256,
      3.921790447648415,
      3.940210879555621,
      3.225722106541858,
      3.652751815194975,
      3.6826864752797692,
      3.729944974111999,
      3.897700395787503,
      3.646522232776705,
      3.6521101915376626,
      3.6134727814827756,
      3.664231045718528,
      3.645810613811322,
      3.6350080045991167,
      3.6584564328027165,
      0.1387890300190174
    ]
  },
  "execution_memory": {
    "total_memory_mb": 186516.0,
    "layer_memory_total_mb": [
      9293.5501373291,
      9324.582168579102,
      9324.582168579102,
      9324.582168579102,
      9324.582168579102,
      9324.582168579102,
      9324.582168579102,
      9324.582168579102,
      9324.582168579102,
      9324.582168579102,
      9324.582168579102,
      9324.582168579102,
      9324.582168579102,
      9324.582168579102,
      9324.582168579102,
      9324.582168579102,
      3.0587539672851562
    ]
  }
}