{
  "model": {
    "model_name": "moe_10B",
    "num_layers": 17,
    "parameters": {
      "total_parameters_bytes": 38667697192,
      "parameters_per_layer_bytes": [
        2416730112,
        2416730112,
        2416730112,
        2416730112,
        2416730112,
        2416730112,
        2416730112,
        2416730112,
        2416730112,
        2416730112,
        2416730112,
        2416730112,
        2416730112,
        2416730112,
        2416730112,
        2416730112,
        15400
      ],
      "activation_parameters_bytes": [
        116391948,
        116391948,
        116391948,
        116391948,
        116391948,
        116391948,
        116391948,
        116391948,
        116391948,
        116391948,
        116391948,
        116391948,
        116391948,
        116391948,
        116391948,
        116391948,
        163840
      ]
    }
  },
  "execution_time": {
    "total_time_ms": 613.2109642028809,
    "forward_backward_time_ms": 309.61780548095703,
    "batch_generator_time_ms": 3.015899658203125,
    "layernorm_grads_all_reduce_time_ms": null,
    "embedding_grads_all_reduce_time_ms": null,
    "optimizer_time_ms": 300.5772590637207,
    "layer_compute_total_ms": [
      9.021425247192383,
      20.775794982910156,
      20.698833465576172,
      20.71065902709961,
      17.205047607421875,
      19.76008415222168,
      19.717931747436523,
      21.340131759643555,
      21.886491775512695,
      19.605493545532227,
      19.611120223999023,
      19.496774673461914,
      19.92206573486328,
      19.728422164916992,
      19.903850555419922,
      19.733905792236328,
      0.4997730255126953
    ]
  },
  "execution_memory": {
    "total_memory_mb": 188490.0,
    "layer_memory_total_mb": [
      9367.497134399415,
      9430.070571899414,
      9430.070571899414,
      9430.070571899414,
      9430.070571899414,
      9430.070571899414,
      9430.070571899414,
      9430.070571899414,
      9430.070571899414,
      9430.070571899414,
      9430.070571899414,
      9430.070571899414,
      9430.070571899414,
      9430.070571899414,
      9430.070571899414,
      9430.070571899414,
      6.058753967285156
    ]
  }
}