{
  "model": {
    "model_name": "moe_10B",
    "num_layers": 17,
    "parameters": {
      "total_parameters_bytes": 38667697192,
      "parameters_per_layer_bytes": [
        2416730112,
        2416730112,
        2416730112,
        2416730112,
        2416730112,
        2416730112,
        2416730112,
        2416730112,
        2416730112,
        2416730112,
        2416730112,
        2416730112,
        2416730112,
        2416730112,
        2416730112,
        2416730112,
        15400
      ],
      "activation_parameters_bytes": [
        232783884,
        232783884,
        232783884,
        232783884,
        232783884,
        232783884,
        232783884,
        232783884,
        232783884,
        232783884,
        232783884,
        232783884,
        232783884,
        232783884,
        232783884,
        232783884,
        327680
      ]
    }
  },
  "execution_time": {
    "total_time_ms": 679.3694496154785,
    "forward_backward_time_ms": 375.7162094116211,
    "batch_generator_time_ms": 6.433439254760742,
    "layernorm_grads_all_reduce_time_ms": null,
    "embedding_grads_all_reduce_time_ms": null,
    "optimizer_time_ms": 297.2198009490967,
    "layer_compute_total_ms": [
      11.292266845703125,
      24.886751174926758,
      24.693965911865234,
      24.761390686035156,
      18.46470832824707,
      24.176502227783203,
      23.960113525390625,
      24.238157272338867,
      28.171300888061523,
      23.962783813476562,
      23.82335662841797,
      23.699951171875,
      24.73306655883789,
      24.341154098510742,
      24.243831634521484,
      25.21371841430664,
      1.0531902313232422
    ]
  },
  "execution_memory": {
    "total_memory_mb": 192410.0,
    "layer_memory_total_mb": [
      9516.009878540039,
      9641.047378540039,
      9641.047378540039,
      9641.047378540039,
      9641.047378540039,
      9641.047378540039,
      9641.047378540039,
      9641.047378540039,
      9641.047378540039,
      9641.047378540039,
      9641.047378540039,
      9641.047378540039,
      9641.047378540039,
      9641.047378540039,
      9641.047378540039,
      9641.047378540039,
      12.058753967285156
    ]
  }
}