{
  "model": {
    "model_name": "moe_10B",
    "num_layers": 17,
    "parameters": {
      "total_parameters_bytes": 38667697192,
      "parameters_per_layer_bytes": [
        2416730112,
        2416730112,
        2416730112,
        2416730112,
        2416730112,
        2416730112,
        2416730112,
        2416730112,
        2416730112,
        2416730112,
        2416730112,
        2416730112,
        2416730112,
        2416730112,
        2416730112,
        2416730112,
        15400
      ],
      "activation_parameters_bytes": [
        1862270988,
        1862270988,
        1862270988,
        1862270988,
        1862270988,
        1862270988,
        1862270988,
        1862270988,
        1862270988,
        1862270988,
        1862270988,
        1862270988,
        1862270988,
        1862270988,
        1862270988,
        1862270988,
        2621440
      ]
    }
  },
  "execution_time": {
    "total_time_ms": 766.3027262596166,
    "forward_backward_time_ms": 639.9761385199074,
    "batch_generator_time_ms": 20.324592902008543,
    "layernorm_grads_all_reduce_time_ms": null,
    "embedding_grads_all_reduce_time_ms": null,
    "optimizer_time_ms": 106.00199483770075,
    "layer_compute_total_ms": [
      16.550981600036426,
      42.18445924731683,
      41.617935488442534,
      31.757996357712475,
      41.85656796580805,
      41.10551731294287,
      45.71968020431445,
      41.69962215235762,
      40.90835551054799,
      43.64075350707378,
      41.57391141734845,
      41.499092508524036,
      43.64876588801291,
      41.69684863587869,
      41.019912506700415,
      43.17759826712841,
      0.31813994976144155
    ]
  },
  "execution_memory": {
    "total_memory_mb": 250028.0,
    "layer_memory_total_mb": [
      11596.647671508788,
      12594.722671508789,
      12594.722671508789,
      12594.722671508789,
      12594.722671508789,
      12594.722671508789,
      12594.722671508789,
      12594.722671508789,
      12594.722671508789,
      12594.722671508789,
      12594.722671508789,
      12594.722671508789,
      12594.722671508789,
      12594.722671508789,
      12594.722671508789,
      12594.722671508789,
      96.05875396728516
    ]
  }
}