{
  "model": {
    "model_name": "moe_10B",
    "num_layers": 17,
    "parameters": {
      "total_parameters_bytes": 38667697192,
      "parameters_per_layer_bytes": [
        2416730112,
        2416730112,
        2416730112,
        2416730112,
        2416730112,
        2416730112,
        2416730112,
        2416730112,
        2416730112,
        2416730112,
        2416730112,
        2416730112,
        2416730112,
        2416730112,
        2416730112,
        2416730112,
        15400
      ],
      "activation_parameters_bytes": [
        1862270988,
        1862270988,
        1862270988,
        1862270988,
        1862270988,
        1862270988,
        1862270988,
        1862270988,
        1862270988,
        1862270988,
        1862270988,
        1862270988,
        1862270988,
        1862270988,
        1862270988,
        1862270988,
        2621440
      ]
    }
  },
  "execution_time": {
    "total_time_ms": 406.1232417232883,
    "forward_backward_time_ms": 339.17298620336896,
    "batch_generator_time_ms": 10.771577958961045,
    "layernorm_grads_all_reduce_time_ms": null,
    "embedding_grads_all_reduce_time_ms": null,
    "optimizer_time_ms": 56.178677560958306,
    "layer_compute_total_ms": [
      8.771648685002884,
      22.356816376586995,
      22.056571502618812,
      16.8310251150809,
      22.18304135841743,
      21.78500137319016,
      24.230404119478,
      22.099863600660385,
      21.68051004412566,
      23.128619641025775,
      22.033239733262,
      21.993587391240087,
      23.132866023048717,
      22.098393699190904,
      21.73963274767583,
      22.883157761507398,
      0.1686070312570277
    ]
  },
  "execution_memory": {
    "total_memory_mb": 250028.0,
    "layer_memory_total_mb": [
      11596.647671508788,
      12594.722671508789,
      12594.722671508789,
      12594.722671508789,
      12594.722671508789,
      12594.722671508789,
      12594.722671508789,
      12594.722671508789,
      12594.722671508789,
      12594.722671508789,
      12594.722671508789,
      12594.722671508789,
      12594.722671508789,
      12594.722671508789,
      12594.722671508789,
      12594.722671508789,
      96.05875396728516
    ]
  }
}