{
  "model": {
    "model_name": "moe_10B",
    "num_layers": 17,
    "parameters": {
      "total_parameters_bytes": 38667697192,
      "parameters_per_layer_bytes": [
        2416730112,
        2416730112,
        2416730112,
        2416730112,
        2416730112,
        2416730112,
        2416730112,
        2416730112,
        2416730112,
        2416730112,
        2416730112,
        2416730112,
        2416730112,
        2416730112,
        2416730112,
        2416730112,
        15400
      ],
      "activation_parameters_bytes": [
        58195980,
        58195980,
        58195980,
        58195980,
        58195980,
        58195980,
        58195980,
        58195980,
        58195980,
        58195980,
        58195980,
        58195980,
        58195980,
        58195980,
        58195980,
        58195980,
        81920
      ]
    }
  },
  "execution_time": {
    "total_time_ms": 247.88519248364426,
    "forward_backward_time_ms": 108.62571941473078,
    "batch_generator_time_ms": 0.7704432561821225,
    "layernorm_grads_all_reduce_time_ms": null,
    "embedding_grads_all_reduce_time_ms": null,
    "optimizer_time_ms": 138.48902981273136,
    "layer_compute_total_ms": [
      3.6487810483848224,
      7.415810751728371,
      7.399918062063404,
      7.434675066192188,
      6.0865259370778695,
      6.892276498277452,
      6.948759381491169,
      7.037930137492249,
      7.354463208658756,
      6.88052207129533,
      6.8910658363223645,
      6.818161974590551,
      6.913936341255744,
      6.87917933712696,
      6.858796192210397,
      6.903040383659957,
      0.2618771869031945
    ]
  },
  "execution_memory": {
    "total_memory_mb": 186516.0,
    "layer_memory_total_mb": [
      9293.5501373291,
      9324.582168579102,
      9324.582168579102,
      9324.582168579102,
      9324.582168579102,
      9324.582168579102,
      9324.582168579102,
      9324.582168579102,
      9324.582168579102,
      9324.582168579102,
      9324.582168579102,
      9324.582168579102,
      9324.582168579102,
      9324.582168579102,
      9324.582168579102,
      9324.582168579102,
      3.0587539672851562
    ]
  }
}