{
  "model": {
    "model_name": "moe_10B",
    "num_layers": 17,
    "parameters": {
      "total_parameters_bytes": 38667697192,
      "parameters_per_layer_bytes": [
        2416730112,
        2416730112,
        2416730112,
        2416730112,
        2416730112,
        2416730112,
        2416730112,
        2416730112,
        2416730112,
        2416730112,
        2416730112,
        2416730112,
        2416730112,
        2416730112,
        2416730112,
        2416730112,
        15400
      ],
      "activation_parameters_bytes": [
        232783884,
        232783884,
        232783884,
        232783884,
        232783884,
        232783884,
        232783884,
        232783884,
        232783884,
        232783884,
        232783884,
        232783884,
        232783884,
        232783884,
        232783884,
        232783884,
        327680
      ]
    }
  },
  "execution_time": {
    "total_time_ms": 313.6144953733246,
    "forward_backward_time_ms": 173.44031216725364,
    "batch_generator_time_ms": 2.969841823971766,
    "layernorm_grads_all_reduce_time_ms": null,
    "embedding_grads_all_reduce_time_ms": null,
    "optimizer_time_ms": 137.20434138209916,
    "layer_compute_total_ms": [
      5.212802210109012,
      11.488367508464904,
      11.3993728487482,
      11.430497867011722,
      8.523786560988881,
      11.160498238991668,
      11.060607621679178,
      11.188959800953997,
      13.004600541016458,
      11.061840295669812,
      10.997477103730253,
      10.9405099557345,
      11.417422717896777,
      11.236505797735614,
      11.191579233184095,
      11.63930403621099,
      0.4861798291275832
    ]
  },
  "execution_memory": {
    "total_memory_mb": 192410.0,
    "layer_memory_total_mb": [
      9516.009878540039,
      9641.047378540039,
      9641.047378540039,
      9641.047378540039,
      9641.047378540039,
      9641.047378540039,
      9641.047378540039,
      9641.047378540039,
      9641.047378540039,
      9641.047378540039,
      9641.047378540039,
      9641.047378540039,
      9641.047378540039,
      9641.047378540039,
      9641.047378540039,
      9641.047378540039,
      12.058753967285156
    ]
  }
}